ISO-10303-21;
HEADER;
/* Generated by software containing ST-Developer
 * from STEP Tools, Inc. (www.steptools.com) 
 */
/* OPTION: using custom renumber hook */

FILE_DESCRIPTION(
/* description */ ('STEP AP242',
'CAx-IF Rec.Pracs.---Representation and Presentation of Product Manufa
cturing Information (PMI)---4.0---2014-10-13',
'CAx-IF Rec.Pracs.---3D Tessellated Geometry---0.4---2014-09-14','2;1'),

/* implementation_level */ '2;1');

FILE_NAME(
/* name */ '671bf4f29619ee7ae1caa93c',
/* time_stamp */ '2024-10-25T19:43:47Z',
/* author */ (''),
/* organization */ (''),
/* preprocessor_version */ 'ST-DEVELOPER v20',
/* originating_system */ '  ',
/* authorisation */ '  ');

FILE_SCHEMA (('AP242_MANAGED_MODEL_BASED_3D_ENGINEERING_MIM_LF { 1 0 10303 442 1 1 4 }'));
ENDSEC;

DATA;
#10=SPHERICAL_SURFACE('',#7708,0.01);
#11=SPHERICAL_SURFACE('',#7713,0.01);
#12=B_SPLINE_SURFACE_WITH_KNOTS('',3,1,((#11151,#11152),(#11153,#11154),
(#11155,#11156),(#11157,#11158),(#11159,#11160),(#11161,#11162),(#11163,
#11164),(#11165,#11166),(#11167,#11168),(#11169,#11170),(#11171,#11172),
(#11173,#11174),(#11175,#11176),(#11177,#11178),(#11179,#11180),(#11181,
#11182),(#11183,#11184),(#11185,#11186),(#11187,#11188)),
 .SURF_OF_LINEAR_EXTRUSION.,.T.,.F.,.F.,(1,1,1,1,1,1,1,1,1,1,1,1,1,1,1,
1,1,1,1,1,1,1,1),(2,2),(-1.17809724509617,-0.785398163397448,-0.392699081698725,
0.,0.392699081698724,0.785398163397448,1.17809724509617,1.5707963267949,
1.96349540849362,2.35619449019234,2.74889357189107,3.14159265358979,3.53429173528852,
3.92699081698724,4.31968989868597,4.71238898038469,5.10508806208341,5.49778714378214,
5.89048622548086,6.28318530717959,6.67588438887831,7.06858347057703,7.46128255227576),
(0.,1.),.UNSPECIFIED.);
#13=OVER_RIDING_STYLED_ITEM('',(#7303),#6919,#7286);
#14=OVER_RIDING_STYLED_ITEM('',(#7304),#6920,#7286);
#15=OVER_RIDING_STYLED_ITEM('',(#7308),#6940,#7289);
#16=CONICAL_SURFACE('',#7646,0.06,0.785398163397446);
#17=CONICAL_SURFACE('',#7648,0.0235,0.785398163397448);
#18=CONICAL_SURFACE('',#7650,0.06,0.785398163397451);
#19=CONICAL_SURFACE('',#7652,0.063,0.785398163397449);
#20=CONICAL_SURFACE('',#7654,0.063,0.785398163397451);
#21=CONICAL_SURFACE('',#7757,0.007,0.785398163397449);
#22=CONICAL_SURFACE('',#7758,0.007,0.785398163397449);
#23=CONICAL_SURFACE('',#7759,0.01,0.785398163438497);
#24=CONICAL_SURFACE('',#7760,0.01,0.785398163438497);
#25=CONICAL_SURFACE('',#7779,0.05,0.785398163397449);
#26=CONICAL_SURFACE('',#7780,0.0235,0.785398163397448);
#27=CONICAL_SURFACE('',#7782,0.05,0.785398163397449);
#28=CONICAL_SURFACE('',#7788,0.053,0.785398163397448);
#29=CONICAL_SURFACE('',#7791,0.053,0.785398163397449);
#30=CONICAL_SURFACE('',#8028,0.006,0.785398163397449);
#31=CONICAL_SURFACE('',#8090,0.009,0.785398163397448);
#32=CONICAL_SURFACE('',#8094,0.009,0.785398163397448);
#33=CONICAL_SURFACE('',#8098,0.009,0.785398163397448);
#34=CONICAL_SURFACE('',#8102,0.009,0.785398163397448);
#35=B_SPLINE_CURVE_WITH_KNOTS('',3,(#10965,#10966,#10967,#10968,#10969,
#10970),.UNSPECIFIED.,.F.,.F.,(4,1,1,4),(0.,0.00559515902658514,0.0083927385398777,
0.0111903180531703),.UNSPECIFIED.);
#36=B_SPLINE_CURVE_WITH_KNOTS('',3,(#10974,#10975,#10976,#10977,#10978,
#10979),.UNSPECIFIED.,.F.,.F.,(4,1,1,4),(0.,0.00557211240310933,0.008358168604664,
0.0111442248062187),.UNSPECIFIED.);
#37=B_SPLINE_CURVE_WITH_KNOTS('',3,(#10980,#10981,#10982,#10983,#10984,
#10985),.UNSPECIFIED.,.F.,.F.,(4,1,1,4),(1.73472347597681E-18,0.00559515902658532,
0.00839273853987797,0.0111903180531706),.UNSPECIFIED.);
#38=B_SPLINE_CURVE_WITH_KNOTS('',3,(#10986,#10987,#10988,#10989,#10990,
#10991),.UNSPECIFIED.,.F.,.F.,(4,1,1,4),(0.,0.00557211240310952,0.00835816860466428,
0.011144224806219),.UNSPECIFIED.);
#39=B_SPLINE_CURVE_WITH_KNOTS('',3,(#11030,#11031,#11032,#11033),
 .UNSPECIFIED.,.F.,.F.,(4,4),(0.,0.000856596107891191),.UNSPECIFIED.);
#40=B_SPLINE_CURVE_WITH_KNOTS('',3,(#11046,#11047,#11048,#11049),
 .UNSPECIFIED.,.F.,.F.,(4,4),(0.,0.000856596107893155),.UNSPECIFIED.);
#41=B_SPLINE_CURVE_WITH_KNOTS('',3,(#11258,#11259,#11260,#11261,#11262),
 .UNSPECIFIED.,.F.,.F.,(4,1,4),(0.0271066880757369,0.0317553266219249,0.0364039651681129),
 .UNSPECIFIED.);
#42=B_SPLINE_CURVE_WITH_KNOTS('',3,(#11266,#11267,#11268,#11269,#11270),
 .UNSPECIFIED.,.F.,.F.,(4,1,4),(0.0588138940001121,0.0634584102756419,0.0681029265511716),
 .UNSPECIFIED.);
#43=B_SPLINE_CURVE_WITH_KNOTS('',3,(#11284,#11285,#11286,#11287),
 .UNSPECIFIED.,.F.,.F.,(4,4),(0.000808423742312315,0.00613382452492819),
 .UNSPECIFIED.);
#44=B_SPLINE_CURVE_WITH_KNOTS('',3,(#11410,#11411,#11412,#11413),
 .UNSPECIFIED.,.F.,.F.,(4,4),(0.000808423742196316,0.00613382452495168),
 .UNSPECIFIED.);
#45=B_SPLINE_CURVE_WITH_KNOTS('',3,(#11416,#11417,#11418,#11419),
 .UNSPECIFIED.,.F.,.F.,(4,4),(0.0136892826027284,0.019053894689452),
 .UNSPECIFIED.);
#46=B_SPLINE_CURVE_WITH_KNOTS('',3,(#11424,#11425,#11426,#11427),
 .UNSPECIFIED.,.F.,.F.,(4,4),(0.0136892826026441,0.0190538946869574),
 .UNSPECIFIED.);
#47=B_SPLINE_CURVE_WITH_KNOTS('',3,(#11455,#11456,#11457,#11458,#11459,
#11460),.UNSPECIFIED.,.F.,.F.,(4,1,1,4),(0.,0.00545718943885742,0.00818578415828613,
0.0109143788777148),.UNSPECIFIED.);
#48=B_SPLINE_CURVE_WITH_KNOTS('',3,(#11465,#11466,#11467,#11468,#11469,
#11470),.UNSPECIFIED.,.F.,.F.,(4,1,1,4),(2.22152998685417E-17,0.00543274239625671,
0.00814911359438506,0.0108654847925134),.UNSPECIFIED.);
#49=B_SPLINE_CURVE_WITH_KNOTS('',3,(#11855,#11856,#11857,#11858,#11859,
#11860,#11861,#11862,#11863,#11864,#11865),.UNSPECIFIED.,.T.,.F.,(1,1,1,
1,1,1,1,1,1,1,1,1,1,1,1),(-0.00852077570414899,-0.00568051713609933,-0.00284025856804966,
7.94828414707506E-21,0.00284025856804966,0.00568051713609933,0.00852077570414899,
0.0113610342721987,0.0142012928402483,0.017041551408298,0.0198818099763476,
0.0227220685443973,0.025562327112447,0.0284025856804966,0.0312428442485463),
 .UNSPECIFIED.);
#50=B_SPLINE_CURVE_WITH_KNOTS('',3,(#12112,#12113,#12114,#12115,#12116,
#12117,#12118,#12119,#12120),.UNSPECIFIED.,.F.,.F.,(4,1,1,1,1,1,4),(3.18381086847603E-7,
0.00484099098446979,0.00726132728616127,0.00968166358785274,0.0121019998895442,
0.0145223361912357,0.0193630087946186),.UNSPECIFIED.);
#51=B_SPLINE_CURVE_WITH_KNOTS('',3,(#12125,#12126,#12127,#12128,#12129,
#12130,#12131,#12132,#12133,#12134,#12135,#12136),.UNSPECIFIED.,.F.,.F.,
(4,1,1,1,1,1,1,1,1,4),(0.,0.00308734914215986,0.00617469828431972,0.00926204742647958,
0.0123493965686394,0.0138930711397194,0.0154367457107993,0.0185240948529592,
0.021611443995119,0.0246987931372789),.UNSPECIFIED.);
#52=B_SPLINE_CURVE_WITH_KNOTS('',3,(#12142,#12143,#12144,#12145,#12146,
#12147,#12148,#12149,#12150),.UNSPECIFIED.,.F.,.F.,(4,1,1,1,1,1,4),(3.18381086797827E-7,
0.00484099098446974,0.00726132728616121,0.00968166358785269,0.0121019998895442,
0.0145223361912356,0.0193630087946186),.UNSPECIFIED.);
#53=B_SPLINE_CURVE_WITH_KNOTS('',3,(#12155,#12156,#12157,#12158,#12159,
#12160,#12161,#12162,#12163,#12164,#12165,#12166),.UNSPECIFIED.,.F.,.F.,
(4,1,1,1,1,1,1,1,1,4),(0.,0.00308734914215986,0.00617469828431972,0.00926204742647958,
0.0123493965686394,0.0138930711397194,0.0154367457107993,0.0185240948529592,
0.021611443995119,0.0246987931372789),.UNSPECIFIED.);
#54=B_SPLINE_CURVE_WITH_KNOTS('',3,(#12172,#12173,#12174,#12175,#12176,
#12177,#12178,#12179,#12180),.UNSPECIFIED.,.F.,.F.,(4,1,1,1,1,1,4),(3.18381086766623E-7,
0.0048409909844697,0.00726132728616117,0.00968166358785264,0.0121019998895441,
0.0145223361912356,0.0193630087946185),.UNSPECIFIED.);
#55=B_SPLINE_CURVE_WITH_KNOTS('',3,(#12185,#12186,#12187,#12188,#12189,
#12190,#12191,#12192,#12193,#12194,#12195,#12196),.UNSPECIFIED.,.F.,.F.,
(4,1,1,1,1,1,1,1,1,4),(0.,0.00308734914215986,0.00617469828431972,0.00926204742647958,
0.0123493965686394,0.0138930711397194,0.0154367457107993,0.0185240948529592,
0.021611443995119,0.0246987931372789),.UNSPECIFIED.);
#56=B_SPLINE_CURVE_WITH_KNOTS('',3,(#12202,#12203,#12204,#12205,#12206,
#12207,#12208,#12209,#12210),.UNSPECIFIED.,.F.,.F.,(4,1,1,1,1,1,4),(3.183810868552E-7,
0.00484099098446981,0.00726132728616128,0.00968166358785276,0.0121019998895442,
0.0145223361912357,0.0193630087946187),.UNSPECIFIED.);
#57=B_SPLINE_CURVE_WITH_KNOTS('',3,(#12215,#12216,#12217,#12218,#12219,
#12220,#12221,#12222,#12223,#12224,#12225,#12226),.UNSPECIFIED.,.F.,.F.,
(4,1,1,1,1,1,1,1,1,4),(0.,0.00308734914215986,0.00617469828431972,0.00926204742647958,
0.0123493965686394,0.0138930711397194,0.0154367457107993,0.0185240948529592,
0.021611443995119,0.0246987931372789),.UNSPECIFIED.);
#58=B_SPLINE_CURVE_WITH_KNOTS('',3,(#12685,#12686,#12687,#12688,#12689,
#12690,#12691,#12692,#12693,#12694,#12695,#12696,#12697),.UNSPECIFIED.,
 .F.,.F.,(4,1,1,1,1,1,1,1,1,1,4),(0.,0.00146719720191923,0.00293439440383845,
0.00440159160575768,0.0051351902067173,0.00586878880767691,0.00660238740863652,
0.00733598600959614,0.00880318321151536,0.0102703804134346,0.0117375776153538),
 .UNSPECIFIED.);
#59=ELLIPSE('',#7573,0.0374766594028869,0.0265);
#60=ELLIPSE('',#7575,0.037476659402887,0.0265);
#61=ELLIPSE('',#7595,0.0154548132206251,0.004);
#62=ELLIPSE('',#7638,0.0154548132206251,0.004);
#63=ELLIPSE('',#7672,0.0154548132206251,0.004);
#64=ELLIPSE('',#7673,0.0154548132206251,0.004);
#65=ELLIPSE('',#7732,0.00433041252039513,0.00420111722919678);
#66=ELLIPSE('',#7992,0.00707106781186547,0.005);
#67=ELLIPSE('',#7994,0.00707106781186547,0.005);
#68=DRAUGHTING_PRE_DEFINED_COLOUR('red');
#69=CONTEXT_DEPENDENT_SHAPE_REPRESENTATION(#237,#13047);
#70=CONTEXT_DEPENDENT_SHAPE_REPRESENTATION(#238,#13049);
#71=CONTEXT_DEPENDENT_SHAPE_REPRESENTATION(#239,#13050);
#72=CONTEXT_DEPENDENT_SHAPE_REPRESENTATION(#240,#13052);
#73=CONTEXT_DEPENDENT_SHAPE_REPRESENTATION(#241,#13054);
#74=CONTEXT_DEPENDENT_SHAPE_REPRESENTATION(#242,#13055);
#75=CONTEXT_DEPENDENT_SHAPE_REPRESENTATION(#243,#13058);
#76=CONTEXT_DEPENDENT_SHAPE_REPRESENTATION(#244,#13060);
#77=CONTEXT_DEPENDENT_SHAPE_REPRESENTATION(#245,#13062);
#78=CONTEXT_DEPENDENT_SHAPE_REPRESENTATION(#246,#13064);
#79=CONTEXT_DEPENDENT_SHAPE_REPRESENTATION(#247,#13065);
#80=CONTEXT_DEPENDENT_SHAPE_REPRESENTATION(#248,#13068);
#81=CONTEXT_DEPENDENT_SHAPE_REPRESENTATION(#249,#13070);
#82=CONTEXT_DEPENDENT_SHAPE_REPRESENTATION(#250,#13072);
#83=CONTEXT_DEPENDENT_SHAPE_REPRESENTATION(#251,#13073);
#84=CONTEXT_DEPENDENT_SHAPE_REPRESENTATION(#252,#13074);
#85=CONTEXT_DEPENDENT_SHAPE_REPRESENTATION(#253,#13076);
#86=CONTEXT_DEPENDENT_SHAPE_REPRESENTATION(#254,#13077);
#87=CONTEXT_DEPENDENT_SHAPE_REPRESENTATION(#255,#13078);
#88=CONTEXT_DEPENDENT_SHAPE_REPRESENTATION(#256,#13079);
#89=CONTEXT_DEPENDENT_SHAPE_REPRESENTATION(#257,#13080);
#90=CONTEXT_DEPENDENT_SHAPE_REPRESENTATION(#258,#13082);
#91=CONTEXT_DEPENDENT_SHAPE_REPRESENTATION(#259,#13083);
#92=CONTEXT_DEPENDENT_SHAPE_REPRESENTATION(#260,#13084);
#93=CONTEXT_DEPENDENT_SHAPE_REPRESENTATION(#261,#13085);
#94=CONTEXT_DEPENDENT_SHAPE_REPRESENTATION(#262,#13086);
#95=CONTEXT_DEPENDENT_SHAPE_REPRESENTATION(#263,#13088);
#96=CONTEXT_DEPENDENT_SHAPE_REPRESENTATION(#264,#13089);
#97=CONTEXT_DEPENDENT_SHAPE_REPRESENTATION(#265,#13090);
#98=CONTEXT_DEPENDENT_SHAPE_REPRESENTATION(#266,#13091);
#99=CONTEXT_DEPENDENT_SHAPE_REPRESENTATION(#267,#13092);
#100=CONTEXT_DEPENDENT_SHAPE_REPRESENTATION(#268,#13093);
#101=CONTEXT_DEPENDENT_SHAPE_REPRESENTATION(#269,#13095);
#102=CONTEXT_DEPENDENT_SHAPE_REPRESENTATION(#270,#13096);
#103=CONTEXT_DEPENDENT_SHAPE_REPRESENTATION(#271,#13097);
#104=CONTEXT_DEPENDENT_SHAPE_REPRESENTATION(#272,#13098);
#105=CONTEXT_DEPENDENT_SHAPE_REPRESENTATION(#273,#13099);
#106=CONTEXT_DEPENDENT_SHAPE_REPRESENTATION(#274,#13100);
#107=CONTEXT_DEPENDENT_SHAPE_REPRESENTATION(#275,#13102);
#108=CONTEXT_DEPENDENT_SHAPE_REPRESENTATION(#276,#13103);
#109=CONTEXT_DEPENDENT_SHAPE_REPRESENTATION(#277,#13104);
#110=CONTEXT_DEPENDENT_SHAPE_REPRESENTATION(#278,#13105);
#111=CONTEXT_DEPENDENT_SHAPE_REPRESENTATION(#279,#13106);
#112=CONTEXT_DEPENDENT_SHAPE_REPRESENTATION(#280,#13108);
#113=CONTEXT_DEPENDENT_SHAPE_REPRESENTATION(#281,#13109);
#114=CONTEXT_DEPENDENT_SHAPE_REPRESENTATION(#282,#13110);
#115=CONTEXT_DEPENDENT_SHAPE_REPRESENTATION(#283,#13111);
#116=CONTEXT_DEPENDENT_SHAPE_REPRESENTATION(#284,#13112);
#117=CONTEXT_DEPENDENT_SHAPE_REPRESENTATION(#285,#13114);
#118=CONTEXT_DEPENDENT_SHAPE_REPRESENTATION(#286,#13115);
#119=CONTEXT_DEPENDENT_SHAPE_REPRESENTATION(#287,#13116);
#120=CONTEXT_DEPENDENT_SHAPE_REPRESENTATION(#288,#13117);
#121=CONTEXT_DEPENDENT_SHAPE_REPRESENTATION(#289,#13118);
#122=CONTEXT_DEPENDENT_SHAPE_REPRESENTATION(#290,#13120);
#123=CONTEXT_DEPENDENT_SHAPE_REPRESENTATION(#291,#13121);
#124=CONTEXT_DEPENDENT_SHAPE_REPRESENTATION(#292,#13122);
#125=CONTEXT_DEPENDENT_SHAPE_REPRESENTATION(#293,#13123);
#126=CONTEXT_DEPENDENT_SHAPE_REPRESENTATION(#294,#13124);
#127=CONTEXT_DEPENDENT_SHAPE_REPRESENTATION(#295,#13127);
#128=CONTEXT_DEPENDENT_SHAPE_REPRESENTATION(#296,#13129);
#129=CONTEXT_DEPENDENT_SHAPE_REPRESENTATION(#297,#13130);
#130=CONTEXT_DEPENDENT_SHAPE_REPRESENTATION(#298,#13132);
#131=CONTEXT_DEPENDENT_SHAPE_REPRESENTATION(#299,#13133);
#132=CONTEXT_DEPENDENT_SHAPE_REPRESENTATION(#300,#13134);
#133=CONTEXT_DEPENDENT_SHAPE_REPRESENTATION(#301,#13135);
#134=CONTEXT_DEPENDENT_SHAPE_REPRESENTATION(#302,#13136);
#135=CONTEXT_DEPENDENT_SHAPE_REPRESENTATION(#303,#13137);
#136=CONTEXT_DEPENDENT_SHAPE_REPRESENTATION(#304,#13139);
#137=CONTEXT_DEPENDENT_SHAPE_REPRESENTATION(#305,#13140);
#138=CONTEXT_DEPENDENT_SHAPE_REPRESENTATION(#306,#13141);
#139=CONTEXT_DEPENDENT_SHAPE_REPRESENTATION(#307,#13142);
#140=CONTEXT_DEPENDENT_SHAPE_REPRESENTATION(#308,#13144);
#141=CONTEXT_DEPENDENT_SHAPE_REPRESENTATION(#309,#13145);
#142=CONTEXT_DEPENDENT_SHAPE_REPRESENTATION(#310,#13146);
#143=CONTEXT_DEPENDENT_SHAPE_REPRESENTATION(#311,#13147);
#144=CONTEXT_DEPENDENT_SHAPE_REPRESENTATION(#312,#13148);
#145=CONTEXT_DEPENDENT_SHAPE_REPRESENTATION(#313,#13149);
#146=CONTEXT_DEPENDENT_SHAPE_REPRESENTATION(#314,#13150);
#147=CONTEXT_DEPENDENT_SHAPE_REPRESENTATION(#315,#13152);
#148=CONTEXT_DEPENDENT_SHAPE_REPRESENTATION(#316,#13153);
#149=CONTEXT_DEPENDENT_SHAPE_REPRESENTATION(#317,#13154);
#150=CONTEXT_DEPENDENT_SHAPE_REPRESENTATION(#318,#13155);
#151=CONTEXT_DEPENDENT_SHAPE_REPRESENTATION(#319,#13156);
#152=CONTEXT_DEPENDENT_SHAPE_REPRESENTATION(#320,#13157);
#153=NEXT_ASSEMBLY_USAGE_OCCURRENCE('NAUO1',
'Wire Clamp - Upper Leg - Top','Wire Clamp - Upper Leg - Top',#13159,#13160,
'');
#154=NEXT_ASSEMBLY_USAGE_OCCURRENCE('NAUO2','Upper Leg','Upper Leg',#13159,
#13161,'');
#155=NEXT_ASSEMBLY_USAGE_OCCURRENCE('NAUO3',
'Wire Clamp - Upper Leg - Top','Wire Clamp - Upper Leg - Top',#13159,#13160,
'');
#156=NEXT_ASSEMBLY_USAGE_OCCURRENCE('NAUO4','MG4010E-i10v3',
'MG4010E-i10v3',#13159,#13162,'');
#157=NEXT_ASSEMBLY_USAGE_OCCURRENCE('NAUO5','Accent','Accent',#13159,#13163,
'');
#158=NEXT_ASSEMBLY_USAGE_OCCURRENCE('NAUO6','Upper Leg <1>',
'Upper Leg <1>',#13158,#13159,'');
#159=NEXT_ASSEMBLY_USAGE_OCCURRENCE('NAUO7','Lower Leg - Leg Inteface',
'Lower Leg - Leg Inteface',#13164,#13165,'');
#160=NEXT_ASSEMBLY_USAGE_OCCURRENCE('NAUO8','Foot - Ball','Foot - Ball',
#13164,#13166,'');
#161=NEXT_ASSEMBLY_USAGE_OCCURRENCE('NAUO9','Part 1','Part 1',#13164,#13167,
'');
#162=NEXT_ASSEMBLY_USAGE_OCCURRENCE('NAUO10','Leg Accent','Leg Accent',
#13164,#13168,'');
#163=NEXT_ASSEMBLY_USAGE_OCCURRENCE('NAUO11','Lower Leg <4>',
'Lower Leg <4>',#13158,#13164,'');
#164=NEXT_ASSEMBLY_USAGE_OCCURRENCE('NAUO12','Hip Motor Bracket - Base',
'Hip Motor Bracket - Base',#13169,#13170,'');
#165=NEXT_ASSEMBLY_USAGE_OCCURRENCE('NAUO13',
'Hip Motor Bracket - Riser','Hip Motor Bracket - Riser',#13169,#13171,
'');
#166=NEXT_ASSEMBLY_USAGE_OCCURRENCE('NAUO14','Hip Wire Clip',
'Hip Wire Clip',#13169,#13172,'');
#167=NEXT_ASSEMBLY_USAGE_OCCURRENCE('NAUO15','MG4010E-i10v3',
'MG4010E-i10v3',#13169,#13162,'');
#168=NEXT_ASSEMBLY_USAGE_OCCURRENCE('NAUO16','Hip <2>','Hip <2>',#13158,
#13169,'');
#169=NEXT_ASSEMBLY_USAGE_OCCURRENCE('NAUO17','Leg Accent','Leg Accent',
#13173,#13168,'');
#170=NEXT_ASSEMBLY_USAGE_OCCURRENCE('NAUO18','Part 1','Part 1',#13173,#13167,
'');
#171=NEXT_ASSEMBLY_USAGE_OCCURRENCE('NAUO19','Foot - Ball',
'Foot - Ball',#13173,#13166,'');
#172=NEXT_ASSEMBLY_USAGE_OCCURRENCE('NAUO20','Lower Leg - Leg Inteface',
'Lower Leg - Leg Inteface',#13173,#13165,'');
#173=NEXT_ASSEMBLY_USAGE_OCCURRENCE('NAUO21','Lower Leg <1>',
'Lower Leg <1>',#13158,#13173,'');
#174=NEXT_ASSEMBLY_USAGE_OCCURRENCE('NAUO22','Hip Wire Clip',
'Hip Wire Clip',#13174,#13172,'');
#175=NEXT_ASSEMBLY_USAGE_OCCURRENCE('NAUO23','Hip Motor Bracket - Base',
'Hip Motor Bracket - Base',#13174,#13170,'');
#176=NEXT_ASSEMBLY_USAGE_OCCURRENCE('NAUO24',
'Hip Motor Bracket - Riser','Hip Motor Bracket - Riser',#13174,#13171,
'');
#177=NEXT_ASSEMBLY_USAGE_OCCURRENCE('NAUO25','MG4010E-i10v3',
'MG4010E-i10v3',#13174,#13162,'');
#178=NEXT_ASSEMBLY_USAGE_OCCURRENCE('NAUO26','Hip <4>','Hip <4>',#13158,
#13174,'');
#179=NEXT_ASSEMBLY_USAGE_OCCURRENCE('NAUO27',
'Wire Clamp - Upper Leg - Top','Wire Clamp - Upper Leg - Top',#13175,#13160,
'');
#180=NEXT_ASSEMBLY_USAGE_OCCURRENCE('NAUO28','Upper Leg','Upper Leg',#13175,
#13161,'');
#181=NEXT_ASSEMBLY_USAGE_OCCURRENCE('NAUO29',
'Wire Clamp - Upper Leg - Top','Wire Clamp - Upper Leg - Top',#13175,#13160,
'');
#182=NEXT_ASSEMBLY_USAGE_OCCURRENCE('NAUO30','MG4010E-i10v3',
'MG4010E-i10v3',#13175,#13162,'');
#183=NEXT_ASSEMBLY_USAGE_OCCURRENCE('NAUO31','Accent','Accent',#13175,#13163,
'');
#184=NEXT_ASSEMBLY_USAGE_OCCURRENCE('NAUO32','Upper Leg <2>',
'Upper Leg <2>',#13158,#13175,'');
#185=NEXT_ASSEMBLY_USAGE_OCCURRENCE('NAUO33','MG4010E-i10v3',
'MG4010E-i10v3',#13176,#13162,'');
#186=NEXT_ASSEMBLY_USAGE_OCCURRENCE('NAUO34',
'Wire Clamp - Upper Leg - Top','Wire Clamp - Upper Leg - Top',#13176,#13160,
'');
#187=NEXT_ASSEMBLY_USAGE_OCCURRENCE('NAUO35',
'Wire Clamp - Upper Leg - Top','Wire Clamp - Upper Leg - Top',#13176,#13160,
'');
#188=NEXT_ASSEMBLY_USAGE_OCCURRENCE('NAUO36','Upper Leg','Upper Leg',#13176,
#13161,'');
#189=NEXT_ASSEMBLY_USAGE_OCCURRENCE('NAUO37','Accent','Accent',#13176,#13163,
'');
#190=NEXT_ASSEMBLY_USAGE_OCCURRENCE('NAUO38','Upper Leg <3>',
'Upper Leg <3>',#13158,#13176,'');
#191=NEXT_ASSEMBLY_USAGE_OCCURRENCE('NAUO39','MG4010E-i10v3',
'MG4010E-i10v3',#13177,#13162,'');
#192=NEXT_ASSEMBLY_USAGE_OCCURRENCE('NAUO40','Hip Wire Clip',
'Hip Wire Clip',#13177,#13172,'');
#193=NEXT_ASSEMBLY_USAGE_OCCURRENCE('NAUO41',
'Hip Motor Bracket - Riser','Hip Motor Bracket - Riser',#13177,#13171,
'');
#194=NEXT_ASSEMBLY_USAGE_OCCURRENCE('NAUO42','Hip Motor Bracket - Base',
'Hip Motor Bracket - Base',#13177,#13170,'');
#195=NEXT_ASSEMBLY_USAGE_OCCURRENCE('NAUO43','Hip <1>','Hip <1>',#13158,
#13177,'');
#196=NEXT_ASSEMBLY_USAGE_OCCURRENCE('NAUO44','Foot - Ball',
'Foot - Ball',#13178,#13166,'');
#197=NEXT_ASSEMBLY_USAGE_OCCURRENCE('NAUO45','Lower Leg - Leg Inteface',
'Lower Leg - Leg Inteface',#13178,#13165,'');
#198=NEXT_ASSEMBLY_USAGE_OCCURRENCE('NAUO46','Leg Accent','Leg Accent',
#13178,#13168,'');
#199=NEXT_ASSEMBLY_USAGE_OCCURRENCE('NAUO47','Part 1','Part 1',#13178,#13167,
'');
#200=NEXT_ASSEMBLY_USAGE_OCCURRENCE('NAUO48','Lower Leg <2>',
'Lower Leg <2>',#13158,#13178,'');
#201=NEXT_ASSEMBLY_USAGE_OCCURRENCE('NAUO49','Part 1','Part 1',#13179,#13167,
'');
#202=NEXT_ASSEMBLY_USAGE_OCCURRENCE('NAUO50','Lower Leg - Leg Inteface',
'Lower Leg - Leg Inteface',#13179,#13165,'');
#203=NEXT_ASSEMBLY_USAGE_OCCURRENCE('NAUO51','Leg Accent','Leg Accent',
#13179,#13168,'');
#204=NEXT_ASSEMBLY_USAGE_OCCURRENCE('NAUO52','Foot - Ball',
'Foot - Ball',#13179,#13166,'');
#205=NEXT_ASSEMBLY_USAGE_OCCURRENCE('NAUO53','Lower Leg <3>',
'Lower Leg <3>',#13158,#13179,'');
#206=NEXT_ASSEMBLY_USAGE_OCCURRENCE('NAUO54',
'Hip Motor Bracket - Riser','Hip Motor Bracket - Riser',#13180,#13171,
'');
#207=NEXT_ASSEMBLY_USAGE_OCCURRENCE('NAUO55','Hip Wire Clip',
'Hip Wire Clip',#13180,#13172,'');
#208=NEXT_ASSEMBLY_USAGE_OCCURRENCE('NAUO56','MG4010E-i10v3',
'MG4010E-i10v3',#13180,#13162,'');
#209=NEXT_ASSEMBLY_USAGE_OCCURRENCE('NAUO57','Hip Motor Bracket - Base',
'Hip Motor Bracket - Base',#13180,#13170,'');
#210=NEXT_ASSEMBLY_USAGE_OCCURRENCE('NAUO58','Hip <3>','Hip <3>',#13158,
#13180,'');
#211=NEXT_ASSEMBLY_USAGE_OCCURRENCE('NAUO59','Hip Plate','Hip Plate',#13181,
#13182,'');
#212=NEXT_ASSEMBLY_USAGE_OCCURRENCE('NAUO60','PCB to Tube Clip',
'PCB to Tube Clip',#13181,#13183,'');
#213=NEXT_ASSEMBLY_USAGE_OCCURRENCE('NAUO61','MG4010E-i10v3',
'MG4010E-i10v3',#13181,#13162,'');
#214=NEXT_ASSEMBLY_USAGE_OCCURRENCE('NAUO62',
'Carbon Fiber Tube 12mm OD 10mm ID','Carbon Fiber Tube 12mm OD 10mm ID',
#13181,#13184,'');
#215=NEXT_ASSEMBLY_USAGE_OCCURRENCE('NAUO63','MG4010E-i10v3',
'MG4010E-i10v3',#13181,#13162,'');
#216=NEXT_ASSEMBLY_USAGE_OCCURRENCE('NAUO64',
'Carbon Fiber Tube 12mm OD 10mm ID','Carbon Fiber Tube 12mm OD 10mm ID',
#13181,#13184,'');
#217=NEXT_ASSEMBLY_USAGE_OCCURRENCE('NAUO65','MG4010E-i10v3',
'MG4010E-i10v3',#13181,#13162,'');
#218=NEXT_ASSEMBLY_USAGE_OCCURRENCE('NAUO66',
'Carbon Fiber Tube 12mm OD 10mm ID','Carbon Fiber Tube 12mm OD 10mm ID',
#13181,#13184,'');
#219=NEXT_ASSEMBLY_USAGE_OCCURRENCE('NAUO67','Hip Plate','Hip Plate',#13181,
#13182,'');
#220=NEXT_ASSEMBLY_USAGE_OCCURRENCE('NAUO68','Splitloom Clip',
'Splitloom Clip',#13181,#13185,'');
#221=NEXT_ASSEMBLY_USAGE_OCCURRENCE('NAUO69','Splitloom Clip',
'Splitloom Clip',#13181,#13185,'');
#222=NEXT_ASSEMBLY_USAGE_OCCURRENCE('NAUO70','Splitloom Clip',
'Splitloom Clip',#13181,#13185,'');
#223=NEXT_ASSEMBLY_USAGE_OCCURRENCE('NAUO71','MG4010E-i10v3',
'MG4010E-i10v3',#13181,#13162,'');
#224=NEXT_ASSEMBLY_USAGE_OCCURRENCE('NAUO72','PCB Footprint',
'PCB Footprint',#13181,#13186,'');
#225=NEXT_ASSEMBLY_USAGE_OCCURRENCE('NAUO73','PCB to Tube Clip',
'PCB to Tube Clip',#13181,#13183,'');
#226=NEXT_ASSEMBLY_USAGE_OCCURRENCE('NAUO74','PCB to Tube Clip',
'PCB to Tube Clip',#13181,#13183,'');
#227=NEXT_ASSEMBLY_USAGE_OCCURRENCE('NAUO75','PCB to Tube Clip',
'PCB to Tube Clip',#13181,#13183,'');
#228=NEXT_ASSEMBLY_USAGE_OCCURRENCE('NAUO76',
'Carbon Fiber Tube 12mm OD 10mm ID','Carbon Fiber Tube 12mm OD 10mm ID',
#13181,#13184,'');
#229=NEXT_ASSEMBLY_USAGE_OCCURRENCE('NAUO77','Splitloom Clip',
'Splitloom Clip',#13181,#13185,'');
#230=NEXT_ASSEMBLY_USAGE_OCCURRENCE('NAUO78','Body <1>','Body <1>',#13158,
#13181,'');
#231=NEXT_ASSEMBLY_USAGE_OCCURRENCE('NAUO79','MG4010E-i10v3',
'MG4010E-i10v3',#13187,#13162,'');
#232=NEXT_ASSEMBLY_USAGE_OCCURRENCE('NAUO80','Accent','Accent',#13187,#13163,
'');
#233=NEXT_ASSEMBLY_USAGE_OCCURRENCE('NAUO81','Upper Leg','Upper Leg',#13187,
#13161,'');
#234=NEXT_ASSEMBLY_USAGE_OCCURRENCE('NAUO82',
'Wire Clamp - Upper Leg - Top','Wire Clamp - Upper Leg - Top',#13187,#13160,
'');
#235=NEXT_ASSEMBLY_USAGE_OCCURRENCE('NAUO83',
'Wire Clamp - Upper Leg - Top','Wire Clamp - Upper Leg - Top',#13187,#13160,
'');
#236=NEXT_ASSEMBLY_USAGE_OCCURRENCE('NAUO84','Upper Leg <4>',
'Upper Leg <4>',#13158,#13187,'');
#237=(
REPRESENTATION_RELATIONSHIP(' ',' ',#7467,#7466)
REPRESENTATION_RELATIONSHIP_WITH_TRANSFORMATION(#321)
SHAPE_REPRESENTATION_RELATIONSHIP()
);
#238=(
REPRESENTATION_RELATIONSHIP(' ',' ',#7468,#7466)
REPRESENTATION_RELATIONSHIP_WITH_TRANSFORMATION(#322)
SHAPE_REPRESENTATION_RELATIONSHIP()
);
#239=(
REPRESENTATION_RELATIONSHIP(' ',' ',#7467,#7466)
REPRESENTATION_RELATIONSHIP_WITH_TRANSFORMATION(#323)
SHAPE_REPRESENTATION_RELATIONSHIP()
);
#240=(
REPRESENTATION_RELATIONSHIP(' ',' ',#7469,#7466)
REPRESENTATION_RELATIONSHIP_WITH_TRANSFORMATION(#324)
SHAPE_REPRESENTATION_RELATIONSHIP()
);
#241=(
REPRESENTATION_RELATIONSHIP(' ',' ',#7470,#7466)
REPRESENTATION_RELATIONSHIP_WITH_TRANSFORMATION(#325)
SHAPE_REPRESENTATION_RELATIONSHIP()
);
#242=(
REPRESENTATION_RELATIONSHIP(' ',' ',#7466,#7465)
REPRESENTATION_RELATIONSHIP_WITH_TRANSFORMATION(#326)
SHAPE_REPRESENTATION_RELATIONSHIP()
);
#243=(
REPRESENTATION_RELATIONSHIP(' ',' ',#7472,#7471)
REPRESENTATION_RELATIONSHIP_WITH_TRANSFORMATION(#327)
SHAPE_REPRESENTATION_RELATIONSHIP()
);
#244=(
REPRESENTATION_RELATIONSHIP(' ',' ',#7473,#7471)
REPRESENTATION_RELATIONSHIP_WITH_TRANSFORMATION(#328)
SHAPE_REPRESENTATION_RELATIONSHIP()
);
#245=(
REPRESENTATION_RELATIONSHIP(' ',' ',#7474,#7471)
REPRESENTATION_RELATIONSHIP_WITH_TRANSFORMATION(#329)
SHAPE_REPRESENTATION_RELATIONSHIP()
);
#246=(
REPRESENTATION_RELATIONSHIP(' ',' ',#7475,#7471)
REPRESENTATION_RELATIONSHIP_WITH_TRANSFORMATION(#330)
SHAPE_REPRESENTATION_RELATIONSHIP()
);
#247=(
REPRESENTATION_RELATIONSHIP(' ',' ',#7471,#7465)
REPRESENTATION_RELATIONSHIP_WITH_TRANSFORMATION(#331)
SHAPE_REPRESENTATION_RELATIONSHIP()
);
#248=(
REPRESENTATION_RELATIONSHIP(' ',' ',#7477,#7476)
REPRESENTATION_RELATIONSHIP_WITH_TRANSFORMATION(#332)
SHAPE_REPRESENTATION_RELATIONSHIP()
);
#249=(
REPRESENTATION_RELATIONSHIP(' ',' ',#7478,#7476)
REPRESENTATION_RELATIONSHIP_WITH_TRANSFORMATION(#333)
SHAPE_REPRESENTATION_RELATIONSHIP()
);
#250=(
REPRESENTATION_RELATIONSHIP(' ',' ',#7479,#7476)
REPRESENTATION_RELATIONSHIP_WITH_TRANSFORMATION(#334)
SHAPE_REPRESENTATION_RELATIONSHIP()
);
#251=(
REPRESENTATION_RELATIONSHIP(' ',' ',#7469,#7476)
REPRESENTATION_RELATIONSHIP_WITH_TRANSFORMATION(#335)
SHAPE_REPRESENTATION_RELATIONSHIP()
);
#252=(
REPRESENTATION_RELATIONSHIP(' ',' ',#7476,#7465)
REPRESENTATION_RELATIONSHIP_WITH_TRANSFORMATION(#336)
SHAPE_REPRESENTATION_RELATIONSHIP()
);
#253=(
REPRESENTATION_RELATIONSHIP(' ',' ',#7475,#7480)
REPRESENTATION_RELATIONSHIP_WITH_TRANSFORMATION(#337)
SHAPE_REPRESENTATION_RELATIONSHIP()
);
#254=(
REPRESENTATION_RELATIONSHIP(' ',' ',#7474,#7480)
REPRESENTATION_RELATIONSHIP_WITH_TRANSFORMATION(#338)
SHAPE_REPRESENTATION_RELATIONSHIP()
);
#255=(
REPRESENTATION_RELATIONSHIP(' ',' ',#7473,#7480)
REPRESENTATION_RELATIONSHIP_WITH_TRANSFORMATION(#339)
SHAPE_REPRESENTATION_RELATIONSHIP()
);
#256=(
REPRESENTATION_RELATIONSHIP(' ',' ',#7472,#7480)
REPRESENTATION_RELATIONSHIP_WITH_TRANSFORMATION(#340)
SHAPE_REPRESENTATION_RELATIONSHIP()
);
#257=(
REPRESENTATION_RELATIONSHIP(' ',' ',#7480,#7465)
REPRESENTATION_RELATIONSHIP_WITH_TRANSFORMATION(#341)
SHAPE_REPRESENTATION_RELATIONSHIP()
);
#258=(
REPRESENTATION_RELATIONSHIP(' ',' ',#7479,#7481)
REPRESENTATION_RELATIONSHIP_WITH_TRANSFORMATION(#342)
SHAPE_REPRESENTATION_RELATIONSHIP()
);
#259=(
REPRESENTATION_RELATIONSHIP(' ',' ',#7477,#7481)
REPRESENTATION_RELATIONSHIP_WITH_TRANSFORMATION(#343)
SHAPE_REPRESENTATION_RELATIONSHIP()
);
#260=(
REPRESENTATION_RELATIONSHIP(' ',' ',#7478,#7481)
REPRESENTATION_RELATIONSHIP_WITH_TRANSFORMATION(#344)
SHAPE_REPRESENTATION_RELATIONSHIP()
);
#261=(
REPRESENTATION_RELATIONSHIP(' ',' ',#7469,#7481)
REPRESENTATION_RELATIONSHIP_WITH_TRANSFORMATION(#345)
SHAPE_REPRESENTATION_RELATIONSHIP()
);
#262=(
REPRESENTATION_RELATIONSHIP(' ',' ',#7481,#7465)
REPRESENTATION_RELATIONSHIP_WITH_TRANSFORMATION(#346)
SHAPE_REPRESENTATION_RELATIONSHIP()
);
#263=(
REPRESENTATION_RELATIONSHIP(' ',' ',#7467,#7482)
REPRESENTATION_RELATIONSHIP_WITH_TRANSFORMATION(#347)
SHAPE_REPRESENTATION_RELATIONSHIP()
);
#264=(
REPRESENTATION_RELATIONSHIP(' ',' ',#7468,#7482)
REPRESENTATION_RELATIONSHIP_WITH_TRANSFORMATION(#348)
SHAPE_REPRESENTATION_RELATIONSHIP()
);
#265=(
REPRESENTATION_RELATIONSHIP(' ',' ',#7467,#7482)
REPRESENTATION_RELATIONSHIP_WITH_TRANSFORMATION(#349)
SHAPE_REPRESENTATION_RELATIONSHIP()
);
#266=(
REPRESENTATION_RELATIONSHIP(' ',' ',#7469,#7482)
REPRESENTATION_RELATIONSHIP_WITH_TRANSFORMATION(#350)
SHAPE_REPRESENTATION_RELATIONSHIP()
);
#267=(
REPRESENTATION_RELATIONSHIP(' ',' ',#7470,#7482)
REPRESENTATION_RELATIONSHIP_WITH_TRANSFORMATION(#351)
SHAPE_REPRESENTATION_RELATIONSHIP()
);
#268=(
REPRESENTATION_RELATIONSHIP(' ',' ',#7482,#7465)
REPRESENTATION_RELATIONSHIP_WITH_TRANSFORMATION(#352)
SHAPE_REPRESENTATION_RELATIONSHIP()
);
#269=(
REPRESENTATION_RELATIONSHIP(' ',' ',#7469,#7483)
REPRESENTATION_RELATIONSHIP_WITH_TRANSFORMATION(#353)
SHAPE_REPRESENTATION_RELATIONSHIP()
);
#270=(
REPRESENTATION_RELATIONSHIP(' ',' ',#7467,#7483)
REPRESENTATION_RELATIONSHIP_WITH_TRANSFORMATION(#354)
SHAPE_REPRESENTATION_RELATIONSHIP()
);
#271=(
REPRESENTATION_RELATIONSHIP(' ',' ',#7467,#7483)
REPRESENTATION_RELATIONSHIP_WITH_TRANSFORMATION(#355)
SHAPE_REPRESENTATION_RELATIONSHIP()
);
#272=(
REPRESENTATION_RELATIONSHIP(' ',' ',#7468,#7483)
REPRESENTATION_RELATIONSHIP_WITH_TRANSFORMATION(#356)
SHAPE_REPRESENTATION_RELATIONSHIP()
);
#273=(
REPRESENTATION_RELATIONSHIP(' ',' ',#7470,#7483)
REPRESENTATION_RELATIONSHIP_WITH_TRANSFORMATION(#357)
SHAPE_REPRESENTATION_RELATIONSHIP()
);
#274=(
REPRESENTATION_RELATIONSHIP(' ',' ',#7483,#7465)
REPRESENTATION_RELATIONSHIP_WITH_TRANSFORMATION(#358)
SHAPE_REPRESENTATION_RELATIONSHIP()
);
#275=(
REPRESENTATION_RELATIONSHIP(' ',' ',#7469,#7484)
REPRESENTATION_RELATIONSHIP_WITH_TRANSFORMATION(#359)
SHAPE_REPRESENTATION_RELATIONSHIP()
);
#276=(
REPRESENTATION_RELATIONSHIP(' ',' ',#7479,#7484)
REPRESENTATION_RELATIONSHIP_WITH_TRANSFORMATION(#360)
SHAPE_REPRESENTATION_RELATIONSHIP()
);
#277=(
REPRESENTATION_RELATIONSHIP(' ',' ',#7478,#7484)
REPRESENTATION_RELATIONSHIP_WITH_TRANSFORMATION(#361)
SHAPE_REPRESENTATION_RELATIONSHIP()
);
#278=(
REPRESENTATION_RELATIONSHIP(' ',' ',#7477,#7484)
REPRESENTATION_RELATIONSHIP_WITH_TRANSFORMATION(#362)
SHAPE_REPRESENTATION_RELATIONSHIP()
);
#279=(
REPRESENTATION_RELATIONSHIP(' ',' ',#7484,#7465)
REPRESENTATION_RELATIONSHIP_WITH_TRANSFORMATION(#363)
SHAPE_REPRESENTATION_RELATIONSHIP()
);
#280=(
REPRESENTATION_RELATIONSHIP(' ',' ',#7473,#7485)
REPRESENTATION_RELATIONSHIP_WITH_TRANSFORMATION(#364)
SHAPE_REPRESENTATION_RELATIONSHIP()
);
#281=(
REPRESENTATION_RELATIONSHIP(' ',' ',#7472,#7485)
REPRESENTATION_RELATIONSHIP_WITH_TRANSFORMATION(#365)
SHAPE_REPRESENTATION_RELATIONSHIP()
);
#282=(
REPRESENTATION_RELATIONSHIP(' ',' ',#7475,#7485)
REPRESENTATION_RELATIONSHIP_WITH_TRANSFORMATION(#366)
SHAPE_REPRESENTATION_RELATIONSHIP()
);
#283=(
REPRESENTATION_RELATIONSHIP(' ',' ',#7474,#7485)
REPRESENTATION_RELATIONSHIP_WITH_TRANSFORMATION(#367)
SHAPE_REPRESENTATION_RELATIONSHIP()
);
#284=(
REPRESENTATION_RELATIONSHIP(' ',' ',#7485,#7465)
REPRESENTATION_RELATIONSHIP_WITH_TRANSFORMATION(#368)
SHAPE_REPRESENTATION_RELATIONSHIP()
);
#285=(
REPRESENTATION_RELATIONSHIP(' ',' ',#7474,#7486)
REPRESENTATION_RELATIONSHIP_WITH_TRANSFORMATION(#369)
SHAPE_REPRESENTATION_RELATIONSHIP()
);
#286=(
REPRESENTATION_RELATIONSHIP(' ',' ',#7472,#7486)
REPRESENTATION_RELATIONSHIP_WITH_TRANSFORMATION(#370)
SHAPE_REPRESENTATION_RELATIONSHIP()
);
#287=(
REPRESENTATION_RELATIONSHIP(' ',' ',#7475,#7486)
REPRESENTATION_RELATIONSHIP_WITH_TRANSFORMATION(#371)
SHAPE_REPRESENTATION_RELATIONSHIP()
);
#288=(
REPRESENTATION_RELATIONSHIP(' ',' ',#7473,#7486)
REPRESENTATION_RELATIONSHIP_WITH_TRANSFORMATION(#372)
SHAPE_REPRESENTATION_RELATIONSHIP()
);
#289=(
REPRESENTATION_RELATIONSHIP(' ',' ',#7486,#7465)
REPRESENTATION_RELATIONSHIP_WITH_TRANSFORMATION(#373)
SHAPE_REPRESENTATION_RELATIONSHIP()
);
#290=(
REPRESENTATION_RELATIONSHIP(' ',' ',#7478,#7487)
REPRESENTATION_RELATIONSHIP_WITH_TRANSFORMATION(#374)
SHAPE_REPRESENTATION_RELATIONSHIP()
);
#291=(
REPRESENTATION_RELATIONSHIP(' ',' ',#7479,#7487)
REPRESENTATION_RELATIONSHIP_WITH_TRANSFORMATION(#375)
SHAPE_REPRESENTATION_RELATIONSHIP()
);
#292=(
REPRESENTATION_RELATIONSHIP(' ',' ',#7469,#7487)
REPRESENTATION_RELATIONSHIP_WITH_TRANSFORMATION(#376)
SHAPE_REPRESENTATION_RELATIONSHIP()
);
#293=(
REPRESENTATION_RELATIONSHIP(' ',' ',#7477,#7487)
REPRESENTATION_RELATIONSHIP_WITH_TRANSFORMATION(#377)
SHAPE_REPRESENTATION_RELATIONSHIP()
);
#294=(
REPRESENTATION_RELATIONSHIP(' ',' ',#7487,#7465)
REPRESENTATION_RELATIONSHIP_WITH_TRANSFORMATION(#378)
SHAPE_REPRESENTATION_RELATIONSHIP()
);
#295=(
REPRESENTATION_RELATIONSHIP(' ',' ',#7489,#7488)
REPRESENTATION_RELATIONSHIP_WITH_TRANSFORMATION(#379)
SHAPE_REPRESENTATION_RELATIONSHIP()
);
#296=(
REPRESENTATION_RELATIONSHIP(' ',' ',#7490,#7488)
REPRESENTATION_RELATIONSHIP_WITH_TRANSFORMATION(#380)
SHAPE_REPRESENTATION_RELATIONSHIP()
);
#297=(
REPRESENTATION_RELATIONSHIP(' ',' ',#7469,#7488)
REPRESENTATION_RELATIONSHIP_WITH_TRANSFORMATION(#381)
SHAPE_REPRESENTATION_RELATIONSHIP()
);
#298=(
REPRESENTATION_RELATIONSHIP(' ',' ',#7491,#7488)
REPRESENTATION_RELATIONSHIP_WITH_TRANSFORMATION(#382)
SHAPE_REPRESENTATION_RELATIONSHIP()
);
#299=(
REPRESENTATION_RELATIONSHIP(' ',' ',#7469,#7488)
REPRESENTATION_RELATIONSHIP_WITH_TRANSFORMATION(#383)
SHAPE_REPRESENTATION_RELATIONSHIP()
);
#300=(
REPRESENTATION_RELATIONSHIP(' ',' ',#7491,#7488)
REPRESENTATION_RELATIONSHIP_WITH_TRANSFORMATION(#384)
SHAPE_REPRESENTATION_RELATIONSHIP()
);
#301=(
REPRESENTATION_RELATIONSHIP(' ',' ',#7469,#7488)
REPRESENTATION_RELATIONSHIP_WITH_TRANSFORMATION(#385)
SHAPE_REPRESENTATION_RELATIONSHIP()
);
#302=(
REPRESENTATION_RELATIONSHIP(' ',' ',#7491,#7488)
REPRESENTATION_RELATIONSHIP_WITH_TRANSFORMATION(#386)
SHAPE_REPRESENTATION_RELATIONSHIP()
);
#303=(
REPRESENTATION_RELATIONSHIP(' ',' ',#7489,#7488)
REPRESENTATION_RELATIONSHIP_WITH_TRANSFORMATION(#387)
SHAPE_REPRESENTATION_RELATIONSHIP()
);
#304=(
REPRESENTATION_RELATIONSHIP(' ',' ',#7492,#7488)
REPRESENTATION_RELATIONSHIP_WITH_TRANSFORMATION(#388)
SHAPE_REPRESENTATION_RELATIONSHIP()
);
#305=(
REPRESENTATION_RELATIONSHIP(' ',' ',#7492,#7488)
REPRESENTATION_RELATIONSHIP_WITH_TRANSFORMATION(#389)
SHAPE_REPRESENTATION_RELATIONSHIP()
);
#306=(
REPRESENTATION_RELATIONSHIP(' ',' ',#7492,#7488)
REPRESENTATION_RELATIONSHIP_WITH_TRANSFORMATION(#390)
SHAPE_REPRESENTATION_RELATIONSHIP()
);
#307=(
REPRESENTATION_RELATIONSHIP(' ',' ',#7469,#7488)
REPRESENTATION_RELATIONSHIP_WITH_TRANSFORMATION(#391)
SHAPE_REPRESENTATION_RELATIONSHIP()
);
#308=(
REPRESENTATION_RELATIONSHIP(' ',' ',#7493,#7488)
REPRESENTATION_RELATIONSHIP_WITH_TRANSFORMATION(#392)
SHAPE_REPRESENTATION_RELATIONSHIP()
);
#309=(
REPRESENTATION_RELATIONSHIP(' ',' ',#7490,#7488)
REPRESENTATION_RELATIONSHIP_WITH_TRANSFORMATION(#393)
SHAPE_REPRESENTATION_RELATIONSHIP()
);
#310=(
REPRESENTATION_RELATIONSHIP(' ',' ',#7490,#7488)
REPRESENTATION_RELATIONSHIP_WITH_TRANSFORMATION(#394)
SHAPE_REPRESENTATION_RELATIONSHIP()
);
#311=(
REPRESENTATION_RELATIONSHIP(' ',' ',#7490,#7488)
REPRESENTATION_RELATIONSHIP_WITH_TRANSFORMATION(#395)
SHAPE_REPRESENTATION_RELATIONSHIP()
);
#312=(
REPRESENTATION_RELATIONSHIP(' ',' ',#7491,#7488)
REPRESENTATION_RELATIONSHIP_WITH_TRANSFORMATION(#396)
SHAPE_REPRESENTATION_RELATIONSHIP()
);
#313=(
REPRESENTATION_RELATIONSHIP(' ',' ',#7492,#7488)
REPRESENTATION_RELATIONSHIP_WITH_TRANSFORMATION(#397)
SHAPE_REPRESENTATION_RELATIONSHIP()
);
#314=(
REPRESENTATION_RELATIONSHIP(' ',' ',#7488,#7465)
REPRESENTATION_RELATIONSHIP_WITH_TRANSFORMATION(#398)
SHAPE_REPRESENTATION_RELATIONSHIP()
);
#315=(
REPRESENTATION_RELATIONSHIP(' ',' ',#7469,#7494)
REPRESENTATION_RELATIONSHIP_WITH_TRANSFORMATION(#399)
SHAPE_REPRESENTATION_RELATIONSHIP()
);
#316=(
REPRESENTATION_RELATIONSHIP(' ',' ',#7470,#7494)
REPRESENTATION_RELATIONSHIP_WITH_TRANSFORMATION(#400)
SHAPE_REPRESENTATION_RELATIONSHIP()
);
#317=(
REPRESENTATION_RELATIONSHIP(' ',' ',#7468,#7494)
REPRESENTATION_RELATIONSHIP_WITH_TRANSFORMATION(#401)
SHAPE_REPRESENTATION_RELATIONSHIP()
);
#318=(
REPRESENTATION_RELATIONSHIP(' ',' ',#7467,#7494)
REPRESENTATION_RELATIONSHIP_WITH_TRANSFORMATION(#402)
SHAPE_REPRESENTATION_RELATIONSHIP()
);
#319=(
REPRESENTATION_RELATIONSHIP(' ',' ',#7467,#7494)
REPRESENTATION_RELATIONSHIP_WITH_TRANSFORMATION(#403)
SHAPE_REPRESENTATION_RELATIONSHIP()
);
#320=(
REPRESENTATION_RELATIONSHIP(' ',' ',#7494,#7465)
REPRESENTATION_RELATIONSHIP_WITH_TRANSFORMATION(#404)
SHAPE_REPRESENTATION_RELATIONSHIP()
);
#321=ITEM_DEFINED_TRANSFORMATION(' ',' ',#7495,#7530);
#322=ITEM_DEFINED_TRANSFORMATION(' ',' ',#7495,#7655);
#323=ITEM_DEFINED_TRANSFORMATION(' ',' ',#7495,#7656);
#324=ITEM_DEFINED_TRANSFORMATION(' ',' ',#7495,#7666);
#325=ITEM_DEFINED_TRANSFORMATION(' ',' ',#7495,#7679);
#326=ITEM_DEFINED_TRANSFORMATION(' ',' ',#7495,#7680);
#327=ITEM_DEFINED_TRANSFORMATION(' ',' ',#7495,#7707);
#328=ITEM_DEFINED_TRANSFORMATION(' ',' ',#7495,#7712);
#329=ITEM_DEFINED_TRANSFORMATION(' ',' ',#7495,#7812);
#330=ITEM_DEFINED_TRANSFORMATION(' ',' ',#7495,#7823);
#331=ITEM_DEFINED_TRANSFORMATION(' ',' ',#7495,#7824);
#332=ITEM_DEFINED_TRANSFORMATION(' ',' ',#7495,#7886);
#333=ITEM_DEFINED_TRANSFORMATION(' ',' ',#7495,#8004);
#334=ITEM_DEFINED_TRANSFORMATION(' ',' ',#7495,#8033);
#335=ITEM_DEFINED_TRANSFORMATION(' ',' ',#7495,#8034);
#336=ITEM_DEFINED_TRANSFORMATION(' ',' ',#7495,#8035);
#337=ITEM_DEFINED_TRANSFORMATION(' ',' ',#7495,#8036);
#338=ITEM_DEFINED_TRANSFORMATION(' ',' ',#7495,#8037);
#339=ITEM_DEFINED_TRANSFORMATION(' ',' ',#7495,#8038);
#340=ITEM_DEFINED_TRANSFORMATION(' ',' ',#7495,#8039);
#341=ITEM_DEFINED_TRANSFORMATION(' ',' ',#7495,#8040);
#342=ITEM_DEFINED_TRANSFORMATION(' ',' ',#7495,#8041);
#343=ITEM_DEFINED_TRANSFORMATION(' ',' ',#7495,#8042);
#344=ITEM_DEFINED_TRANSFORMATION(' ',' ',#7495,#8043);
#345=ITEM_DEFINED_TRANSFORMATION(' ',' ',#7495,#8044);
#346=ITEM_DEFINED_TRANSFORMATION(' ',' ',#7495,#8045);
#347=ITEM_DEFINED_TRANSFORMATION(' ',' ',#7495,#8046);
#348=ITEM_DEFINED_TRANSFORMATION(' ',' ',#7495,#8047);
#349=ITEM_DEFINED_TRANSFORMATION(' ',' ',#7495,#8048);
#350=ITEM_DEFINED_TRANSFORMATION(' ',' ',#7495,#8049);
#351=ITEM_DEFINED_TRANSFORMATION(' ',' ',#7495,#8050);
#352=ITEM_DEFINED_TRANSFORMATION(' ',' ',#7495,#8051);
#353=ITEM_DEFINED_TRANSFORMATION(' ',' ',#7495,#8052);
#354=ITEM_DEFINED_TRANSFORMATION(' ',' ',#7495,#8053);
#355=ITEM_DEFINED_TRANSFORMATION(' ',' ',#7495,#8054);
#356=ITEM_DEFINED_TRANSFORMATION(' ',' ',#7495,#8055);
#357=ITEM_DEFINED_TRANSFORMATION(' ',' ',#7495,#8056);
#358=ITEM_DEFINED_TRANSFORMATION(' ',' ',#7495,#8057);
#359=ITEM_DEFINED_TRANSFORMATION(' ',' ',#7495,#8058);
#360=ITEM_DEFINED_TRANSFORMATION(' ',' ',#7495,#8059);
#361=ITEM_DEFINED_TRANSFORMATION(' ',' ',#7495,#8060);
#362=ITEM_DEFINED_TRANSFORMATION(' ',' ',#7495,#8061);
#363=ITEM_DEFINED_TRANSFORMATION(' ',' ',#7495,#8062);
#364=ITEM_DEFINED_TRANSFORMATION(' ',' ',#7495,#8063);
#365=ITEM_DEFINED_TRANSFORMATION(' ',' ',#7495,#8064);
#366=ITEM_DEFINED_TRANSFORMATION(' ',' ',#7495,#8065);
#367=ITEM_DEFINED_TRANSFORMATION(' ',' ',#7495,#8066);
#368=ITEM_DEFINED_TRANSFORMATION(' ',' ',#7495,#8067);
#369=ITEM_DEFINED_TRANSFORMATION(' ',' ',#7495,#8068);
#370=ITEM_DEFINED_TRANSFORMATION(' ',' ',#7495,#8069);
#371=ITEM_DEFINED_TRANSFORMATION(' ',' ',#7495,#8070);
#372=ITEM_DEFINED_TRANSFORMATION(' ',' ',#7495,#8071);
#373=ITEM_DEFINED_TRANSFORMATION(' ',' ',#7495,#8072);
#374=ITEM_DEFINED_TRANSFORMATION(' ',' ',#7495,#8073);
#375=ITEM_DEFINED_TRANSFORMATION(' ',' ',#7495,#8074);
#376=ITEM_DEFINED_TRANSFORMATION(' ',' ',#7495,#8075);
#377=ITEM_DEFINED_TRANSFORMATION(' ',' ',#7495,#8076);
#378=ITEM_DEFINED_TRANSFORMATION(' ',' ',#7495,#8077);
#379=ITEM_DEFINED_TRANSFORMATION(' ',' ',#7495,#8309);
#380=ITEM_DEFINED_TRANSFORMATION(' ',' ',#7495,#8341);
#381=ITEM_DEFINED_TRANSFORMATION(' ',' ',#7495,#8342);
#382=ITEM_DEFINED_TRANSFORMATION(' ',' ',#7495,#8351);
#383=ITEM_DEFINED_TRANSFORMATION(' ',' ',#7495,#8352);
#384=ITEM_DEFINED_TRANSFORMATION(' ',' ',#7495,#8353);
#385=ITEM_DEFINED_TRANSFORMATION(' ',' ',#7495,#8354);
#386=ITEM_DEFINED_TRANSFORMATION(' ',' ',#7495,#8355);
#387=ITEM_DEFINED_TRANSFORMATION(' ',' ',#7495,#8356);
#388=ITEM_DEFINED_TRANSFORMATION(' ',' ',#7495,#8385);
#389=ITEM_DEFINED_TRANSFORMATION(' ',' ',#7495,#8386);
#390=ITEM_DEFINED_TRANSFORMATION(' ',' ',#7495,#8387);
#391=ITEM_DEFINED_TRANSFORMATION(' ',' ',#7495,#8388);
#392=ITEM_DEFINED_TRANSFORMATION(' ',' ',#7495,#8444);
#393=ITEM_DEFINED_TRANSFORMATION(' ',' ',#7495,#8445);
#394=ITEM_DEFINED_TRANSFORMATION(' ',' ',#7495,#8446);
#395=ITEM_DEFINED_TRANSFORMATION(' ',' ',#7495,#8447);
#396=ITEM_DEFINED_TRANSFORMATION(' ',' ',#7495,#8448);
#397=ITEM_DEFINED_TRANSFORMATION(' ',' ',#7495,#8449);
#398=ITEM_DEFINED_TRANSFORMATION(' ',' ',#7495,#8450);
#399=ITEM_DEFINED_TRANSFORMATION(' ',' ',#7495,#8451);
#400=ITEM_DEFINED_TRANSFORMATION(' ',' ',#7495,#8452);
#401=ITEM_DEFINED_TRANSFORMATION(' ',' ',#7495,#8453);
#402=ITEM_DEFINED_TRANSFORMATION(' ',' ',#7495,#8454);
#403=ITEM_DEFINED_TRANSFORMATION(' ',' ',#7495,#8455);
#404=ITEM_DEFINED_TRANSFORMATION(' ',' ',#7495,#8456);
#405=SHAPE_REPRESENTATION_RELATIONSHIP('','',#7467,#421);
#406=SHAPE_REPRESENTATION_RELATIONSHIP('','',#7468,#422);
#407=SHAPE_REPRESENTATION_RELATIONSHIP('','',#7469,#423);
#408=SHAPE_REPRESENTATION_RELATIONSHIP('','',#7470,#424);
#409=SHAPE_REPRESENTATION_RELATIONSHIP('','',#7472,#425);
#410=SHAPE_REPRESENTATION_RELATIONSHIP('','',#7473,#426);
#411=SHAPE_REPRESENTATION_RELATIONSHIP('','',#7474,#427);
#412=SHAPE_REPRESENTATION_RELATIONSHIP('','',#7475,#428);
#413=SHAPE_REPRESENTATION_RELATIONSHIP('','',#7477,#429);
#414=SHAPE_REPRESENTATION_RELATIONSHIP('','',#7478,#430);
#415=SHAPE_REPRESENTATION_RELATIONSHIP('','',#7479,#431);
#416=SHAPE_REPRESENTATION_RELATIONSHIP('','',#7489,#432);
#417=SHAPE_REPRESENTATION_RELATIONSHIP('','',#7490,#433);
#418=SHAPE_REPRESENTATION_RELATIONSHIP('','',#7491,#434);
#419=SHAPE_REPRESENTATION_RELATIONSHIP('','',#7492,#435);
#420=SHAPE_REPRESENTATION_RELATIONSHIP('','',#7493,#436);
#421=ADVANCED_BREP_SHAPE_REPRESENTATION('',(#7419),#12983);
#422=ADVANCED_BREP_SHAPE_REPRESENTATION('',(#7420),#12984);
#423=ADVANCED_BREP_SHAPE_REPRESENTATION('',(#7421),#12985);
#424=ADVANCED_BREP_SHAPE_REPRESENTATION('',(#7422),#12986);
#425=ADVANCED_BREP_SHAPE_REPRESENTATION('',(#7423),#12988);
#426=ADVANCED_BREP_SHAPE_REPRESENTATION('',(#7424),#12989);
#427=ADVANCED_BREP_SHAPE_REPRESENTATION('',(#7425),#12990);
#428=ADVANCED_BREP_SHAPE_REPRESENTATION('',(#7426),#12991);
#429=ADVANCED_BREP_SHAPE_REPRESENTATION('',(#7427),#12993);
#430=ADVANCED_BREP_SHAPE_REPRESENTATION('',(#7428),#12994);
#431=ADVANCED_BREP_SHAPE_REPRESENTATION('',(#7429),#12995);
#432=ADVANCED_BREP_SHAPE_REPRESENTATION('',(#7430),#13005);
#433=ADVANCED_BREP_SHAPE_REPRESENTATION('',(#7431),#13006);
#434=ADVANCED_BREP_SHAPE_REPRESENTATION('',(#7432),#13007);
#435=ADVANCED_BREP_SHAPE_REPRESENTATION('',(#7433),#13008);
#436=ADVANCED_BREP_SHAPE_REPRESENTATION('',(#7434),#13009);
#437=LINE('',#10779,#820);
#438=LINE('',#10781,#821);
#439=LINE('',#10783,#822);
#440=LINE('',#10785,#823);
#441=LINE('',#10789,#824);
#442=LINE('',#10791,#825);
#443=LINE('',#10793,#826);
#444=LINE('',#10795,#827);
#445=LINE('',#10797,#828);
#446=LINE('',#10802,#829);
#447=LINE('',#10804,#830);
#448=LINE('',#10806,#831);
#449=LINE('',#10808,#832);
#450=LINE('',#10812,#833);
#451=LINE('',#10814,#834);
#452=LINE('',#10816,#835);
#453=LINE('',#10824,#836);
#454=LINE('',#10826,#837);
#455=LINE('',#10828,#838);
#456=LINE('',#10830,#839);
#457=LINE('',#10835,#840);
#458=LINE('',#10839,#841);
#459=LINE('',#10874,#842);
#460=LINE('',#10878,#843);
#461=LINE('',#10890,#844);
#462=LINE('',#10894,#845);
#463=LINE('',#10931,#846);
#464=LINE('',#10934,#847);
#465=LINE('',#10936,#848);
#466=LINE('',#10938,#849);
#467=LINE('',#10946,#850);
#468=LINE('',#10950,#851);
#469=LINE('',#10952,#852);
#470=LINE('',#10954,#853);
#471=LINE('',#10958,#854);
#472=LINE('',#10972,#855);
#473=LINE('',#11017,#856);
#474=LINE('',#11022,#857);
#475=LINE('',#11072,#858);
#476=LINE('',#11074,#859);
#477=LINE('',#11076,#860);
#478=LINE('',#11078,#861);
#479=LINE('',#11082,#862);
#480=LINE('',#11084,#863);
#481=LINE('',#11100,#864);
#482=LINE('',#11102,#865);
#483=LINE('',#11104,#866);
#484=LINE('',#11106,#867);
#485=LINE('',#11109,#868);
#486=LINE('',#11112,#869);
#487=LINE('',#11131,#870);
#488=LINE('',#11134,#871);
#489=LINE('',#11136,#872);
#490=LINE('',#11138,#873);
#491=LINE('',#11142,#874);
#492=LINE('',#11146,#875);
#493=LINE('',#11148,#876);
#494=LINE('',#11150,#877);
#495=LINE('',#11274,#878);
#496=LINE('',#11278,#879);
#497=LINE('',#11280,#880);
#498=LINE('',#11282,#881);
#499=LINE('',#11289,#882);
#500=LINE('',#11300,#883);
#501=LINE('',#11302,#884);
#502=LINE('',#11304,#885);
#503=LINE('',#11306,#886);
#504=LINE('',#11314,#887);
#505=LINE('',#11316,#888);
#506=LINE('',#11318,#889);
#507=LINE('',#11320,#890);
#508=LINE('',#11322,#891);
#509=LINE('',#11326,#892);
#510=LINE('',#11327,#893);
#511=LINE('',#11329,#894);
#512=LINE('',#11331,#895);
#513=LINE('',#11348,#896);
#514=LINE('',#11351,#897);
#515=LINE('',#11353,#898);
#516=LINE('',#11357,#899);
#517=LINE('',#11365,#900);
#518=LINE('',#11368,#901);
#519=LINE('',#11370,#902);
#520=LINE('',#11372,#903);
#521=LINE('',#11374,#904);
#522=LINE('',#11376,#905);
#523=LINE('',#11380,#906);
#524=LINE('',#11384,#907);
#525=LINE('',#11386,#908);
#526=LINE('',#11390,#909);
#527=LINE('',#11394,#910);
#528=LINE('',#11399,#911);
#529=LINE('',#11403,#912);
#530=LINE('',#11405,#913);
#531=LINE('',#11406,#914);
#532=LINE('',#11408,#915);
#533=LINE('',#11414,#916);
#534=LINE('',#11420,#917);
#535=LINE('',#11422,#918);
#536=LINE('',#11428,#919);
#537=LINE('',#11430,#920);
#538=LINE('',#11433,#921);
#539=LINE('',#11435,#922);
#540=LINE('',#11437,#923);
#541=LINE('',#11439,#924);
#542=LINE('',#11441,#925);
#543=LINE('',#11443,#926);
#544=LINE('',#11445,#927);
#545=LINE('',#11447,#928);
#546=LINE('',#11451,#929);
#547=LINE('',#11462,#930);
#548=LINE('',#11474,#931);
#549=LINE('',#11478,#932);
#550=LINE('',#11479,#933);
#551=LINE('',#11481,#934);
#552=LINE('',#11483,#935);
#553=LINE('',#11485,#936);
#554=LINE('',#11487,#937);
#555=LINE('',#11489,#938);
#556=LINE('',#11491,#939);
#557=LINE('',#11492,#940);
#558=LINE('',#11493,#941);
#559=LINE('',#11495,#942);
#560=LINE('',#11497,#943);
#561=LINE('',#11498,#944);
#562=LINE('',#11500,#945);
#563=LINE('',#11502,#946);
#564=LINE('',#11504,#947);
#565=LINE('',#11506,#948);
#566=LINE('',#11508,#949);
#567=LINE('',#11510,#950);
#568=LINE('',#11513,#951);
#569=LINE('',#11514,#952);
#570=LINE('',#11516,#953);
#571=LINE('',#11518,#954);
#572=LINE('',#11520,#955);
#573=LINE('',#11522,#956);
#574=LINE('',#11524,#957);
#575=LINE('',#11527,#958);
#576=LINE('',#11530,#959);
#577=LINE('',#11533,#960);
#578=LINE('',#11536,#961);
#579=LINE('',#11551,#962);
#580=LINE('',#11553,#963);
#581=LINE('',#11555,#964);
#582=LINE('',#11557,#965);
#583=LINE('',#11561,#966);
#584=LINE('',#11563,#967);
#585=LINE('',#11571,#968);
#586=LINE('',#11574,#969);
#587=LINE('',#11576,#970);
#588=LINE('',#11578,#971);
#589=LINE('',#11582,#972);
#590=LINE('',#11586,#973);
#591=LINE('',#11588,#974);
#592=LINE('',#11590,#975);
#593=LINE('',#11619,#976);
#594=LINE('',#11622,#977);
#595=LINE('',#11624,#978);
#596=LINE('',#11626,#979);
#597=LINE('',#11630,#980);
#598=LINE('',#11634,#981);
#599=LINE('',#11636,#982);
#600=LINE('',#11638,#983);
#601=LINE('',#11645,#984);
#602=LINE('',#11648,#985);
#603=LINE('',#11650,#986);
#604=LINE('',#11652,#987);
#605=LINE('',#11654,#988);
#606=LINE('',#11712,#989);
#607=LINE('',#11717,#990);
#608=LINE('',#11721,#991);
#609=LINE('',#11725,#992);
#610=LINE('',#11729,#993);
#611=LINE('',#11742,#994);
#612=LINE('',#11744,#995);
#613=LINE('',#11746,#996);
#614=LINE('',#11758,#997);
#615=LINE('',#11760,#998);
#616=LINE('',#11762,#999);
#617=LINE('',#11764,#1000);
#618=LINE('',#11766,#1001);
#619=LINE('',#11768,#1002);
#620=LINE('',#11770,#1003);
#621=LINE('',#11789,#1004);
#622=LINE('',#11790,#1005);
#623=LINE('',#11794,#1006);
#624=LINE('',#11795,#1007);
#625=LINE('',#11799,#1008);
#626=LINE('',#11801,#1009);
#627=LINE('',#11805,#1010);
#628=LINE('',#11807,#1011);
#629=LINE('',#11808,#1012);
#630=LINE('',#11810,#1013);
#631=LINE('',#11849,#1014);
#632=LINE('',#11851,#1015);
#633=LINE('',#11872,#1016);
#634=LINE('',#11873,#1017);
#635=LINE('',#11874,#1018);
#636=LINE('',#11876,#1019);
#637=LINE('',#11878,#1020);
#638=LINE('',#11881,#1021);
#639=LINE('',#11882,#1022);
#640=LINE('',#11899,#1023);
#641=LINE('',#11903,#1024);
#642=LINE('',#11911,#1025);
#643=LINE('',#11912,#1026);
#644=LINE('',#11925,#1027);
#645=LINE('',#11929,#1028);
#646=LINE('',#11937,#1029);
#647=LINE('',#11938,#1030);
#648=LINE('',#11957,#1031);
#649=LINE('',#11959,#1032);
#650=LINE('',#11971,#1033);
#651=LINE('',#11974,#1034);
#652=LINE('',#11976,#1035);
#653=LINE('',#11980,#1036);
#654=LINE('',#11983,#1037);
#655=LINE('',#11985,#1038);
#656=LINE('',#11988,#1039);
#657=LINE('',#11990,#1040);
#658=LINE('',#11994,#1041);
#659=LINE('',#11996,#1042);
#660=LINE('',#11998,#1043);
#661=LINE('',#12000,#1044);
#662=LINE('',#12002,#1045);
#663=LINE('',#12009,#1046);
#664=LINE('',#12010,#1047);
#665=LINE('',#12012,#1048);
#666=LINE('',#12015,#1049);
#667=LINE('',#12017,#1050);
#668=LINE('',#12023,#1051);
#669=LINE('',#12024,#1052);
#670=LINE('',#12036,#1053);
#671=LINE('',#12037,#1054);
#672=LINE('',#12039,#1055);
#673=LINE('',#12041,#1056);
#674=LINE('',#12302,#1057);
#675=LINE('',#12305,#1058);
#676=LINE('',#12307,#1059);
#677=LINE('',#12308,#1060);
#678=LINE('',#12309,#1061);
#679=LINE('',#12311,#1062);
#680=LINE('',#12315,#1063);
#681=LINE('',#12319,#1064);
#682=LINE('',#12321,#1065);
#683=LINE('',#12323,#1066);
#684=LINE('',#12324,#1067);
#685=LINE('',#12325,#1068);
#686=LINE('',#12327,#1069);
#687=LINE('',#12330,#1070);
#688=LINE('',#12332,#1071);
#689=LINE('',#12334,#1072);
#690=LINE('',#12338,#1073);
#691=LINE('',#12342,#1074);
#692=LINE('',#12344,#1075);
#693=LINE('',#12346,#1076);
#694=LINE('',#12351,#1077);
#695=LINE('',#12355,#1078);
#696=LINE('',#12357,#1079);
#697=LINE('',#12359,#1080);
#698=LINE('',#12361,#1081);
#699=LINE('',#12365,#1082);
#700=LINE('',#12372,#1083);
#701=LINE('',#12376,#1084);
#702=LINE('',#12378,#1085);
#703=LINE('',#12380,#1086);
#704=LINE('',#12382,#1087);
#705=LINE('',#12386,#1088);
#706=LINE('',#12393,#1089);
#707=LINE('',#12397,#1090);
#708=LINE('',#12399,#1091);
#709=LINE('',#12401,#1092);
#710=LINE('',#12403,#1093);
#711=LINE('',#12407,#1094);
#712=LINE('',#12469,#1095);
#713=LINE('',#12470,#1096);
#714=LINE('',#12472,#1097);
#715=LINE('',#12473,#1098);
#716=LINE('',#12475,#1099);
#717=LINE('',#12476,#1100);
#718=LINE('',#12609,#1101);
#719=LINE('',#12612,#1102);
#720=LINE('',#12616,#1103);
#721=LINE('',#12618,#1104);
#722=LINE('',#12620,#1105);
#723=LINE('',#12622,#1106);
#724=LINE('',#12625,#1107);
#725=LINE('',#12627,#1108);
#726=LINE('',#12629,#1109);
#727=LINE('',#12633,#1110);
#728=LINE('',#12636,#1111);
#729=LINE('',#12638,#1112);
#730=LINE('',#12640,#1113);
#731=LINE('',#12642,#1114);
#732=LINE('',#12644,#1115);
#733=LINE('',#12646,#1116);
#734=LINE('',#12650,#1117);
#735=LINE('',#12652,#1118);
#736=LINE('',#12654,#1119);
#737=LINE('',#12658,#1120);
#738=LINE('',#12662,#1121);
#739=LINE('',#12664,#1122);
#740=LINE('',#12666,#1123);
#741=LINE('',#12668,#1124);
#742=LINE('',#12670,#1125);
#743=LINE('',#12672,#1126);
#744=LINE('',#12723,#1127);
#745=LINE('',#12726,#1128);
#746=LINE('',#12728,#1129);
#747=LINE('',#12730,#1130);
#748=LINE('',#12732,#1131);
#749=LINE('',#12735,#1132);
#750=LINE('',#12737,#1133);
#751=LINE('',#12739,#1134);
#752=LINE('',#12741,#1135);
#753=LINE('',#12744,#1136);
#754=LINE('',#12746,#1137);
#755=LINE('',#12747,#1138);
#756=LINE('',#12748,#1139);
#757=LINE('',#12750,#1140);
#758=LINE('',#12752,#1141);
#759=LINE('',#12754,#1142);
#760=LINE('',#12756,#1143);
#761=LINE('',#12758,#1144);
#762=LINE('',#12760,#1145);
#763=LINE('',#12762,#1146);
#764=LINE('',#12764,#1147);
#765=LINE('',#12766,#1148);
#766=LINE('',#12768,#1149);
#767=LINE('',#12771,#1150);
#768=LINE('',#12773,#1151);
#769=LINE('',#12775,#1152);
#770=LINE('',#12777,#1153);
#771=LINE('',#12779,#1154);
#772=LINE('',#12781,#1155);
#773=LINE('',#12783,#1156);
#774=LINE('',#12785,#1157);
#775=LINE('',#12787,#1158);
#776=LINE('',#12789,#1159);
#777=LINE('',#12790,#1160);
#778=LINE('',#12791,#1161);
#779=LINE('',#12793,#1162);
#780=LINE('',#12797,#1163);
#781=LINE('',#12813,#1164);
#782=LINE('',#12816,#1165);
#783=LINE('',#12818,#1166);
#784=LINE('',#12821,#1167);
#785=LINE('',#12823,#1168);
#786=LINE('',#12826,#1169);
#787=LINE('',#12828,#1170);
#788=LINE('',#12835,#1171);
#789=LINE('',#12838,#1172);
#790=LINE('',#12840,#1173);
#791=LINE('',#12842,#1174);
#792=LINE('',#12846,#1175);
#793=LINE('',#12850,#1176);
#794=LINE('',#12852,#1177);
#795=LINE('',#12854,#1178);
#796=LINE('',#12858,#1179);
#797=LINE('',#12862,#1180);
#798=LINE('',#12864,#1181);
#799=LINE('',#12866,#1182);
#800=LINE('',#12870,#1183);
#801=LINE('',#12874,#1184);
#802=LINE('',#12876,#1185);
#803=LINE('',#12878,#1186);
#804=LINE('',#12880,#1187);
#805=LINE('',#12883,#1188);
#806=LINE('',#12885,#1189);
#807=LINE('',#12887,#1190);
#808=LINE('',#12891,#1191);
#809=LINE('',#12895,#1192);
#810=LINE('',#12897,#1193);
#811=LINE('',#12899,#1194);
#812=LINE('',#12901,#1195);
#813=LINE('',#12904,#1196);
#814=LINE('',#12906,#1197);
#815=LINE('',#12908,#1198);
#816=LINE('',#12912,#1199);
#817=LINE('',#12916,#1200);
#818=LINE('',#12918,#1201);
#819=LINE('',#12920,#1202);
#820=VECTOR('',#8475,1.);
#821=VECTOR('',#8476,1.);
#822=VECTOR('',#8477,1.);
#823=VECTOR('',#8478,1.);
#824=VECTOR('',#8481,1.);
#825=VECTOR('',#8482,1.);
#826=VECTOR('',#8483,1.);
#827=VECTOR('',#8484,1.);
#828=VECTOR('',#8487,1.);
#829=VECTOR('',#8490,1.);
#830=VECTOR('',#8491,1.);
#831=VECTOR('',#8492,1.);
#832=VECTOR('',#8493,1.);
#833=VECTOR('',#8496,1.);
#834=VECTOR('',#8497,1.);
#835=VECTOR('',#8498,1.);
#836=VECTOR('',#8513,1.);
#837=VECTOR('',#8516,1.);
#838=VECTOR('',#8519,1.);
#839=VECTOR('',#8522,1.);
#840=VECTOR('',#8529,1.);
#841=VECTOR('',#8534,1.);
#842=VECTOR('',#8575,1.);
#843=VECTOR('',#8578,1.);
#844=VECTOR('',#8589,1.);
#845=VECTOR('',#8592,1.);
#846=VECTOR('',#8637,1.);
#847=VECTOR('',#8638,1.);
#848=VECTOR('',#8639,1.);
#849=VECTOR('',#8640,1.);
#850=VECTOR('',#8649,1.);
#851=VECTOR('',#8654,1.);
#852=VECTOR('',#8655,1.);
#853=VECTOR('',#8656,1.);
#854=VECTOR('',#8661,1.);
#855=VECTOR('',#8668,1.);
#856=VECTOR('',#8701,1.);
#857=VECTOR('',#8706,1.);
#858=VECTOR('',#8769,1.);
#859=VECTOR('',#8770,1.);
#860=VECTOR('',#8771,1.);
#861=VECTOR('',#8774,1.);
#862=VECTOR('',#8779,1.);
#863=VECTOR('',#8780,1.);
#864=VECTOR('',#8805,1.);
#865=VECTOR('',#8808,1.);
#866=VECTOR('',#8811,1.);
#867=VECTOR('',#8814,1.);
#868=VECTOR('',#8819,1.);
#869=VECTOR('',#8824,1.);
#870=VECTOR('',#8853,1.);
#871=VECTOR('',#8854,1.);
#872=VECTOR('',#8855,1.);
#873=VECTOR('',#8856,1.);
#874=VECTOR('',#8861,1.);
#875=VECTOR('',#8866,1.);
#876=VECTOR('',#8867,1.);
#877=VECTOR('',#8868,1.);
#878=VECTOR('',#8967,1.);
#879=VECTOR('',#8970,1.);
#880=VECTOR('',#8973,1.);
#881=VECTOR('',#8974,1.);
#882=VECTOR('',#8975,1.);
#883=VECTOR('',#8986,1.);
#884=VECTOR('',#8987,1.);
#885=VECTOR('',#8988,1.);
#886=VECTOR('',#8989,1.);
#887=VECTOR('',#8996,1.);
#888=VECTOR('',#8997,1.);
#889=VECTOR('',#8998,1.);
#890=VECTOR('',#8999,1.);
#891=VECTOR('',#9002,1.);
#892=VECTOR('',#9005,1.);
#893=VECTOR('',#9006,1.);
#894=VECTOR('',#9007,1.);
#895=VECTOR('',#9008,1.);
#896=VECTOR('',#9029,1.);
#897=VECTOR('',#9030,1.);
#898=VECTOR('',#9031,1.);
#899=VECTOR('',#9034,1.);
#900=VECTOR('',#9041,1.);
#901=VECTOR('',#9044,1.);
#902=VECTOR('',#9045,1.);
#903=VECTOR('',#9046,1.);
#904=VECTOR('',#9047,1.);
#905=VECTOR('',#9048,1.);
#906=VECTOR('',#9053,1.);
#907=VECTOR('',#9056,1.);
#908=VECTOR('',#9059,1.);
#909=VECTOR('',#9062,1.);
#910=VECTOR('',#9065,1.);
#911=VECTOR('',#9070,1.);
#912=VECTOR('',#9073,1.);
#913=VECTOR('',#9074,1.);
#914=VECTOR('',#9075,1.);
#915=VECTOR('',#9076,1.);
#916=VECTOR('',#9079,1.);
#917=VECTOR('',#9082,1.);
#918=VECTOR('',#9085,1.);
#919=VECTOR('',#9088,1.);
#920=VECTOR('',#9091,1.);
#921=VECTOR('',#9092,1.);
#922=VECTOR('',#9093,1.);
#923=VECTOR('',#9094,1.);
#924=VECTOR('',#9097,1.);
#925=VECTOR('',#9098,1.);
#926=VECTOR('',#9099,1.);
#927=VECTOR('',#9100,1.);
#928=VECTOR('',#9101,1.);
#929=VECTOR('',#9106,1.);
#930=VECTOR('',#9111,1.);
#931=VECTOR('',#9118,1.);
#932=VECTOR('',#9123,1.);
#933=VECTOR('',#9124,1.);
#934=VECTOR('',#9125,1.);
#935=VECTOR('',#9126,1.);
#936=VECTOR('',#9129,1.);
#937=VECTOR('',#9130,1.);
#938=VECTOR('',#9131,1.);
#939=VECTOR('',#9134,1.);
#940=VECTOR('',#9135,1.);
#941=VECTOR('',#9136,1.);
#942=VECTOR('',#9137,1.);
#943=VECTOR('',#9138,1.);
#944=VECTOR('',#9139,1.);
#945=VECTOR('',#9142,1.);
#946=VECTOR('',#9145,1.);
#947=VECTOR('',#9146,1.);
#948=VECTOR('',#9147,1.);
#949=VECTOR('',#9150,1.);
#950=VECTOR('',#9153,1.);
#951=VECTOR('',#9158,1.);
#952=VECTOR('',#9159,1.);
#953=VECTOR('',#9162,1.);
#954=VECTOR('',#9165,1.);
#955=VECTOR('',#9168,1.);
#956=VECTOR('',#9171,1.);
#957=VECTOR('',#9174,1.);
#958=VECTOR('',#9179,1.);
#959=VECTOR('',#9184,1.);
#960=VECTOR('',#9189,1.);
#961=VECTOR('',#9194,1.);
#962=VECTOR('',#9217,1.);
#963=VECTOR('',#9218,1.);
#964=VECTOR('',#9219,1.);
#965=VECTOR('',#9222,1.);
#966=VECTOR('',#9227,1.);
#967=VECTOR('',#9228,1.);
#968=VECTOR('',#9243,1.);
#969=VECTOR('',#9244,1.);
#970=VECTOR('',#9245,1.);
#971=VECTOR('',#9246,1.);
#972=VECTOR('',#9251,1.);
#973=VECTOR('',#9256,1.);
#974=VECTOR('',#9257,1.);
#975=VECTOR('',#9258,1.);
#976=VECTOR('',#9299,1.);
#977=VECTOR('',#9300,1.);
#978=VECTOR('',#9301,1.);
#979=VECTOR('',#9302,1.);
#980=VECTOR('',#9307,1.);
#981=VECTOR('',#9312,1.);
#982=VECTOR('',#9313,1.);
#983=VECTOR('',#9314,1.);
#984=VECTOR('',#9323,1.);
#985=VECTOR('',#9324,1.);
#986=VECTOR('',#9325,1.);
#987=VECTOR('',#9326,1.);
#988=VECTOR('',#9327,1.);
#989=VECTOR('',#9412,1.);
#990=VECTOR('',#9415,1.);
#991=VECTOR('',#9418,1.);
#992=VECTOR('',#9421,1.);
#993=VECTOR('',#9424,1.);
#994=VECTOR('',#9437,1.);
#995=VECTOR('',#9438,1.);
#996=VECTOR('',#9439,1.);
#997=VECTOR('',#9452,1.);
#998=VECTOR('',#9453,1.);
#999=VECTOR('',#9454,1.);
#1000=VECTOR('',#9455,1.);
#1001=VECTOR('',#9456,1.);
#1002=VECTOR('',#9457,1.);
#1003=VECTOR('',#9458,1.);
#1004=VECTOR('',#9477,1.);
#1005=VECTOR('',#9478,1.);
#1006=VECTOR('',#9481,1.);
#1007=VECTOR('',#9482,1.);
#1008=VECTOR('',#9485,1.);
#1009=VECTOR('',#9488,1.);
#1010=VECTOR('',#9491,1.);
#1011=VECTOR('',#9492,1.);
#1012=VECTOR('',#9493,1.);
#1013=VECTOR('',#9494,1.);
#1014=VECTOR('',#9541,1.);
#1015=VECTOR('',#9542,1.);
#1016=VECTOR('',#9553,1.);
#1017=VECTOR('',#9554,1.);
#1018=VECTOR('',#9555,1.);
#1019=VECTOR('',#9556,1.);
#1020=VECTOR('',#9559,1.);
#1021=VECTOR('',#9560,1.);
#1022=VECTOR('',#9561,1.);
#1023=VECTOR('',#9586,1.);
#1024=VECTOR('',#9589,1.);
#1025=VECTOR('',#9600,1.);
#1026=VECTOR('',#9601,1.);
#1027=VECTOR('',#9622,1.);
#1028=VECTOR('',#9625,1.);
#1029=VECTOR('',#9636,1.);
#1030=VECTOR('',#9637,1.);
#1031=VECTOR('',#9674,1.);
#1032=VECTOR('',#9677,1.);
#1033=VECTOR('',#9694,1.);
#1034=VECTOR('',#9695,1.);
#1035=VECTOR('',#9696,1.);
#1036=VECTOR('',#9701,1.);
#1037=VECTOR('',#9702,1.);
#1038=VECTOR('',#9703,1.);
#1039=VECTOR('',#9706,1.);
#1040=VECTOR('',#9707,1.);
#1041=VECTOR('',#9712,1.);
#1042=VECTOR('',#9715,1.);
#1043=VECTOR('',#9716,1.);
#1044=VECTOR('',#9717,1.);
#1045=VECTOR('',#9718,1.);
#1046=VECTOR('',#9727,1.);
#1047=VECTOR('',#9728,1.);
#1048=VECTOR('',#9731,1.);
#1049=VECTOR('',#9732,1.);
#1050=VECTOR('',#9733,1.);
#1051=VECTOR('',#9740,1.);
#1052=VECTOR('',#9741,1.);
#1053=VECTOR('',#9758,1.);
#1054=VECTOR('',#9759,1.);
#1055=VECTOR('',#9762,1.);
#1056=VECTOR('',#9765,1.);
#1057=VECTOR('',#10006,1.);
#1058=VECTOR('',#10007,1.);
#1059=VECTOR('',#10008,1.);
#1060=VECTOR('',#10009,1.);
#1061=VECTOR('',#10010,1.);
#1062=VECTOR('',#10011,1.);
#1063=VECTOR('',#10016,1.);
#1064=VECTOR('',#10021,1.);
#1065=VECTOR('',#10022,1.);
#1066=VECTOR('',#10023,1.);
#1067=VECTOR('',#10024,1.);
#1068=VECTOR('',#10025,1.);
#1069=VECTOR('',#10028,1.);
#1070=VECTOR('',#10029,1.);
#1071=VECTOR('',#10030,1.);
#1072=VECTOR('',#10031,1.);
#1073=VECTOR('',#10036,1.);
#1074=VECTOR('',#10041,1.);
#1075=VECTOR('',#10042,1.);
#1076=VECTOR('',#10043,1.);
#1077=VECTOR('',#10048,1.);
#1078=VECTOR('',#10051,1.);
#1079=VECTOR('',#10054,1.);
#1080=VECTOR('',#10055,1.);
#1081=VECTOR('',#10056,1.);
#1082=VECTOR('',#10061,1.);
#1083=VECTOR('',#10068,1.);
#1084=VECTOR('',#10071,1.);
#1085=VECTOR('',#10074,1.);
#1086=VECTOR('',#10075,1.);
#1087=VECTOR('',#10076,1.);
#1088=VECTOR('',#10081,1.);
#1089=VECTOR('',#10088,1.);
#1090=VECTOR('',#10091,1.);
#1091=VECTOR('',#10094,1.);
#1092=VECTOR('',#10095,1.);
#1093=VECTOR('',#10096,1.);
#1094=VECTOR('',#10101,1.);
#1095=VECTOR('',#10178,1.);
#1096=VECTOR('',#10179,1.);
#1097=VECTOR('',#10182,1.);
#1098=VECTOR('',#10183,1.);
#1099=VECTOR('',#10186,1.);
#1100=VECTOR('',#10187,1.);
#1101=VECTOR('',#10376,1.);
#1102=VECTOR('',#10377,1.);
#1103=VECTOR('',#10380,1.);
#1104=VECTOR('',#10381,1.);
#1105=VECTOR('',#10382,1.);
#1106=VECTOR('',#10385,1.);
#1107=VECTOR('',#10386,1.);
#1108=VECTOR('',#10387,1.);
#1109=VECTOR('',#10388,1.);
#1110=VECTOR('',#10393,1.);
#1111=VECTOR('',#10394,1.);
#1112=VECTOR('',#10395,1.);
#1113=VECTOR('',#10396,1.);
#1114=VECTOR('',#10399,1.);
#1115=VECTOR('',#10400,1.);
#1116=VECTOR('',#10401,1.);
#1117=VECTOR('',#10406,1.);
#1118=VECTOR('',#10407,1.);
#1119=VECTOR('',#10408,1.);
#1120=VECTOR('',#10413,1.);
#1121=VECTOR('',#10418,1.);
#1122=VECTOR('',#10419,1.);
#1123=VECTOR('',#10420,1.);
#1124=VECTOR('',#10423,1.);
#1125=VECTOR('',#10424,1.);
#1126=VECTOR('',#10425,1.);
#1127=VECTOR('',#10490,1.);
#1128=VECTOR('',#10491,1.);
#1129=VECTOR('',#10492,1.);
#1130=VECTOR('',#10493,1.);
#1131=VECTOR('',#10496,1.);
#1132=VECTOR('',#10497,1.);
#1133=VECTOR('',#10498,1.);
#1134=VECTOR('',#10499,1.);
#1135=VECTOR('',#10502,1.);
#1136=VECTOR('',#10503,1.);
#1137=VECTOR('',#10504,1.);
#1138=VECTOR('',#10505,1.);
#1139=VECTOR('',#10506,1.);
#1140=VECTOR('',#10507,1.);
#1141=VECTOR('',#10508,1.);
#1142=VECTOR('',#10509,1.);
#1143=VECTOR('',#10510,1.);
#1144=VECTOR('',#10511,1.);
#1145=VECTOR('',#10512,1.);
#1146=VECTOR('',#10513,1.);
#1147=VECTOR('',#10514,1.);
#1148=VECTOR('',#10515,1.);
#1149=VECTOR('',#10518,1.);
#1150=VECTOR('',#10519,1.);
#1151=VECTOR('',#10520,1.);
#1152=VECTOR('',#10521,1.);
#1153=VECTOR('',#10522,1.);
#1154=VECTOR('',#10523,1.);
#1155=VECTOR('',#10524,1.);
#1156=VECTOR('',#10525,1.);
#1157=VECTOR('',#10526,1.);
#1158=VECTOR('',#10527,1.);
#1159=VECTOR('',#10528,1.);
#1160=VECTOR('',#10529,1.);
#1161=VECTOR('',#10530,1.);
#1162=VECTOR('',#10531,1.);
#1163=VECTOR('',#10536,1.);
#1164=VECTOR('',#10561,1.);
#1165=VECTOR('',#10566,1.);
#1166=VECTOR('',#10569,1.);
#1167=VECTOR('',#10574,1.);
#1168=VECTOR('',#10577,1.);
#1169=VECTOR('',#10582,1.);
#1170=VECTOR('',#10585,1.);
#1171=VECTOR('',#10598,1.);
#1172=VECTOR('',#10599,1.);
#1173=VECTOR('',#10600,1.);
#1174=VECTOR('',#10601,1.);
#1175=VECTOR('',#10606,1.);
#1176=VECTOR('',#10611,1.);
#1177=VECTOR('',#10612,1.);
#1178=VECTOR('',#10613,1.);
#1179=VECTOR('',#10618,1.);
#1180=VECTOR('',#10623,1.);
#1181=VECTOR('',#10624,1.);
#1182=VECTOR('',#10625,1.);
#1183=VECTOR('',#10630,1.);
#1184=VECTOR('',#10635,1.);
#1185=VECTOR('',#10636,1.);
#1186=VECTOR('',#10637,1.);
#1187=VECTOR('',#10640,1.);
#1188=VECTOR('',#10641,1.);
#1189=VECTOR('',#10642,1.);
#1190=VECTOR('',#10643,1.);
#1191=VECTOR('',#10648,1.);
#1192=VECTOR('',#10653,1.);
#1193=VECTOR('',#10654,1.);
#1194=VECTOR('',#10655,1.);
#1195=VECTOR('',#10658,1.);
#1196=VECTOR('',#10659,1.);
#1197=VECTOR('',#10660,1.);
#1198=VECTOR('',#10661,1.);
#1199=VECTOR('',#10666,1.);
#1200=VECTOR('',#10671,1.);
#1201=VECTOR('',#10672,1.);
#1202=VECTOR('',#10673,1.);
#1203=PLANE('',#7502);
#1204=PLANE('',#7505);
#1205=PLANE('',#7514);
#1206=PLANE('',#7515);
#1207=PLANE('',#7516);
#1208=PLANE('',#7517);
#1209=PLANE('',#7519);
#1210=PLANE('',#7521);
#1211=PLANE('',#7526);
#1212=PLANE('',#7529);
#1213=PLANE('',#7531);
#1214=PLANE('',#7571);
#1215=PLANE('',#7577);
#1216=PLANE('',#7592);
#1217=PLANE('',#7603);
#1218=PLANE('',#7606);
#1219=PLANE('',#7609);
#1220=PLANE('',#7612);
#1221=PLANE('',#7615);
#1222=PLANE('',#7618);
#1223=PLANE('',#7621);
#1224=PLANE('',#7624);
#1225=PLANE('',#7627);
#1226=PLANE('',#7630);
#1227=PLANE('',#7631);
#1228=PLANE('',#7634);
#1229=PLANE('',#7637);
#1230=PLANE('',#7642);
#1231=PLANE('',#7645);
#1232=PLANE('',#7647);
#1233=PLANE('',#7649);
#1234=PLANE('',#7651);
#1235=PLANE('',#7653);
#1236=PLANE('',#7660);
#1237=PLANE('',#7662);
#1238=PLANE('',#7665);
#1239=PLANE('',#7667);
#1240=PLANE('',#7671);
#1241=PLANE('',#7677);
#1242=PLANE('',#7678);
#1243=PLANE('',#7684);
#1244=PLANE('',#7688);
#1245=PLANE('',#7697);
#1246=PLANE('',#7700);
#1247=PLANE('',#7703);
#1248=PLANE('',#7722);
#1249=PLANE('',#7723);
#1250=PLANE('',#7731);
#1251=PLANE('',#7742);
#1252=PLANE('',#7754);
#1253=PLANE('',#7761);
#1254=PLANE('',#7762);
#1255=PLANE('',#7771);
#1256=PLANE('',#7772);
#1257=PLANE('',#7773);
#1258=PLANE('',#7774);
#1259=PLANE('',#7775);
#1260=PLANE('',#7776);
#1261=PLANE('',#7777);
#1262=PLANE('',#7778);
#1263=PLANE('',#7781);
#1264=PLANE('',#7783);
#1265=PLANE('',#7784);
#1266=PLANE('',#7785);
#1267=PLANE('',#7786);
#1268=PLANE('',#7787);
#1269=PLANE('',#7789);
#1270=PLANE('',#7790);
#1271=PLANE('',#7792);
#1272=PLANE('',#7793);
#1273=PLANE('',#7796);
#1274=PLANE('',#7799);
#1275=PLANE('',#7802);
#1276=PLANE('',#7803);
#1277=PLANE('',#7806);
#1278=PLANE('',#7809);
#1279=PLANE('',#7810);
#1280=PLANE('',#7811);
#1281=PLANE('',#7813);
#1282=PLANE('',#7817);
#1283=PLANE('',#7821);
#1284=PLANE('',#7822);
#1285=PLANE('',#7837);
#1286=PLANE('',#7841);
#1287=PLANE('',#7845);
#1288=PLANE('',#7846);
#1289=PLANE('',#7852);
#1290=PLANE('',#7859);
#1291=PLANE('',#7865);
#1292=PLANE('',#7868);
#1293=PLANE('',#7871);
#1294=PLANE('',#7874);
#1295=PLANE('',#7877);
#1296=PLANE('',#7880);
#1297=PLANE('',#7883);
#1298=PLANE('',#7893);
#1299=PLANE('',#7915);
#1300=PLANE('',#7935);
#1301=PLANE('',#7943);
#1302=PLANE('',#7945);
#1303=PLANE('',#7950);
#1304=PLANE('',#7953);
#1305=PLANE('',#7956);
#1306=PLANE('',#7959);
#1307=PLANE('',#7964);
#1308=PLANE('',#7969);
#1309=PLANE('',#7972);
#1310=PLANE('',#7975);
#1311=PLANE('',#7980);
#1312=PLANE('',#7997);
#1313=PLANE('',#7998);
#1314=PLANE('',#7999);
#1315=PLANE('',#8003);
#1316=PLANE('',#8005);
#1317=PLANE('',#8008);
#1318=PLANE('',#8012);
#1319=PLANE('',#8016);
#1320=PLANE('',#8017);
#1321=PLANE('',#8020);
#1322=PLANE('',#8021);
#1323=PLANE('',#8027);
#1324=PLANE('',#8029);
#1325=PLANE('',#8030);
#1326=PLANE('',#8031);
#1327=PLANE('',#8142);
#1328=PLANE('',#8144);
#1329=PLANE('',#8146);
#1330=PLANE('',#8148);
#1331=PLANE('',#8150);
#1332=PLANE('',#8154);
#1333=PLANE('',#8155);
#1334=PLANE('',#8159);
#1335=PLANE('',#8163);
#1336=PLANE('',#8170);
#1337=PLANE('',#8177);
#1338=PLANE('',#8217);
#1339=PLANE('',#8218);
#1340=PLANE('',#8219);
#1341=PLANE('',#8223);
#1342=PLANE('',#8228);
#1343=PLANE('',#8247);
#1344=PLANE('',#8250);
#1345=PLANE('',#8253);
#1346=PLANE('',#8256);
#1347=PLANE('',#8259);
#1348=PLANE('',#8262);
#1349=PLANE('',#8265);
#1350=PLANE('',#8268);
#1351=PLANE('',#8271);
#1352=PLANE('',#8274);
#1353=PLANE('',#8277);
#1354=PLANE('',#8280);
#1355=PLANE('',#8283);
#1356=PLANE('',#8286);
#1357=PLANE('',#8289);
#1358=PLANE('',#8292);
#1359=PLANE('',#8295);
#1360=PLANE('',#8298);
#1361=PLANE('',#8301);
#1362=PLANE('',#8304);
#1363=PLANE('',#8313);
#1364=PLANE('',#8315);
#1365=PLANE('',#8316);
#1366=PLANE('',#8318);
#1367=PLANE('',#8319);
#1368=PLANE('',#8324);
#1369=PLANE('',#8325);
#1370=PLANE('',#8326);
#1371=PLANE('',#8330);
#1372=PLANE('',#8337);
#1373=PLANE('',#8349);
#1374=PLANE('',#8350);
#1375=PLANE('',#8357);
#1376=PLANE('',#8358);
#1377=PLANE('',#8359);
#1378=PLANE('',#8360);
#1379=PLANE('',#8361);
#1380=PLANE('',#8374);
#1381=PLANE('',#8375);
#1382=PLANE('',#8376);
#1383=PLANE('',#8377);
#1384=PLANE('',#8378);
#1385=PLANE('',#8379);
#1386=PLANE('',#8380);
#1387=PLANE('',#8381);
#1388=PLANE('',#8382);
#1389=PLANE('',#8383);
#1390=PLANE('',#8384);
#1391=PLANE('',#8389);
#1392=PLANE('',#8393);
#1393=PLANE('',#8397);
#1394=PLANE('',#8401);
#1395=PLANE('',#8402);
#1396=PLANE('',#8406);
#1397=PLANE('',#8407);
#1398=PLANE('',#8411);
#1399=PLANE('',#8442);
#1400=PLANE('',#8443);
#1401=ORIENTED_EDGE('',*,*,#3117,.F.);
#1402=ORIENTED_EDGE('',*,*,#3118,.T.);
#1403=ORIENTED_EDGE('',*,*,#3119,.F.);
#1404=ORIENTED_EDGE('',*,*,#3120,.T.);
#1405=ORIENTED_EDGE('',*,*,#3121,.T.);
#1406=ORIENTED_EDGE('',*,*,#3122,.F.);
#1407=ORIENTED_EDGE('',*,*,#3123,.T.);
#1408=ORIENTED_EDGE('',*,*,#3124,.T.);
#1409=ORIENTED_EDGE('',*,*,#3125,.F.);
#1410=ORIENTED_EDGE('',*,*,#3126,.T.);
#1411=ORIENTED_EDGE('',*,*,#3127,.T.);
#1412=ORIENTED_EDGE('',*,*,#3128,.T.);
#1413=ORIENTED_EDGE('',*,*,#3129,.F.);
#1414=ORIENTED_EDGE('',*,*,#3130,.F.);
#1415=ORIENTED_EDGE('',*,*,#3131,.T.);
#1416=ORIENTED_EDGE('',*,*,#3132,.T.);
#1417=ORIENTED_EDGE('',*,*,#3133,.T.);
#1418=ORIENTED_EDGE('',*,*,#3134,.T.);
#1419=ORIENTED_EDGE('',*,*,#3135,.F.);
#1420=ORIENTED_EDGE('',*,*,#3136,.F.);
#1421=ORIENTED_EDGE('',*,*,#3137,.F.);
#1422=ORIENTED_EDGE('',*,*,#3138,.T.);
#1423=ORIENTED_EDGE('',*,*,#3139,.F.);
#1424=ORIENTED_EDGE('',*,*,#3140,.F.);
#1425=ORIENTED_EDGE('',*,*,#3141,.F.);
#1426=ORIENTED_EDGE('',*,*,#3140,.T.);
#1427=ORIENTED_EDGE('',*,*,#3142,.T.);
#1428=ORIENTED_EDGE('',*,*,#3123,.F.);
#1429=ORIENTED_EDGE('',*,*,#3143,.F.);
#1430=ORIENTED_EDGE('',*,*,#3129,.T.);
#1431=ORIENTED_EDGE('',*,*,#3144,.T.);
#1432=ORIENTED_EDGE('',*,*,#3134,.F.);
#1433=ORIENTED_EDGE('',*,*,#3117,.T.);
#1434=ORIENTED_EDGE('',*,*,#3145,.F.);
#1435=ORIENTED_EDGE('',*,*,#3124,.F.);
#1436=ORIENTED_EDGE('',*,*,#3142,.F.);
#1437=ORIENTED_EDGE('',*,*,#3139,.T.);
#1438=ORIENTED_EDGE('',*,*,#3119,.T.);
#1439=ORIENTED_EDGE('',*,*,#3128,.F.);
#1440=ORIENTED_EDGE('',*,*,#3146,.T.);
#1441=ORIENTED_EDGE('',*,*,#3135,.T.);
#1442=ORIENTED_EDGE('',*,*,#3144,.F.);
#1443=ORIENTED_EDGE('',*,*,#3125,.T.);
#1444=ORIENTED_EDGE('',*,*,#3145,.T.);
#1445=ORIENTED_EDGE('',*,*,#3138,.F.);
#1446=ORIENTED_EDGE('',*,*,#3147,.F.);
#1447=ORIENTED_EDGE('',*,*,#3148,.T.);
#1448=ORIENTED_EDGE('',*,*,#3136,.T.);
#1449=ORIENTED_EDGE('',*,*,#3146,.F.);
#1450=ORIENTED_EDGE('',*,*,#3127,.F.);
#1451=ORIENTED_EDGE('',*,*,#3147,.T.);
#1452=ORIENTED_EDGE('',*,*,#3137,.T.);
#1453=ORIENTED_EDGE('',*,*,#3148,.F.);
#1454=ORIENTED_EDGE('',*,*,#3126,.F.);
#1455=ORIENTED_EDGE('',*,*,#3149,.F.);
#1456=ORIENTED_EDGE('',*,*,#3133,.F.);
#1457=ORIENTED_EDGE('',*,*,#3150,.T.);
#1458=ORIENTED_EDGE('',*,*,#3130,.T.);
#1459=ORIENTED_EDGE('',*,*,#3143,.T.);
#1460=ORIENTED_EDGE('',*,*,#3151,.F.);
#1461=ORIENTED_EDGE('',*,*,#3122,.T.);
#1462=ORIENTED_EDGE('',*,*,#3152,.T.);
#1463=ORIENTED_EDGE('',*,*,#3131,.F.);
#1464=ORIENTED_EDGE('',*,*,#3141,.T.);
#1465=ORIENTED_EDGE('',*,*,#3132,.F.);
#1466=ORIENTED_EDGE('',*,*,#3152,.F.);
#1467=ORIENTED_EDGE('',*,*,#3121,.F.);
#1468=ORIENTED_EDGE('',*,*,#3150,.F.);
#1469=ORIENTED_EDGE('',*,*,#3153,.F.);
#1470=ORIENTED_EDGE('',*,*,#3151,.T.);
#1471=ORIENTED_EDGE('',*,*,#3118,.F.);
#1472=ORIENTED_EDGE('',*,*,#3153,.T.);
#1473=ORIENTED_EDGE('',*,*,#3154,.F.);
#1474=ORIENTED_EDGE('',*,*,#3149,.T.);
#1475=ORIENTED_EDGE('',*,*,#3120,.F.);
#1476=ORIENTED_EDGE('',*,*,#3154,.T.);
#1477=ORIENTED_EDGE('',*,*,#3155,.F.);
#1478=ORIENTED_EDGE('',*,*,#3156,.F.);
#1479=ORIENTED_EDGE('',*,*,#3157,.F.);
#1480=ORIENTED_EDGE('',*,*,#3158,.F.);
#1481=ORIENTED_EDGE('',*,*,#3159,.F.);
#1482=ORIENTED_EDGE('',*,*,#3160,.F.);
#1483=ORIENTED_EDGE('',*,*,#3161,.T.);
#1484=ORIENTED_EDGE('',*,*,#3162,.T.);
#1485=ORIENTED_EDGE('',*,*,#3163,.T.);
#1486=ORIENTED_EDGE('',*,*,#3164,.F.);
#1487=ORIENTED_EDGE('',*,*,#3165,.T.);
#1488=ORIENTED_EDGE('',*,*,#3166,.T.);
#1489=ORIENTED_EDGE('',*,*,#3167,.T.);
#1490=ORIENTED_EDGE('',*,*,#3168,.T.);
#1491=ORIENTED_EDGE('',*,*,#3169,.T.);
#1492=ORIENTED_EDGE('',*,*,#3170,.F.);
#1493=ORIENTED_EDGE('',*,*,#3171,.F.);
#1494=ORIENTED_EDGE('',*,*,#3172,.F.);
#1495=ORIENTED_EDGE('',*,*,#3173,.F.);
#1496=ORIENTED_EDGE('',*,*,#3174,.T.);
#1497=ORIENTED_EDGE('',*,*,#3175,.F.);
#1498=ORIENTED_EDGE('',*,*,#3176,.T.);
#1499=ORIENTED_EDGE('',*,*,#3177,.F.);
#1500=ORIENTED_EDGE('',*,*,#3178,.T.);
#1501=ORIENTED_EDGE('',*,*,#3179,.F.);
#1502=ORIENTED_EDGE('',*,*,#3180,.T.);
#1503=ORIENTED_EDGE('',*,*,#3181,.F.);
#1504=ORIENTED_EDGE('',*,*,#3182,.T.);
#1505=ORIENTED_EDGE('',*,*,#3183,.F.);
#1506=ORIENTED_EDGE('',*,*,#3184,.T.);
#1507=ORIENTED_EDGE('',*,*,#3185,.F.);
#1508=ORIENTED_EDGE('',*,*,#3186,.T.);
#1509=ORIENTED_EDGE('',*,*,#3187,.F.);
#1510=ORIENTED_EDGE('',*,*,#3188,.T.);
#1511=ORIENTED_EDGE('',*,*,#3189,.F.);
#1512=ORIENTED_EDGE('',*,*,#3190,.T.);
#1513=ORIENTED_EDGE('',*,*,#3191,.T.);
#1514=ORIENTED_EDGE('',*,*,#3192,.T.);
#1515=ORIENTED_EDGE('',*,*,#3193,.F.);
#1516=ORIENTED_EDGE('',*,*,#3194,.T.);
#1517=ORIENTED_EDGE('',*,*,#3193,.T.);
#1518=ORIENTED_EDGE('',*,*,#3195,.T.);
#1519=ORIENTED_EDGE('',*,*,#3196,.T.);
#1520=ORIENTED_EDGE('',*,*,#3197,.T.);
#1521=ORIENTED_EDGE('',*,*,#3198,.F.);
#1522=ORIENTED_EDGE('',*,*,#3199,.T.);
#1523=ORIENTED_EDGE('',*,*,#3198,.T.);
#1524=ORIENTED_EDGE('',*,*,#3200,.T.);
#1525=ORIENTED_EDGE('',*,*,#3201,.F.);
#1526=ORIENTED_EDGE('',*,*,#3202,.T.);
#1527=ORIENTED_EDGE('',*,*,#3201,.T.);
#1528=ORIENTED_EDGE('',*,*,#3203,.T.);
#1529=ORIENTED_EDGE('',*,*,#3204,.F.);
#1530=ORIENTED_EDGE('',*,*,#3205,.T.);
#1531=ORIENTED_EDGE('',*,*,#3206,.T.);
#1532=ORIENTED_EDGE('',*,*,#3207,.T.);
#1533=ORIENTED_EDGE('',*,*,#3208,.F.);
#1534=ORIENTED_EDGE('',*,*,#3209,.T.);
#1535=ORIENTED_EDGE('',*,*,#3162,.F.);
#1536=ORIENTED_EDGE('',*,*,#3210,.T.);
#1537=ORIENTED_EDGE('',*,*,#3204,.T.);
#1538=ORIENTED_EDGE('',*,*,#3211,.T.);
#1539=ORIENTED_EDGE('',*,*,#3171,.T.);
#1540=ORIENTED_EDGE('',*,*,#3212,.F.);
#1541=ORIENTED_EDGE('',*,*,#3170,.T.);
#1542=ORIENTED_EDGE('',*,*,#3213,.F.);
#1543=ORIENTED_EDGE('',*,*,#3208,.T.);
#1544=ORIENTED_EDGE('',*,*,#3214,.T.);
#1545=ORIENTED_EDGE('',*,*,#3191,.F.);
#1546=ORIENTED_EDGE('',*,*,#3215,.T.);
#1547=ORIENTED_EDGE('',*,*,#3172,.T.);
#1548=ORIENTED_EDGE('',*,*,#3216,.F.);
#1549=ORIENTED_EDGE('',*,*,#3217,.F.);
#1550=ORIENTED_EDGE('',*,*,#3218,.F.);
#1551=ORIENTED_EDGE('',*,*,#3219,.T.);
#1552=ORIENTED_EDGE('',*,*,#3220,.T.);
#1553=ORIENTED_EDGE('',*,*,#3221,.T.);
#1554=ORIENTED_EDGE('',*,*,#3222,.T.);
#1555=ORIENTED_EDGE('',*,*,#3223,.T.);
#1556=ORIENTED_EDGE('',*,*,#3224,.T.);
#1557=ORIENTED_EDGE('',*,*,#3206,.F.);
#1558=ORIENTED_EDGE('',*,*,#3225,.T.);
#1559=ORIENTED_EDGE('',*,*,#3226,.T.);
#1560=ORIENTED_EDGE('',*,*,#3196,.F.);
#1561=ORIENTED_EDGE('',*,*,#3213,.T.);
#1562=ORIENTED_EDGE('',*,*,#3212,.T.);
#1563=ORIENTED_EDGE('',*,*,#3177,.T.);
#1564=ORIENTED_EDGE('',*,*,#3189,.T.);
#1565=ORIENTED_EDGE('',*,*,#3187,.T.);
#1566=ORIENTED_EDGE('',*,*,#3185,.T.);
#1567=ORIENTED_EDGE('',*,*,#3183,.T.);
#1568=ORIENTED_EDGE('',*,*,#3181,.T.);
#1569=ORIENTED_EDGE('',*,*,#3179,.T.);
#1570=ORIENTED_EDGE('',*,*,#3216,.T.);
#1571=ORIENTED_EDGE('',*,*,#3227,.F.);
#1572=ORIENTED_EDGE('',*,*,#3159,.T.);
#1573=ORIENTED_EDGE('',*,*,#3182,.F.);
#1574=ORIENTED_EDGE('',*,*,#3227,.T.);
#1575=ORIENTED_EDGE('',*,*,#3228,.F.);
#1576=ORIENTED_EDGE('',*,*,#3164,.T.);
#1577=ORIENTED_EDGE('',*,*,#3229,.T.);
#1578=ORIENTED_EDGE('',*,*,#3180,.F.);
#1579=ORIENTED_EDGE('',*,*,#3228,.T.);
#1580=ORIENTED_EDGE('',*,*,#3230,.F.);
#1581=ORIENTED_EDGE('',*,*,#3158,.T.);
#1582=ORIENTED_EDGE('',*,*,#3190,.F.);
#1583=ORIENTED_EDGE('',*,*,#3230,.T.);
#1584=ORIENTED_EDGE('',*,*,#3231,.F.);
#1585=ORIENTED_EDGE('',*,*,#3157,.T.);
#1586=ORIENTED_EDGE('',*,*,#3188,.F.);
#1587=ORIENTED_EDGE('',*,*,#3231,.T.);
#1588=ORIENTED_EDGE('',*,*,#3232,.F.);
#1589=ORIENTED_EDGE('',*,*,#3160,.T.);
#1590=ORIENTED_EDGE('',*,*,#3233,.T.);
#1591=ORIENTED_EDGE('',*,*,#3186,.F.);
#1592=ORIENTED_EDGE('',*,*,#3232,.T.);
#1593=ORIENTED_EDGE('',*,*,#3234,.F.);
#1594=ORIENTED_EDGE('',*,*,#3156,.T.);
#1595=ORIENTED_EDGE('',*,*,#3184,.F.);
#1596=ORIENTED_EDGE('',*,*,#3234,.T.);
#1597=ORIENTED_EDGE('',*,*,#3235,.F.);
#1598=ORIENTED_EDGE('',*,*,#3155,.T.);
#1599=ORIENTED_EDGE('',*,*,#3178,.F.);
#1600=ORIENTED_EDGE('',*,*,#3235,.T.);
#1601=ORIENTED_EDGE('',*,*,#3236,.T.);
#1602=ORIENTED_EDGE('',*,*,#3222,.F.);
#1603=ORIENTED_EDGE('',*,*,#3236,.F.);
#1604=ORIENTED_EDGE('',*,*,#3237,.T.);
#1605=ORIENTED_EDGE('',*,*,#3221,.F.);
#1606=ORIENTED_EDGE('',*,*,#3237,.F.);
#1607=ORIENTED_EDGE('',*,*,#3238,.T.);
#1608=ORIENTED_EDGE('',*,*,#3220,.F.);
#1609=ORIENTED_EDGE('',*,*,#3238,.F.);
#1610=ORIENTED_EDGE('',*,*,#3174,.F.);
#1611=ORIENTED_EDGE('',*,*,#3239,.F.);
#1612=ORIENTED_EDGE('',*,*,#3240,.T.);
#1613=ORIENTED_EDGE('',*,*,#3241,.T.);
#1614=ORIENTED_EDGE('',*,*,#3173,.T.);
#1615=ORIENTED_EDGE('',*,*,#3242,.F.);
#1616=ORIENTED_EDGE('',*,*,#3243,.F.);
#1617=ORIENTED_EDGE('',*,*,#3239,.T.);
#1618=ORIENTED_EDGE('',*,*,#3176,.F.);
#1619=ORIENTED_EDGE('',*,*,#3244,.F.);
#1620=ORIENTED_EDGE('',*,*,#3245,.T.);
#1621=ORIENTED_EDGE('',*,*,#3242,.T.);
#1622=ORIENTED_EDGE('',*,*,#3175,.T.);
#1623=ORIENTED_EDGE('',*,*,#3241,.F.);
#1624=ORIENTED_EDGE('',*,*,#3246,.F.);
#1625=ORIENTED_EDGE('',*,*,#3244,.T.);
#1626=ORIENTED_EDGE('',*,*,#3247,.F.);
#1627=ORIENTED_EDGE('',*,*,#3240,.F.);
#1628=ORIENTED_EDGE('',*,*,#3243,.T.);
#1629=ORIENTED_EDGE('',*,*,#3245,.F.);
#1630=ORIENTED_EDGE('',*,*,#3246,.T.);
#1631=ORIENTED_EDGE('',*,*,#3247,.T.);
#1632=ORIENTED_EDGE('',*,*,#3219,.F.);
#1633=ORIENTED_EDGE('',*,*,#3248,.F.);
#1634=ORIENTED_EDGE('',*,*,#3218,.T.);
#1635=ORIENTED_EDGE('',*,*,#3248,.T.);
#1636=ORIENTED_EDGE('',*,*,#3249,.F.);
#1637=ORIENTED_EDGE('',*,*,#3217,.T.);
#1638=ORIENTED_EDGE('',*,*,#3249,.T.);
#1639=ORIENTED_EDGE('',*,*,#3209,.F.);
#1640=ORIENTED_EDGE('',*,*,#3215,.F.);
#1641=ORIENTED_EDGE('',*,*,#3250,.F.);
#1642=ORIENTED_EDGE('',*,*,#3165,.F.);
#1643=ORIENTED_EDGE('',*,*,#3229,.F.);
#1644=ORIENTED_EDGE('',*,*,#3163,.F.);
#1645=ORIENTED_EDGE('',*,*,#3250,.T.);
#1646=ORIENTED_EDGE('',*,*,#3194,.F.);
#1647=ORIENTED_EDGE('',*,*,#3251,.F.);
#1648=ORIENTED_EDGE('',*,*,#3166,.F.);
#1649=ORIENTED_EDGE('',*,*,#3251,.T.);
#1650=ORIENTED_EDGE('',*,*,#3199,.F.);
#1651=ORIENTED_EDGE('',*,*,#3252,.F.);
#1652=ORIENTED_EDGE('',*,*,#3167,.F.);
#1653=ORIENTED_EDGE('',*,*,#3252,.T.);
#1654=ORIENTED_EDGE('',*,*,#3202,.F.);
#1655=ORIENTED_EDGE('',*,*,#3253,.F.);
#1656=ORIENTED_EDGE('',*,*,#3168,.F.);
#1657=ORIENTED_EDGE('',*,*,#3233,.F.);
#1658=ORIENTED_EDGE('',*,*,#3169,.F.);
#1659=ORIENTED_EDGE('',*,*,#3253,.T.);
#1660=ORIENTED_EDGE('',*,*,#3205,.F.);
#1661=ORIENTED_EDGE('',*,*,#3210,.F.);
#1662=ORIENTED_EDGE('',*,*,#3161,.F.);
#1663=ORIENTED_EDGE('',*,*,#3195,.F.);
#1664=ORIENTED_EDGE('',*,*,#3192,.F.);
#1665=ORIENTED_EDGE('',*,*,#3254,.F.);
#1666=ORIENTED_EDGE('',*,*,#3223,.F.);
#1667=ORIENTED_EDGE('',*,*,#3254,.T.);
#1668=ORIENTED_EDGE('',*,*,#3214,.F.);
#1669=ORIENTED_EDGE('',*,*,#3207,.F.);
#1670=ORIENTED_EDGE('',*,*,#3224,.F.);
#1671=ORIENTED_EDGE('',*,*,#3197,.F.);
#1672=ORIENTED_EDGE('',*,*,#3226,.F.);
#1673=ORIENTED_EDGE('',*,*,#3255,.F.);
#1674=ORIENTED_EDGE('',*,*,#3200,.F.);
#1675=ORIENTED_EDGE('',*,*,#3211,.F.);
#1676=ORIENTED_EDGE('',*,*,#3203,.F.);
#1677=ORIENTED_EDGE('',*,*,#3255,.T.);
#1678=ORIENTED_EDGE('',*,*,#3225,.F.);
#1679=ORIENTED_EDGE('',*,*,#3256,.F.);
#1680=ORIENTED_EDGE('',*,*,#3257,.T.);
#1681=ORIENTED_EDGE('',*,*,#3258,.F.);
#1682=ORIENTED_EDGE('',*,*,#3256,.T.);
#1683=ORIENTED_EDGE('',*,*,#3257,.F.);
#1684=ORIENTED_EDGE('',*,*,#3259,.F.);
#1685=ORIENTED_EDGE('',*,*,#3258,.T.);
#1686=ORIENTED_EDGE('',*,*,#3259,.T.);
#1687=ORIENTED_EDGE('',*,*,#3260,.F.);
#1688=ORIENTED_EDGE('',*,*,#3261,.F.);
#1689=ORIENTED_EDGE('',*,*,#3262,.T.);
#1690=ORIENTED_EDGE('',*,*,#3263,.T.);
#1691=ORIENTED_EDGE('',*,*,#3264,.T.);
#1692=ORIENTED_EDGE('',*,*,#3265,.F.);
#1693=ORIENTED_EDGE('',*,*,#3266,.F.);
#1694=ORIENTED_EDGE('',*,*,#3261,.T.);
#1695=ORIENTED_EDGE('',*,*,#3267,.F.);
#1696=ORIENTED_EDGE('',*,*,#3268,.F.);
#1697=ORIENTED_EDGE('',*,*,#3269,.T.);
#1698=ORIENTED_EDGE('',*,*,#3265,.T.);
#1699=ORIENTED_EDGE('',*,*,#3270,.T.);
#1700=ORIENTED_EDGE('',*,*,#3271,.F.);
#1701=ORIENTED_EDGE('',*,*,#3272,.T.);
#1702=ORIENTED_EDGE('',*,*,#3263,.F.);
#1703=ORIENTED_EDGE('',*,*,#3273,.F.);
#1704=ORIENTED_EDGE('',*,*,#3268,.T.);
#1705=ORIENTED_EDGE('',*,*,#3270,.F.);
#1706=ORIENTED_EDGE('',*,*,#3262,.F.);
#1707=ORIENTED_EDGE('',*,*,#3266,.T.);
#1708=ORIENTED_EDGE('',*,*,#3269,.F.);
#1709=ORIENTED_EDGE('',*,*,#3273,.T.);
#1710=ORIENTED_EDGE('',*,*,#3271,.T.);
#1711=ORIENTED_EDGE('',*,*,#3260,.T.);
#1712=ORIENTED_EDGE('',*,*,#3272,.F.);
#1713=ORIENTED_EDGE('',*,*,#3267,.T.);
#1714=ORIENTED_EDGE('',*,*,#3264,.F.);
#1715=ORIENTED_EDGE('',*,*,#3274,.F.);
#1716=ORIENTED_EDGE('',*,*,#3275,.T.);
#1717=ORIENTED_EDGE('',*,*,#3276,.F.);
#1718=ORIENTED_EDGE('',*,*,#3277,.F.);
#1719=ORIENTED_EDGE('',*,*,#3278,.F.);
#1720=ORIENTED_EDGE('',*,*,#3274,.T.);
#1721=ORIENTED_EDGE('',*,*,#3279,.F.);
#1722=ORIENTED_EDGE('',*,*,#3280,.F.);
#1723=ORIENTED_EDGE('',*,*,#3281,.F.);
#1724=ORIENTED_EDGE('',*,*,#3282,.F.);
#1725=ORIENTED_EDGE('',*,*,#3283,.F.);
#1726=ORIENTED_EDGE('',*,*,#3284,.F.);
#1727=ORIENTED_EDGE('',*,*,#3275,.F.);
#1728=ORIENTED_EDGE('',*,*,#3285,.F.);
#1729=ORIENTED_EDGE('',*,*,#3284,.T.);
#1730=ORIENTED_EDGE('',*,*,#3285,.T.);
#1731=ORIENTED_EDGE('',*,*,#3286,.F.);
#1732=ORIENTED_EDGE('',*,*,#3283,.T.);
#1733=ORIENTED_EDGE('',*,*,#3286,.T.);
#1734=ORIENTED_EDGE('',*,*,#3287,.F.);
#1735=ORIENTED_EDGE('',*,*,#3282,.T.);
#1736=ORIENTED_EDGE('',*,*,#3287,.T.);
#1737=ORIENTED_EDGE('',*,*,#3278,.T.);
#1738=ORIENTED_EDGE('',*,*,#3281,.T.);
#1739=ORIENTED_EDGE('',*,*,#3277,.T.);
#1740=ORIENTED_EDGE('',*,*,#3280,.T.);
#1741=ORIENTED_EDGE('',*,*,#3276,.T.);
#1742=ORIENTED_EDGE('',*,*,#3279,.T.);
#1743=ORIENTED_EDGE('',*,*,#3288,.F.);
#1744=ORIENTED_EDGE('',*,*,#3289,.F.);
#1745=ORIENTED_EDGE('',*,*,#3288,.T.);
#1746=ORIENTED_EDGE('',*,*,#3289,.T.);
#1747=ORIENTED_EDGE('',*,*,#3290,.F.);
#1748=ORIENTED_EDGE('',*,*,#3291,.T.);
#1749=ORIENTED_EDGE('',*,*,#3292,.T.);
#1750=ORIENTED_EDGE('',*,*,#3293,.F.);
#1751=ORIENTED_EDGE('',*,*,#3294,.F.);
#1752=ORIENTED_EDGE('',*,*,#3295,.F.);
#1753=ORIENTED_EDGE('',*,*,#3296,.F.);
#1754=ORIENTED_EDGE('',*,*,#3297,.F.);
#1755=ORIENTED_EDGE('',*,*,#3298,.F.);
#1756=ORIENTED_EDGE('',*,*,#3299,.F.);
#1757=ORIENTED_EDGE('',*,*,#3300,.T.);
#1758=ORIENTED_EDGE('',*,*,#3291,.F.);
#1759=ORIENTED_EDGE('',*,*,#3293,.T.);
#1760=ORIENTED_EDGE('',*,*,#3301,.T.);
#1761=ORIENTED_EDGE('',*,*,#3302,.T.);
#1762=ORIENTED_EDGE('',*,*,#3303,.F.);
#1763=ORIENTED_EDGE('',*,*,#3304,.T.);
#1764=ORIENTED_EDGE('',*,*,#3305,.F.);
#1765=ORIENTED_EDGE('',*,*,#3306,.F.);
#1766=ORIENTED_EDGE('',*,*,#3307,.F.);
#1767=ORIENTED_EDGE('',*,*,#3308,.F.);
#1768=ORIENTED_EDGE('',*,*,#3309,.T.);
#1769=ORIENTED_EDGE('',*,*,#3310,.F.);
#1770=ORIENTED_EDGE('',*,*,#3311,.T.);
#1771=ORIENTED_EDGE('',*,*,#3312,.T.);
#1772=ORIENTED_EDGE('',*,*,#3313,.T.);
#1773=ORIENTED_EDGE('',*,*,#3314,.T.);
#1774=ORIENTED_EDGE('',*,*,#3315,.T.);
#1775=ORIENTED_EDGE('',*,*,#3316,.T.);
#1776=ORIENTED_EDGE('',*,*,#3317,.T.);
#1777=ORIENTED_EDGE('',*,*,#3318,.F.);
#1778=ORIENTED_EDGE('',*,*,#3319,.F.);
#1779=ORIENTED_EDGE('',*,*,#3310,.T.);
#1780=ORIENTED_EDGE('',*,*,#3320,.T.);
#1781=ORIENTED_EDGE('',*,*,#3321,.F.);
#1782=ORIENTED_EDGE('',*,*,#3322,.F.);
#1783=ORIENTED_EDGE('',*,*,#3318,.T.);
#1784=ORIENTED_EDGE('',*,*,#3323,.T.);
#1785=ORIENTED_EDGE('',*,*,#3324,.F.);
#1786=ORIENTED_EDGE('',*,*,#3325,.T.);
#1787=ORIENTED_EDGE('',*,*,#3326,.F.);
#1788=ORIENTED_EDGE('',*,*,#3327,.T.);
#1789=ORIENTED_EDGE('',*,*,#3328,.F.);
#1790=ORIENTED_EDGE('',*,*,#3329,.T.);
#1791=ORIENTED_EDGE('',*,*,#3330,.F.);
#1792=ORIENTED_EDGE('',*,*,#3331,.T.);
#1793=ORIENTED_EDGE('',*,*,#3332,.F.);
#1794=ORIENTED_EDGE('',*,*,#3333,.T.);
#1795=ORIENTED_EDGE('',*,*,#3334,.F.);
#1796=ORIENTED_EDGE('',*,*,#3335,.T.);
#1797=ORIENTED_EDGE('',*,*,#3336,.T.);
#1798=ORIENTED_EDGE('',*,*,#3337,.T.);
#1799=ORIENTED_EDGE('',*,*,#3338,.F.);
#1800=ORIENTED_EDGE('',*,*,#3339,.T.);
#1801=ORIENTED_EDGE('',*,*,#3340,.T.);
#1802=ORIENTED_EDGE('',*,*,#3341,.T.);
#1803=ORIENTED_EDGE('',*,*,#3302,.F.);
#1804=ORIENTED_EDGE('',*,*,#3342,.F.);
#1805=ORIENTED_EDGE('',*,*,#3343,.F.);
#1806=ORIENTED_EDGE('',*,*,#3344,.T.);
#1807=ORIENTED_EDGE('',*,*,#3345,.T.);
#1808=ORIENTED_EDGE('',*,*,#3346,.F.);
#1809=ORIENTED_EDGE('',*,*,#3328,.T.);
#1810=ORIENTED_EDGE('',*,*,#3326,.T.);
#1811=ORIENTED_EDGE('',*,*,#3330,.T.);
#1812=ORIENTED_EDGE('',*,*,#3304,.F.);
#1813=ORIENTED_EDGE('',*,*,#3347,.T.);
#1814=ORIENTED_EDGE('',*,*,#3348,.F.);
#1815=ORIENTED_EDGE('',*,*,#3349,.T.);
#1816=ORIENTED_EDGE('',*,*,#3350,.F.);
#1817=ORIENTED_EDGE('',*,*,#3294,.T.);
#1818=ORIENTED_EDGE('',*,*,#3351,.F.);
#1819=ORIENTED_EDGE('',*,*,#3352,.T.);
#1820=ORIENTED_EDGE('',*,*,#3353,.T.);
#1821=ORIENTED_EDGE('',*,*,#3354,.T.);
#1822=ORIENTED_EDGE('',*,*,#3355,.F.);
#1823=ORIENTED_EDGE('',*,*,#3296,.T.);
#1824=ORIENTED_EDGE('',*,*,#3356,.T.);
#1825=ORIENTED_EDGE('',*,*,#3357,.T.);
#1826=ORIENTED_EDGE('',*,*,#3358,.T.);
#1827=ORIENTED_EDGE('',*,*,#3359,.T.);
#1828=ORIENTED_EDGE('',*,*,#3360,.T.);
#1829=ORIENTED_EDGE('',*,*,#3324,.T.);
#1830=ORIENTED_EDGE('',*,*,#3361,.T.);
#1831=ORIENTED_EDGE('',*,*,#3362,.T.);
#1832=ORIENTED_EDGE('',*,*,#3352,.F.);
#1833=ORIENTED_EDGE('',*,*,#3363,.T.);
#1834=ORIENTED_EDGE('',*,*,#3356,.F.);
#1835=ORIENTED_EDGE('',*,*,#3364,.T.);
#1836=ORIENTED_EDGE('',*,*,#3358,.F.);
#1837=ORIENTED_EDGE('',*,*,#3365,.T.);
#1838=ORIENTED_EDGE('',*,*,#3349,.F.);
#1839=ORIENTED_EDGE('',*,*,#3366,.T.);
#1840=ORIENTED_EDGE('',*,*,#3347,.F.);
#1841=ORIENTED_EDGE('',*,*,#3303,.T.);
#1842=ORIENTED_EDGE('',*,*,#3341,.F.);
#1843=ORIENTED_EDGE('',*,*,#3367,.T.);
#1844=ORIENTED_EDGE('',*,*,#3335,.F.);
#1845=ORIENTED_EDGE('',*,*,#3368,.T.);
#1846=ORIENTED_EDGE('',*,*,#3354,.F.);
#1847=ORIENTED_EDGE('',*,*,#3369,.F.);
#1848=ORIENTED_EDGE('',*,*,#3370,.F.);
#1849=ORIENTED_EDGE('',*,*,#3371,.T.);
#1850=ORIENTED_EDGE('',*,*,#3372,.T.);
#1851=ORIENTED_EDGE('',*,*,#3373,.F.);
#1852=ORIENTED_EDGE('',*,*,#3348,.T.);
#1853=ORIENTED_EDGE('',*,*,#3374,.T.);
#1854=ORIENTED_EDGE('',*,*,#3375,.F.);
#1855=ORIENTED_EDGE('',*,*,#3376,.T.);
#1856=ORIENTED_EDGE('',*,*,#3377,.T.);
#1857=ORIENTED_EDGE('',*,*,#3378,.T.);
#1858=ORIENTED_EDGE('',*,*,#3375,.T.);
#1859=ORIENTED_EDGE('',*,*,#3379,.T.);
#1860=ORIENTED_EDGE('',*,*,#3380,.F.);
#1861=ORIENTED_EDGE('',*,*,#3381,.T.);
#1862=ORIENTED_EDGE('',*,*,#3338,.T.);
#1863=ORIENTED_EDGE('',*,*,#3382,.T.);
#1864=ORIENTED_EDGE('',*,*,#3383,.F.);
#1865=ORIENTED_EDGE('',*,*,#3384,.T.);
#1866=ORIENTED_EDGE('',*,*,#3380,.T.);
#1867=ORIENTED_EDGE('',*,*,#3385,.T.);
#1868=ORIENTED_EDGE('',*,*,#3383,.T.);
#1869=ORIENTED_EDGE('',*,*,#3386,.T.);
#1870=ORIENTED_EDGE('',*,*,#3387,.F.);
#1871=ORIENTED_EDGE('',*,*,#3388,.T.);
#1872=ORIENTED_EDGE('',*,*,#3387,.T.);
#1873=ORIENTED_EDGE('',*,*,#3389,.T.);
#1874=ORIENTED_EDGE('',*,*,#3353,.F.);
#1875=ORIENTED_EDGE('',*,*,#3390,.T.);
#1876=ORIENTED_EDGE('',*,*,#3391,.T.);
#1877=ORIENTED_EDGE('',*,*,#3392,.T.);
#1878=ORIENTED_EDGE('',*,*,#3344,.F.);
#1879=ORIENTED_EDGE('',*,*,#3393,.F.);
#1880=ORIENTED_EDGE('',*,*,#3394,.T.);
#1881=ORIENTED_EDGE('',*,*,#3395,.T.);
#1882=ORIENTED_EDGE('',*,*,#3299,.T.);
#1883=ORIENTED_EDGE('',*,*,#3396,.T.);
#1884=ORIENTED_EDGE('',*,*,#3332,.T.);
#1885=ORIENTED_EDGE('',*,*,#3397,.F.);
#1886=ORIENTED_EDGE('',*,*,#3371,.F.);
#1887=ORIENTED_EDGE('',*,*,#3398,.F.);
#1888=ORIENTED_EDGE('',*,*,#3399,.F.);
#1889=ORIENTED_EDGE('',*,*,#3400,.F.);
#1890=ORIENTED_EDGE('',*,*,#3393,.T.);
#1891=ORIENTED_EDGE('',*,*,#3343,.T.);
#1892=ORIENTED_EDGE('',*,*,#3401,.F.);
#1893=ORIENTED_EDGE('',*,*,#3346,.T.);
#1894=ORIENTED_EDGE('',*,*,#3402,.F.);
#1895=ORIENTED_EDGE('',*,*,#3372,.F.);
#1896=ORIENTED_EDGE('',*,*,#3397,.T.);
#1897=ORIENTED_EDGE('',*,*,#3403,.T.);
#1898=ORIENTED_EDGE('',*,*,#3404,.F.);
#1899=ORIENTED_EDGE('',*,*,#3405,.F.);
#1900=ORIENTED_EDGE('',*,*,#3373,.T.);
#1901=ORIENTED_EDGE('',*,*,#3402,.T.);
#1902=ORIENTED_EDGE('',*,*,#3345,.F.);
#1903=ORIENTED_EDGE('',*,*,#3395,.F.);
#1904=ORIENTED_EDGE('',*,*,#3406,.F.);
#1905=ORIENTED_EDGE('',*,*,#3403,.F.);
#1906=ORIENTED_EDGE('',*,*,#3394,.F.);
#1907=ORIENTED_EDGE('',*,*,#3400,.T.);
#1908=ORIENTED_EDGE('',*,*,#3406,.T.);
#1909=ORIENTED_EDGE('',*,*,#3399,.T.);
#1910=ORIENTED_EDGE('',*,*,#3407,.F.);
#1911=ORIENTED_EDGE('',*,*,#3404,.T.);
#1912=ORIENTED_EDGE('',*,*,#3370,.T.);
#1913=ORIENTED_EDGE('',*,*,#3405,.T.);
#1914=ORIENTED_EDGE('',*,*,#3407,.T.);
#1915=ORIENTED_EDGE('',*,*,#3398,.T.);
#1916=ORIENTED_EDGE('',*,*,#3408,.F.);
#1917=ORIENTED_EDGE('',*,*,#3315,.F.);
#1918=ORIENTED_EDGE('',*,*,#3409,.F.);
#1919=ORIENTED_EDGE('',*,*,#3388,.F.);
#1920=ORIENTED_EDGE('',*,*,#3409,.T.);
#1921=ORIENTED_EDGE('',*,*,#3314,.F.);
#1922=ORIENTED_EDGE('',*,*,#3410,.F.);
#1923=ORIENTED_EDGE('',*,*,#3384,.F.);
#1924=ORIENTED_EDGE('',*,*,#3408,.T.);
#1925=ORIENTED_EDGE('',*,*,#3392,.F.);
#1926=ORIENTED_EDGE('',*,*,#3411,.F.);
#1927=ORIENTED_EDGE('',*,*,#3316,.F.);
#1928=ORIENTED_EDGE('',*,*,#3410,.T.);
#1929=ORIENTED_EDGE('',*,*,#3313,.F.);
#1930=ORIENTED_EDGE('',*,*,#3412,.F.);
#1931=ORIENTED_EDGE('',*,*,#3381,.F.);
#1932=ORIENTED_EDGE('',*,*,#3411,.T.);
#1933=ORIENTED_EDGE('',*,*,#3391,.F.);
#1934=ORIENTED_EDGE('',*,*,#3413,.F.);
#1935=ORIENTED_EDGE('',*,*,#3361,.F.);
#1936=ORIENTED_EDGE('',*,*,#3323,.F.);
#1937=ORIENTED_EDGE('',*,*,#3317,.F.);
#1938=ORIENTED_EDGE('',*,*,#3312,.F.);
#1939=ORIENTED_EDGE('',*,*,#3414,.F.);
#1940=ORIENTED_EDGE('',*,*,#3376,.F.);
#1941=ORIENTED_EDGE('',*,*,#3412,.T.);
#1942=ORIENTED_EDGE('',*,*,#3413,.T.);
#1943=ORIENTED_EDGE('',*,*,#3390,.F.);
#1944=ORIENTED_EDGE('',*,*,#3364,.F.);
#1945=ORIENTED_EDGE('',*,*,#3362,.F.);
#1946=ORIENTED_EDGE('',*,*,#3325,.F.);
#1947=ORIENTED_EDGE('',*,*,#3360,.F.);
#1948=ORIENTED_EDGE('',*,*,#3415,.F.);
#1949=ORIENTED_EDGE('',*,*,#3377,.F.);
#1950=ORIENTED_EDGE('',*,*,#3414,.T.);
#1951=ORIENTED_EDGE('',*,*,#3311,.F.);
#1952=ORIENTED_EDGE('',*,*,#3415,.T.);
#1953=ORIENTED_EDGE('',*,*,#3359,.F.);
#1954=ORIENTED_EDGE('',*,*,#3366,.F.);
#1955=ORIENTED_EDGE('',*,*,#3378,.F.);
#1956=ORIENTED_EDGE('',*,*,#3385,.F.);
#1957=ORIENTED_EDGE('',*,*,#3379,.F.);
#1958=ORIENTED_EDGE('',*,*,#3416,.F.);
#1959=ORIENTED_EDGE('',*,*,#3339,.F.);
#1960=ORIENTED_EDGE('',*,*,#3416,.T.);
#1961=ORIENTED_EDGE('',*,*,#3374,.F.);
#1962=ORIENTED_EDGE('',*,*,#3367,.F.);
#1963=ORIENTED_EDGE('',*,*,#3340,.F.);
#1964=ORIENTED_EDGE('',*,*,#3369,.T.);
#1965=ORIENTED_EDGE('',*,*,#3389,.F.);
#1966=ORIENTED_EDGE('',*,*,#3417,.F.);
#1967=ORIENTED_EDGE('',*,*,#3336,.F.);
#1968=ORIENTED_EDGE('',*,*,#3417,.T.);
#1969=ORIENTED_EDGE('',*,*,#3386,.F.);
#1970=ORIENTED_EDGE('',*,*,#3382,.F.);
#1971=ORIENTED_EDGE('',*,*,#3337,.F.);
#1972=ORIENTED_EDGE('',*,*,#3418,.F.);
#1973=ORIENTED_EDGE('',*,*,#3297,.T.);
#1974=ORIENTED_EDGE('',*,*,#3355,.T.);
#1975=ORIENTED_EDGE('',*,*,#3368,.F.);
#1976=ORIENTED_EDGE('',*,*,#3334,.T.);
#1977=ORIENTED_EDGE('',*,*,#3351,.T.);
#1978=ORIENTED_EDGE('',*,*,#3295,.T.);
#1979=ORIENTED_EDGE('',*,*,#3350,.T.);
#1980=ORIENTED_EDGE('',*,*,#3365,.F.);
#1981=ORIENTED_EDGE('',*,*,#3357,.F.);
#1982=ORIENTED_EDGE('',*,*,#3363,.F.);
#1983=ORIENTED_EDGE('',*,*,#3419,.F.);
#1984=ORIENTED_EDGE('',*,*,#3307,.T.);
#1985=ORIENTED_EDGE('',*,*,#3331,.F.);
#1986=ORIENTED_EDGE('',*,*,#3419,.T.);
#1987=ORIENTED_EDGE('',*,*,#3420,.F.);
#1988=ORIENTED_EDGE('',*,*,#3306,.T.);
#1989=ORIENTED_EDGE('',*,*,#3327,.F.);
#1990=ORIENTED_EDGE('',*,*,#3420,.T.);
#1991=ORIENTED_EDGE('',*,*,#3421,.F.);
#1992=ORIENTED_EDGE('',*,*,#3305,.T.);
#1993=ORIENTED_EDGE('',*,*,#3329,.F.);
#1994=ORIENTED_EDGE('',*,*,#3421,.T.);
#1995=ORIENTED_EDGE('',*,*,#3422,.F.);
#1996=ORIENTED_EDGE('',*,*,#3423,.T.);
#1997=ORIENTED_EDGE('',*,*,#3424,.T.);
#1998=ORIENTED_EDGE('',*,*,#3320,.F.);
#1999=ORIENTED_EDGE('',*,*,#3309,.F.);
#2000=ORIENTED_EDGE('',*,*,#3308,.T.);
#2001=ORIENTED_EDGE('',*,*,#3425,.F.);
#2002=ORIENTED_EDGE('',*,*,#3426,.F.);
#2003=ORIENTED_EDGE('',*,*,#3422,.T.);
#2004=ORIENTED_EDGE('',*,*,#3319,.T.);
#2005=ORIENTED_EDGE('',*,*,#3322,.T.);
#2006=ORIENTED_EDGE('',*,*,#3427,.F.);
#2007=ORIENTED_EDGE('',*,*,#3428,.F.);
#2008=ORIENTED_EDGE('',*,*,#3425,.T.);
#2009=ORIENTED_EDGE('',*,*,#3321,.T.);
#2010=ORIENTED_EDGE('',*,*,#3424,.F.);
#2011=ORIENTED_EDGE('',*,*,#3429,.F.);
#2012=ORIENTED_EDGE('',*,*,#3427,.T.);
#2013=ORIENTED_EDGE('',*,*,#3423,.F.);
#2014=ORIENTED_EDGE('',*,*,#3426,.T.);
#2015=ORIENTED_EDGE('',*,*,#3428,.T.);
#2016=ORIENTED_EDGE('',*,*,#3429,.T.);
#2017=ORIENTED_EDGE('',*,*,#3300,.F.);
#2018=ORIENTED_EDGE('',*,*,#3401,.T.);
#2019=ORIENTED_EDGE('',*,*,#3342,.T.);
#2020=ORIENTED_EDGE('',*,*,#3301,.F.);
#2021=ORIENTED_EDGE('',*,*,#3292,.F.);
#2022=ORIENTED_EDGE('',*,*,#3290,.T.);
#2023=ORIENTED_EDGE('',*,*,#3418,.T.);
#2024=ORIENTED_EDGE('',*,*,#3333,.F.);
#2025=ORIENTED_EDGE('',*,*,#3396,.F.);
#2026=ORIENTED_EDGE('',*,*,#3298,.T.);
#2027=ORIENTED_EDGE('',*,*,#3430,.F.);
#2028=ORIENTED_EDGE('',*,*,#3431,.F.);
#2029=ORIENTED_EDGE('',*,*,#3432,.T.);
#2030=ORIENTED_EDGE('',*,*,#3433,.T.);
#2031=ORIENTED_EDGE('',*,*,#3434,.T.);
#2032=ORIENTED_EDGE('',*,*,#3435,.F.);
#2033=ORIENTED_EDGE('',*,*,#3436,.F.);
#2034=ORIENTED_EDGE('',*,*,#3431,.T.);
#2035=ORIENTED_EDGE('',*,*,#3437,.F.);
#2036=ORIENTED_EDGE('',*,*,#3438,.F.);
#2037=ORIENTED_EDGE('',*,*,#3439,.T.);
#2038=ORIENTED_EDGE('',*,*,#3435,.T.);
#2039=ORIENTED_EDGE('',*,*,#3440,.T.);
#2040=ORIENTED_EDGE('',*,*,#3433,.F.);
#2041=ORIENTED_EDGE('',*,*,#3441,.F.);
#2042=ORIENTED_EDGE('',*,*,#3438,.T.);
#2043=ORIENTED_EDGE('',*,*,#3432,.F.);
#2044=ORIENTED_EDGE('',*,*,#3436,.T.);
#2045=ORIENTED_EDGE('',*,*,#3439,.F.);
#2046=ORIENTED_EDGE('',*,*,#3441,.T.);
#2047=ORIENTED_EDGE('',*,*,#3430,.T.);
#2048=ORIENTED_EDGE('',*,*,#3440,.F.);
#2049=ORIENTED_EDGE('',*,*,#3437,.T.);
#2050=ORIENTED_EDGE('',*,*,#3434,.F.);
#2051=ORIENTED_EDGE('',*,*,#3442,.T.);
#2052=ORIENTED_EDGE('',*,*,#3443,.T.);
#2053=ORIENTED_EDGE('',*,*,#3444,.T.);
#2054=ORIENTED_EDGE('',*,*,#3445,.T.);
#2055=ORIENTED_EDGE('',*,*,#3446,.T.);
#2056=ORIENTED_EDGE('',*,*,#3447,.T.);
#2057=ORIENTED_EDGE('',*,*,#3448,.T.);
#2058=ORIENTED_EDGE('',*,*,#3449,.T.);
#2059=ORIENTED_EDGE('',*,*,#3450,.T.);
#2060=ORIENTED_EDGE('',*,*,#3451,.T.);
#2061=ORIENTED_EDGE('',*,*,#3452,.F.);
#2062=ORIENTED_EDGE('',*,*,#3453,.F.);
#2063=ORIENTED_EDGE('',*,*,#3454,.T.);
#2064=ORIENTED_EDGE('',*,*,#3455,.F.);
#2065=ORIENTED_EDGE('',*,*,#3456,.F.);
#2066=ORIENTED_EDGE('',*,*,#3453,.T.);
#2067=ORIENTED_EDGE('',*,*,#3457,.F.);
#2068=ORIENTED_EDGE('',*,*,#3458,.T.);
#2069=ORIENTED_EDGE('',*,*,#3459,.T.);
#2070=ORIENTED_EDGE('',*,*,#3455,.T.);
#2071=ORIENTED_EDGE('',*,*,#3460,.F.);
#2072=ORIENTED_EDGE('',*,*,#3461,.T.);
#2073=ORIENTED_EDGE('',*,*,#3462,.T.);
#2074=ORIENTED_EDGE('',*,*,#3463,.T.);
#2075=ORIENTED_EDGE('',*,*,#3464,.F.);
#2076=ORIENTED_EDGE('',*,*,#3465,.T.);
#2077=ORIENTED_EDGE('',*,*,#3466,.T.);
#2078=ORIENTED_EDGE('',*,*,#3467,.F.);
#2079=ORIENTED_EDGE('',*,*,#3468,.F.);
#2080=ORIENTED_EDGE('',*,*,#3459,.F.);
#2081=ORIENTED_EDGE('',*,*,#3469,.T.);
#2082=ORIENTED_EDGE('',*,*,#3462,.F.);
#2083=ORIENTED_EDGE('',*,*,#3470,.F.);
#2084=ORIENTED_EDGE('',*,*,#3466,.F.);
#2085=ORIENTED_EDGE('',*,*,#3471,.T.);
#2086=ORIENTED_EDGE('',*,*,#3450,.F.);
#2087=ORIENTED_EDGE('',*,*,#3456,.T.);
#2088=ORIENTED_EDGE('',*,*,#3444,.F.);
#2089=ORIENTED_EDGE('',*,*,#3442,.F.);
#2090=ORIENTED_EDGE('',*,*,#3472,.F.);
#2091=ORIENTED_EDGE('',*,*,#3473,.F.);
#2092=ORIENTED_EDGE('',*,*,#3460,.T.);
#2093=ORIENTED_EDGE('',*,*,#3464,.T.);
#2094=ORIENTED_EDGE('',*,*,#3474,.T.);
#2095=ORIENTED_EDGE('',*,*,#3457,.T.);
#2096=ORIENTED_EDGE('',*,*,#3454,.F.);
#2097=ORIENTED_EDGE('',*,*,#3452,.T.);
#2098=ORIENTED_EDGE('',*,*,#3475,.T.);
#2099=ORIENTED_EDGE('',*,*,#3476,.F.);
#2100=ORIENTED_EDGE('',*,*,#3470,.T.);
#2101=ORIENTED_EDGE('',*,*,#3477,.F.);
#2102=ORIENTED_EDGE('',*,*,#3478,.F.);
#2103=ORIENTED_EDGE('',*,*,#3479,.F.);
#2104=ORIENTED_EDGE('',*,*,#3446,.F.);
#2105=ORIENTED_EDGE('',*,*,#3461,.F.);
#2106=ORIENTED_EDGE('',*,*,#3448,.F.);
#2107=ORIENTED_EDGE('',*,*,#3476,.T.);
#2108=ORIENTED_EDGE('',*,*,#3480,.F.);
#2109=ORIENTED_EDGE('',*,*,#3479,.T.);
#2110=ORIENTED_EDGE('',*,*,#3480,.T.);
#2111=ORIENTED_EDGE('',*,*,#3481,.F.);
#2112=ORIENTED_EDGE('',*,*,#3478,.T.);
#2113=ORIENTED_EDGE('',*,*,#3481,.T.);
#2114=ORIENTED_EDGE('',*,*,#3482,.F.);
#2115=ORIENTED_EDGE('',*,*,#3477,.T.);
#2116=ORIENTED_EDGE('',*,*,#3482,.T.);
#2117=ORIENTED_EDGE('',*,*,#3483,.F.);
#2118=ORIENTED_EDGE('',*,*,#3473,.T.);
#2119=ORIENTED_EDGE('',*,*,#3449,.F.);
#2120=ORIENTED_EDGE('',*,*,#3483,.T.);
#2121=ORIENTED_EDGE('',*,*,#3484,.F.);
#2122=ORIENTED_EDGE('',*,*,#3472,.T.);
#2123=ORIENTED_EDGE('',*,*,#3447,.F.);
#2124=ORIENTED_EDGE('',*,*,#3484,.T.);
#2125=ORIENTED_EDGE('',*,*,#3485,.F.);
#2126=ORIENTED_EDGE('',*,*,#3468,.T.);
#2127=ORIENTED_EDGE('',*,*,#3445,.F.);
#2128=ORIENTED_EDGE('',*,*,#3485,.T.);
#2129=ORIENTED_EDGE('',*,*,#3486,.F.);
#2130=ORIENTED_EDGE('',*,*,#3467,.T.);
#2131=ORIENTED_EDGE('',*,*,#3443,.F.);
#2132=ORIENTED_EDGE('',*,*,#3486,.T.);
#2133=ORIENTED_EDGE('',*,*,#3469,.F.);
#2134=ORIENTED_EDGE('',*,*,#3458,.F.);
#2135=ORIENTED_EDGE('',*,*,#3474,.F.);
#2136=ORIENTED_EDGE('',*,*,#3463,.F.);
#2137=ORIENTED_EDGE('',*,*,#3471,.F.);
#2138=ORIENTED_EDGE('',*,*,#3465,.F.);
#2139=ORIENTED_EDGE('',*,*,#3475,.F.);
#2140=ORIENTED_EDGE('',*,*,#3451,.F.);
#2141=ORIENTED_EDGE('',*,*,#3487,.F.);
#2142=ORIENTED_EDGE('',*,*,#3488,.T.);
#2143=ORIENTED_EDGE('',*,*,#3489,.F.);
#2144=ORIENTED_EDGE('',*,*,#3490,.F.);
#2145=ORIENTED_EDGE('',*,*,#3491,.T.);
#2146=ORIENTED_EDGE('',*,*,#3492,.F.);
#2147=ORIENTED_EDGE('',*,*,#3493,.T.);
#2148=ORIENTED_EDGE('',*,*,#3494,.F.);
#2149=ORIENTED_EDGE('',*,*,#3495,.T.);
#2150=ORIENTED_EDGE('',*,*,#3496,.F.);
#2151=ORIENTED_EDGE('',*,*,#3497,.F.);
#2152=ORIENTED_EDGE('',*,*,#3498,.F.);
#2153=ORIENTED_EDGE('',*,*,#3499,.F.);
#2154=ORIENTED_EDGE('',*,*,#3500,.T.);
#2155=ORIENTED_EDGE('',*,*,#3501,.T.);
#2156=ORIENTED_EDGE('',*,*,#3502,.F.);
#2157=ORIENTED_EDGE('',*,*,#3503,.T.);
#2158=ORIENTED_EDGE('',*,*,#3496,.T.);
#2159=ORIENTED_EDGE('',*,*,#3504,.T.);
#2160=ORIENTED_EDGE('',*,*,#3505,.F.);
#2161=ORIENTED_EDGE('',*,*,#3506,.T.);
#2162=ORIENTED_EDGE('',*,*,#3492,.T.);
#2163=ORIENTED_EDGE('',*,*,#3507,.T.);
#2164=ORIENTED_EDGE('',*,*,#3508,.F.);
#2165=ORIENTED_EDGE('',*,*,#3509,.T.);
#2166=ORIENTED_EDGE('',*,*,#3510,.T.);
#2167=ORIENTED_EDGE('',*,*,#3511,.T.);
#2168=ORIENTED_EDGE('',*,*,#3512,.T.);
#2169=ORIENTED_EDGE('',*,*,#3513,.T.);
#2170=ORIENTED_EDGE('',*,*,#3514,.T.);
#2171=ORIENTED_EDGE('',*,*,#3515,.T.);
#2172=ORIENTED_EDGE('',*,*,#3516,.T.);
#2173=ORIENTED_EDGE('',*,*,#3517,.T.);
#2174=ORIENTED_EDGE('',*,*,#3518,.F.);
#2175=ORIENTED_EDGE('',*,*,#3519,.T.);
#2176=ORIENTED_EDGE('',*,*,#3520,.T.);
#2177=ORIENTED_EDGE('',*,*,#3521,.T.);
#2178=ORIENTED_EDGE('',*,*,#3522,.F.);
#2179=ORIENTED_EDGE('',*,*,#3523,.T.);
#2180=ORIENTED_EDGE('',*,*,#3524,.T.);
#2181=ORIENTED_EDGE('',*,*,#3525,.T.);
#2182=ORIENTED_EDGE('',*,*,#3500,.F.);
#2183=ORIENTED_EDGE('',*,*,#3526,.T.);
#2184=ORIENTED_EDGE('',*,*,#3527,.F.);
#2185=ORIENTED_EDGE('',*,*,#3528,.T.);
#2186=ORIENTED_EDGE('',*,*,#3520,.F.);
#2187=ORIENTED_EDGE('',*,*,#3529,.T.);
#2188=ORIENTED_EDGE('',*,*,#3530,.F.);
#2189=ORIENTED_EDGE('',*,*,#3531,.T.);
#2190=ORIENTED_EDGE('',*,*,#3532,.T.);
#2191=ORIENTED_EDGE('',*,*,#3533,.T.);
#2192=ORIENTED_EDGE('',*,*,#3510,.F.);
#2193=ORIENTED_EDGE('',*,*,#3534,.T.);
#2194=ORIENTED_EDGE('',*,*,#3535,.F.);
#2195=ORIENTED_EDGE('',*,*,#3489,.T.);
#2196=ORIENTED_EDGE('',*,*,#3536,.T.);
#2197=ORIENTED_EDGE('',*,*,#3537,.F.);
#2198=ORIENTED_EDGE('',*,*,#3538,.F.);
#2199=ORIENTED_EDGE('',*,*,#3539,.T.);
#2200=ORIENTED_EDGE('',*,*,#3540,.F.);
#2201=ORIENTED_EDGE('',*,*,#3541,.T.);
#2202=ORIENTED_EDGE('',*,*,#3542,.F.);
#2203=ORIENTED_EDGE('',*,*,#3543,.T.);
#2204=ORIENTED_EDGE('',*,*,#3544,.F.);
#2205=ORIENTED_EDGE('',*,*,#3545,.T.);
#2206=ORIENTED_EDGE('',*,*,#3546,.F.);
#2207=ORIENTED_EDGE('',*,*,#3547,.T.);
#2208=ORIENTED_EDGE('',*,*,#3548,.F.);
#2209=ORIENTED_EDGE('',*,*,#3549,.T.);
#2210=ORIENTED_EDGE('',*,*,#3550,.F.);
#2211=ORIENTED_EDGE('',*,*,#3551,.F.);
#2212=ORIENTED_EDGE('',*,*,#3552,.F.);
#2213=ORIENTED_EDGE('',*,*,#3513,.F.);
#2214=ORIENTED_EDGE('',*,*,#3553,.T.);
#2215=ORIENTED_EDGE('',*,*,#3537,.T.);
#2216=ORIENTED_EDGE('',*,*,#3554,.T.);
#2217=ORIENTED_EDGE('',*,*,#3555,.F.);
#2218=ORIENTED_EDGE('',*,*,#3556,.T.);
#2219=ORIENTED_EDGE('',*,*,#3557,.F.);
#2220=ORIENTED_EDGE('',*,*,#3499,.T.);
#2221=ORIENTED_EDGE('',*,*,#3558,.F.);
#2222=ORIENTED_EDGE('',*,*,#3516,.F.);
#2223=ORIENTED_EDGE('',*,*,#3559,.T.);
#2224=ORIENTED_EDGE('',*,*,#3560,.T.);
#2225=ORIENTED_EDGE('',*,*,#3555,.T.);
#2226=ORIENTED_EDGE('',*,*,#3561,.T.);
#2227=ORIENTED_EDGE('',*,*,#3531,.F.);
#2228=ORIENTED_EDGE('',*,*,#3562,.F.);
#2229=ORIENTED_EDGE('',*,*,#3563,.T.);
#2230=ORIENTED_EDGE('',*,*,#3548,.T.);
#2231=ORIENTED_EDGE('',*,*,#3546,.T.);
#2232=ORIENTED_EDGE('',*,*,#3544,.T.);
#2233=ORIENTED_EDGE('',*,*,#3542,.T.);
#2234=ORIENTED_EDGE('',*,*,#3540,.T.);
#2235=ORIENTED_EDGE('',*,*,#3538,.T.);
#2236=ORIENTED_EDGE('',*,*,#3558,.T.);
#2237=ORIENTED_EDGE('',*,*,#3564,.F.);
#2238=ORIENTED_EDGE('',*,*,#3565,.T.);
#2239=ORIENTED_EDGE('',*,*,#3524,.F.);
#2240=ORIENTED_EDGE('',*,*,#3561,.F.);
#2241=ORIENTED_EDGE('',*,*,#3554,.F.);
#2242=ORIENTED_EDGE('',*,*,#3536,.F.);
#2243=ORIENTED_EDGE('',*,*,#3488,.F.);
#2244=ORIENTED_EDGE('',*,*,#3566,.T.);
#2245=ORIENTED_EDGE('',*,*,#3567,.F.);
#2246=ORIENTED_EDGE('',*,*,#3552,.T.);
#2247=ORIENTED_EDGE('',*,*,#3557,.T.);
#2248=ORIENTED_EDGE('',*,*,#3568,.T.);
#2249=ORIENTED_EDGE('',*,*,#3567,.T.);
#2250=ORIENTED_EDGE('',*,*,#3568,.F.);
#2251=ORIENTED_EDGE('',*,*,#3569,.F.);
#2252=ORIENTED_EDGE('',*,*,#3551,.T.);
#2253=ORIENTED_EDGE('',*,*,#3569,.T.);
#2254=ORIENTED_EDGE('',*,*,#3570,.F.);
#2255=ORIENTED_EDGE('',*,*,#3550,.T.);
#2256=ORIENTED_EDGE('',*,*,#3570,.T.);
#2257=ORIENTED_EDGE('',*,*,#3505,.T.);
#2258=ORIENTED_EDGE('',*,*,#3571,.T.);
#2259=ORIENTED_EDGE('',*,*,#3572,.F.);
#2260=ORIENTED_EDGE('',*,*,#3573,.T.);
#2261=ORIENTED_EDGE('',*,*,#3547,.F.);
#2262=ORIENTED_EDGE('',*,*,#3494,.T.);
#2263=ORIENTED_EDGE('',*,*,#3574,.T.);
#2264=ORIENTED_EDGE('',*,*,#3572,.T.);
#2265=ORIENTED_EDGE('',*,*,#3575,.T.);
#2266=ORIENTED_EDGE('',*,*,#3576,.F.);
#2267=ORIENTED_EDGE('',*,*,#3577,.T.);
#2268=ORIENTED_EDGE('',*,*,#3508,.T.);
#2269=ORIENTED_EDGE('',*,*,#3578,.T.);
#2270=ORIENTED_EDGE('',*,*,#3545,.F.);
#2271=ORIENTED_EDGE('',*,*,#3535,.T.);
#2272=ORIENTED_EDGE('',*,*,#3579,.T.);
#2273=ORIENTED_EDGE('',*,*,#3576,.T.);
#2274=ORIENTED_EDGE('',*,*,#3580,.T.);
#2275=ORIENTED_EDGE('',*,*,#3490,.T.);
#2276=ORIENTED_EDGE('',*,*,#3581,.F.);
#2277=ORIENTED_EDGE('',*,*,#3498,.T.);
#2278=ORIENTED_EDGE('',*,*,#3543,.F.);
#2279=ORIENTED_EDGE('',*,*,#3581,.T.);
#2280=ORIENTED_EDGE('',*,*,#3582,.F.);
#2281=ORIENTED_EDGE('',*,*,#3497,.T.);
#2282=ORIENTED_EDGE('',*,*,#3541,.F.);
#2283=ORIENTED_EDGE('',*,*,#3582,.T.);
#2284=ORIENTED_EDGE('',*,*,#3518,.T.);
#2285=ORIENTED_EDGE('',*,*,#3583,.T.);
#2286=ORIENTED_EDGE('',*,*,#3584,.F.);
#2287=ORIENTED_EDGE('',*,*,#3585,.T.);
#2288=ORIENTED_EDGE('',*,*,#3539,.F.);
#2289=ORIENTED_EDGE('',*,*,#3530,.T.);
#2290=ORIENTED_EDGE('',*,*,#3586,.T.);
#2291=ORIENTED_EDGE('',*,*,#3584,.T.);
#2292=ORIENTED_EDGE('',*,*,#3587,.T.);
#2293=ORIENTED_EDGE('',*,*,#3562,.T.);
#2294=ORIENTED_EDGE('',*,*,#3588,.F.);
#2295=ORIENTED_EDGE('',*,*,#3589,.T.);
#2296=ORIENTED_EDGE('',*,*,#3522,.T.);
#2297=ORIENTED_EDGE('',*,*,#3590,.T.);
#2298=ORIENTED_EDGE('',*,*,#3549,.F.);
#2299=ORIENTED_EDGE('',*,*,#3527,.T.);
#2300=ORIENTED_EDGE('',*,*,#3591,.T.);
#2301=ORIENTED_EDGE('',*,*,#3588,.T.);
#2302=ORIENTED_EDGE('',*,*,#3592,.T.);
#2303=ORIENTED_EDGE('',*,*,#3579,.F.);
#2304=ORIENTED_EDGE('',*,*,#3534,.F.);
#2305=ORIENTED_EDGE('',*,*,#3509,.F.);
#2306=ORIENTED_EDGE('',*,*,#3577,.F.);
#2307=ORIENTED_EDGE('',*,*,#3580,.F.);
#2308=ORIENTED_EDGE('',*,*,#3578,.F.);
#2309=ORIENTED_EDGE('',*,*,#3507,.F.);
#2310=ORIENTED_EDGE('',*,*,#3491,.F.);
#2311=ORIENTED_EDGE('',*,*,#3587,.F.);
#2312=ORIENTED_EDGE('',*,*,#3583,.F.);
#2313=ORIENTED_EDGE('',*,*,#3517,.F.);
#2314=ORIENTED_EDGE('',*,*,#3563,.F.);
#2315=ORIENTED_EDGE('',*,*,#3586,.F.);
#2316=ORIENTED_EDGE('',*,*,#3529,.F.);
#2317=ORIENTED_EDGE('',*,*,#3519,.F.);
#2318=ORIENTED_EDGE('',*,*,#3585,.F.);
#2319=ORIENTED_EDGE('',*,*,#3591,.F.);
#2320=ORIENTED_EDGE('',*,*,#3526,.F.);
#2321=ORIENTED_EDGE('',*,*,#3523,.F.);
#2322=ORIENTED_EDGE('',*,*,#3589,.F.);
#2323=ORIENTED_EDGE('',*,*,#3592,.F.);
#2324=ORIENTED_EDGE('',*,*,#3590,.F.);
#2325=ORIENTED_EDGE('',*,*,#3521,.F.);
#2326=ORIENTED_EDGE('',*,*,#3528,.F.);
#2327=ORIENTED_EDGE('',*,*,#3575,.F.);
#2328=ORIENTED_EDGE('',*,*,#3571,.F.);
#2329=ORIENTED_EDGE('',*,*,#3504,.F.);
#2330=ORIENTED_EDGE('',*,*,#3495,.F.);
#2331=ORIENTED_EDGE('',*,*,#3574,.F.);
#2332=ORIENTED_EDGE('',*,*,#3493,.F.);
#2333=ORIENTED_EDGE('',*,*,#3506,.F.);
#2334=ORIENTED_EDGE('',*,*,#3573,.F.);
#2335=ORIENTED_EDGE('',*,*,#3553,.F.);
#2336=ORIENTED_EDGE('',*,*,#3512,.F.);
#2337=ORIENTED_EDGE('',*,*,#3593,.T.);
#2338=ORIENTED_EDGE('',*,*,#3532,.F.);
#2339=ORIENTED_EDGE('',*,*,#3556,.F.);
#2340=ORIENTED_EDGE('',*,*,#3560,.F.);
#2341=ORIENTED_EDGE('',*,*,#3594,.T.);
#2342=ORIENTED_EDGE('',*,*,#3514,.F.);
#2343=ORIENTED_EDGE('',*,*,#3515,.F.);
#2344=ORIENTED_EDGE('',*,*,#3594,.F.);
#2345=ORIENTED_EDGE('',*,*,#3559,.F.);
#2346=ORIENTED_EDGE('',*,*,#3511,.F.);
#2347=ORIENTED_EDGE('',*,*,#3533,.F.);
#2348=ORIENTED_EDGE('',*,*,#3593,.F.);
#2349=ORIENTED_EDGE('',*,*,#3487,.T.);
#2350=ORIENTED_EDGE('',*,*,#3503,.F.);
#2351=ORIENTED_EDGE('',*,*,#3595,.F.);
#2352=ORIENTED_EDGE('',*,*,#3566,.F.);
#2353=ORIENTED_EDGE('',*,*,#3596,.T.);
#2354=ORIENTED_EDGE('',*,*,#3501,.F.);
#2355=ORIENTED_EDGE('',*,*,#3525,.F.);
#2356=ORIENTED_EDGE('',*,*,#3565,.F.);
#2357=ORIENTED_EDGE('',*,*,#3597,.F.);
#2358=ORIENTED_EDGE('',*,*,#3564,.T.);
#2359=ORIENTED_EDGE('',*,*,#3595,.T.);
#2360=ORIENTED_EDGE('',*,*,#3502,.T.);
#2361=ORIENTED_EDGE('',*,*,#3596,.F.);
#2362=ORIENTED_EDGE('',*,*,#3598,.F.);
#2363=ORIENTED_EDGE('',*,*,#3597,.T.);
#2364=ORIENTED_EDGE('',*,*,#3598,.T.);
#2365=ORIENTED_EDGE('',*,*,#3599,.F.);
#2366=ORIENTED_EDGE('',*,*,#3600,.T.);
#2367=ORIENTED_EDGE('',*,*,#3601,.T.);
#2368=ORIENTED_EDGE('',*,*,#3602,.F.);
#2369=ORIENTED_EDGE('',*,*,#3603,.T.);
#2370=ORIENTED_EDGE('',*,*,#3604,.T.);
#2371=ORIENTED_EDGE('',*,*,#3605,.T.);
#2372=ORIENTED_EDGE('',*,*,#3606,.F.);
#2373=ORIENTED_EDGE('',*,*,#3602,.T.);
#2374=ORIENTED_EDGE('',*,*,#3607,.T.);
#2375=ORIENTED_EDGE('',*,*,#3608,.F.);
#2376=ORIENTED_EDGE('',*,*,#3609,.T.);
#2377=ORIENTED_EDGE('',*,*,#3606,.T.);
#2378=ORIENTED_EDGE('',*,*,#3610,.T.);
#2379=ORIENTED_EDGE('',*,*,#3611,.F.);
#2380=ORIENTED_EDGE('',*,*,#3603,.F.);
#2381=ORIENTED_EDGE('',*,*,#3611,.T.);
#2382=ORIENTED_EDGE('',*,*,#3612,.T.);
#2383=ORIENTED_EDGE('',*,*,#3613,.F.);
#2384=ORIENTED_EDGE('',*,*,#3614,.F.);
#2385=ORIENTED_EDGE('',*,*,#3615,.T.);
#2386=ORIENTED_EDGE('',*,*,#3616,.T.);
#2387=ORIENTED_EDGE('',*,*,#3600,.F.);
#2388=ORIENTED_EDGE('',*,*,#3599,.T.);
#2389=ORIENTED_EDGE('',*,*,#3617,.F.);
#2390=ORIENTED_EDGE('',*,*,#3613,.T.);
#2391=ORIENTED_EDGE('',*,*,#3618,.T.);
#2392=ORIENTED_EDGE('',*,*,#3604,.F.);
#2393=ORIENTED_EDGE('',*,*,#3619,.T.);
#2394=ORIENTED_EDGE('',*,*,#3620,.T.);
#2395=ORIENTED_EDGE('',*,*,#3621,.T.);
#2396=ORIENTED_EDGE('',*,*,#3622,.T.);
#2397=ORIENTED_EDGE('',*,*,#3623,.T.);
#2398=ORIENTED_EDGE('',*,*,#3624,.F.);
#2399=ORIENTED_EDGE('',*,*,#3617,.T.);
#2400=ORIENTED_EDGE('',*,*,#3608,.T.);
#2401=ORIENTED_EDGE('',*,*,#3625,.T.);
#2402=ORIENTED_EDGE('',*,*,#3615,.F.);
#2403=ORIENTED_EDGE('',*,*,#3626,.T.);
#2404=ORIENTED_EDGE('',*,*,#3627,.F.);
#2405=ORIENTED_EDGE('',*,*,#3626,.F.);
#2406=ORIENTED_EDGE('',*,*,#3614,.T.);
#2407=ORIENTED_EDGE('',*,*,#3619,.F.);
#2408=ORIENTED_EDGE('',*,*,#3609,.F.);
#2409=ORIENTED_EDGE('',*,*,#3628,.T.);
#2410=ORIENTED_EDGE('',*,*,#3627,.T.);
#2411=ORIENTED_EDGE('',*,*,#3624,.T.);
#2412=ORIENTED_EDGE('',*,*,#3629,.F.);
#2413=ORIENTED_EDGE('',*,*,#3628,.F.);
#2414=ORIENTED_EDGE('',*,*,#3629,.T.);
#2415=ORIENTED_EDGE('',*,*,#3630,.F.);
#2416=ORIENTED_EDGE('',*,*,#3610,.F.);
#2417=ORIENTED_EDGE('',*,*,#3631,.F.);
#2418=ORIENTED_EDGE('',*,*,#3623,.F.);
#2419=ORIENTED_EDGE('',*,*,#3631,.T.);
#2420=ORIENTED_EDGE('',*,*,#3605,.F.);
#2421=ORIENTED_EDGE('',*,*,#3632,.F.);
#2422=ORIENTED_EDGE('',*,*,#3620,.F.);
#2423=ORIENTED_EDGE('',*,*,#3630,.T.);
#2424=ORIENTED_EDGE('',*,*,#3622,.F.);
#2425=ORIENTED_EDGE('',*,*,#3633,.F.);
#2426=ORIENTED_EDGE('',*,*,#3612,.F.);
#2427=ORIENTED_EDGE('',*,*,#3632,.T.);
#2428=ORIENTED_EDGE('',*,*,#3618,.F.);
#2429=ORIENTED_EDGE('',*,*,#3633,.T.);
#2430=ORIENTED_EDGE('',*,*,#3621,.F.);
#2431=ORIENTED_EDGE('',*,*,#3616,.F.);
#2432=ORIENTED_EDGE('',*,*,#3625,.F.);
#2433=ORIENTED_EDGE('',*,*,#3607,.F.);
#2434=ORIENTED_EDGE('',*,*,#3601,.F.);
#2435=ORIENTED_EDGE('',*,*,#3634,.F.);
#2436=ORIENTED_EDGE('',*,*,#3635,.T.);
#2437=ORIENTED_EDGE('',*,*,#3636,.T.);
#2438=ORIENTED_EDGE('',*,*,#3637,.F.);
#2439=ORIENTED_EDGE('',*,*,#3638,.T.);
#2440=ORIENTED_EDGE('',*,*,#3639,.F.);
#2441=ORIENTED_EDGE('',*,*,#3640,.F.);
#2442=ORIENTED_EDGE('',*,*,#3641,.T.);
#2443=ORIENTED_EDGE('',*,*,#3642,.F.);
#2444=ORIENTED_EDGE('',*,*,#3643,.F.);
#2445=ORIENTED_EDGE('',*,*,#3644,.F.);
#2446=ORIENTED_EDGE('',*,*,#3645,.F.);
#2447=ORIENTED_EDGE('',*,*,#3646,.F.);
#2448=ORIENTED_EDGE('',*,*,#3647,.F.);
#2449=ORIENTED_EDGE('',*,*,#3648,.F.);
#2450=ORIENTED_EDGE('',*,*,#3649,.F.);
#2451=ORIENTED_EDGE('',*,*,#3650,.F.);
#2452=ORIENTED_EDGE('',*,*,#3651,.F.);
#2453=ORIENTED_EDGE('',*,*,#3652,.F.);
#2454=ORIENTED_EDGE('',*,*,#3653,.F.);
#2455=ORIENTED_EDGE('',*,*,#3654,.F.);
#2456=ORIENTED_EDGE('',*,*,#3655,.F.);
#2457=ORIENTED_EDGE('',*,*,#3656,.F.);
#2458=ORIENTED_EDGE('',*,*,#3657,.F.);
#2459=ORIENTED_EDGE('',*,*,#3658,.F.);
#2460=ORIENTED_EDGE('',*,*,#3659,.F.);
#2461=ORIENTED_EDGE('',*,*,#3660,.F.);
#2462=ORIENTED_EDGE('',*,*,#3661,.F.);
#2463=ORIENTED_EDGE('',*,*,#3662,.T.);
#2464=ORIENTED_EDGE('',*,*,#3663,.F.);
#2465=ORIENTED_EDGE('',*,*,#3664,.T.);
#2466=ORIENTED_EDGE('',*,*,#3665,.F.);
#2467=ORIENTED_EDGE('',*,*,#3666,.F.);
#2468=ORIENTED_EDGE('',*,*,#3667,.T.);
#2469=ORIENTED_EDGE('',*,*,#3668,.F.);
#2470=ORIENTED_EDGE('',*,*,#3669,.T.);
#2471=ORIENTED_EDGE('',*,*,#3670,.T.);
#2472=ORIENTED_EDGE('',*,*,#3671,.F.);
#2473=ORIENTED_EDGE('',*,*,#3672,.T.);
#2474=ORIENTED_EDGE('',*,*,#3673,.F.);
#2475=ORIENTED_EDGE('',*,*,#3674,.T.);
#2476=ORIENTED_EDGE('',*,*,#3675,.F.);
#2477=ORIENTED_EDGE('',*,*,#3676,.T.);
#2478=ORIENTED_EDGE('',*,*,#3677,.F.);
#2479=ORIENTED_EDGE('',*,*,#3678,.F.);
#2480=ORIENTED_EDGE('',*,*,#3679,.T.);
#2481=ORIENTED_EDGE('',*,*,#3680,.F.);
#2482=ORIENTED_EDGE('',*,*,#3681,.T.);
#2483=ORIENTED_EDGE('',*,*,#3682,.F.);
#2484=ORIENTED_EDGE('',*,*,#3683,.T.);
#2485=ORIENTED_EDGE('',*,*,#3684,.F.);
#2486=ORIENTED_EDGE('',*,*,#3685,.T.);
#2487=ORIENTED_EDGE('',*,*,#3668,.T.);
#2488=ORIENTED_EDGE('',*,*,#3686,.F.);
#2489=ORIENTED_EDGE('',*,*,#3666,.T.);
#2490=ORIENTED_EDGE('',*,*,#3687,.F.);
#2491=ORIENTED_EDGE('',*,*,#3664,.F.);
#2492=ORIENTED_EDGE('',*,*,#3688,.F.);
#2493=ORIENTED_EDGE('',*,*,#3662,.F.);
#2494=ORIENTED_EDGE('',*,*,#3689,.F.);
#2495=ORIENTED_EDGE('',*,*,#3690,.F.);
#2496=ORIENTED_EDGE('',*,*,#3691,.F.);
#2497=ORIENTED_EDGE('',*,*,#3692,.T.);
#2498=ORIENTED_EDGE('',*,*,#3660,.T.);
#2499=ORIENTED_EDGE('',*,*,#3693,.T.);
#2500=ORIENTED_EDGE('',*,*,#3650,.T.);
#2501=ORIENTED_EDGE('',*,*,#3694,.T.);
#2502=ORIENTED_EDGE('',*,*,#3695,.T.);
#2503=ORIENTED_EDGE('',*,*,#3696,.T.);
#2504=ORIENTED_EDGE('',*,*,#3697,.F.);
#2505=ORIENTED_EDGE('',*,*,#3698,.F.);
#2506=ORIENTED_EDGE('',*,*,#3691,.T.);
#2507=ORIENTED_EDGE('',*,*,#3699,.T.);
#2508=ORIENTED_EDGE('',*,*,#3700,.F.);
#2509=ORIENTED_EDGE('',*,*,#3701,.F.);
#2510=ORIENTED_EDGE('',*,*,#3645,.T.);
#2511=ORIENTED_EDGE('',*,*,#3702,.F.);
#2512=ORIENTED_EDGE('',*,*,#3655,.T.);
#2513=ORIENTED_EDGE('',*,*,#3703,.F.);
#2514=ORIENTED_EDGE('',*,*,#3697,.T.);
#2515=ORIENTED_EDGE('',*,*,#3704,.T.);
#2516=ORIENTED_EDGE('',*,*,#3705,.F.);
#2517=ORIENTED_EDGE('',*,*,#3706,.F.);
#2518=ORIENTED_EDGE('',*,*,#3707,.T.);
#2519=ORIENTED_EDGE('',*,*,#3708,.T.);
#2520=ORIENTED_EDGE('',*,*,#3709,.F.);
#2521=ORIENTED_EDGE('',*,*,#3710,.F.);
#2522=ORIENTED_EDGE('',*,*,#3705,.T.);
#2523=ORIENTED_EDGE('',*,*,#3711,.F.);
#2524=ORIENTED_EDGE('',*,*,#3712,.F.);
#2525=ORIENTED_EDGE('',*,*,#3713,.T.);
#2526=ORIENTED_EDGE('',*,*,#3709,.T.);
#2527=ORIENTED_EDGE('',*,*,#3714,.F.);
#2528=ORIENTED_EDGE('',*,*,#3715,.F.);
#2529=ORIENTED_EDGE('',*,*,#3716,.T.);
#2530=ORIENTED_EDGE('',*,*,#3717,.T.);
#2531=ORIENTED_EDGE('',*,*,#3718,.T.);
#2532=ORIENTED_EDGE('',*,*,#3719,.F.);
#2533=ORIENTED_EDGE('',*,*,#3720,.F.);
#2534=ORIENTED_EDGE('',*,*,#3715,.T.);
#2535=ORIENTED_EDGE('',*,*,#3721,.F.);
#2536=ORIENTED_EDGE('',*,*,#3722,.F.);
#2537=ORIENTED_EDGE('',*,*,#3723,.T.);
#2538=ORIENTED_EDGE('',*,*,#3719,.T.);
#2539=ORIENTED_EDGE('',*,*,#3724,.T.);
#2540=ORIENTED_EDGE('',*,*,#3725,.F.);
#2541=ORIENTED_EDGE('',*,*,#3726,.F.);
#2542=ORIENTED_EDGE('',*,*,#3727,.T.);
#2543=ORIENTED_EDGE('',*,*,#3728,.T.);
#2544=ORIENTED_EDGE('',*,*,#3729,.F.);
#2545=ORIENTED_EDGE('',*,*,#3730,.F.);
#2546=ORIENTED_EDGE('',*,*,#3725,.T.);
#2547=ORIENTED_EDGE('',*,*,#3731,.T.);
#2548=ORIENTED_EDGE('',*,*,#3732,.F.);
#2549=ORIENTED_EDGE('',*,*,#3733,.F.);
#2550=ORIENTED_EDGE('',*,*,#3729,.T.);
#2551=ORIENTED_EDGE('',*,*,#3734,.F.);
#2552=ORIENTED_EDGE('',*,*,#3735,.F.);
#2553=ORIENTED_EDGE('',*,*,#3736,.T.);
#2554=ORIENTED_EDGE('',*,*,#3737,.T.);
#2555=ORIENTED_EDGE('',*,*,#3738,.T.);
#2556=ORIENTED_EDGE('',*,*,#3739,.F.);
#2557=ORIENTED_EDGE('',*,*,#3740,.F.);
#2558=ORIENTED_EDGE('',*,*,#3735,.T.);
#2559=ORIENTED_EDGE('',*,*,#3741,.F.);
#2560=ORIENTED_EDGE('',*,*,#3742,.F.);
#2561=ORIENTED_EDGE('',*,*,#3743,.T.);
#2562=ORIENTED_EDGE('',*,*,#3739,.T.);
#2563=ORIENTED_EDGE('',*,*,#3744,.T.);
#2564=ORIENTED_EDGE('',*,*,#3745,.F.);
#2565=ORIENTED_EDGE('',*,*,#3746,.F.);
#2566=ORIENTED_EDGE('',*,*,#3747,.T.);
#2567=ORIENTED_EDGE('',*,*,#3748,.F.);
#2568=ORIENTED_EDGE('',*,*,#3749,.T.);
#2569=ORIENTED_EDGE('',*,*,#3750,.T.);
#2570=ORIENTED_EDGE('',*,*,#3751,.F.);
#2571=ORIENTED_EDGE('',*,*,#3752,.F.);
#2572=ORIENTED_EDGE('',*,*,#3753,.T.);
#2573=ORIENTED_EDGE('',*,*,#3754,.T.);
#2574=ORIENTED_EDGE('',*,*,#3755,.F.);
#2575=ORIENTED_EDGE('',*,*,#3756,.T.);
#2576=ORIENTED_EDGE('',*,*,#3757,.F.);
#2577=ORIENTED_EDGE('',*,*,#3758,.F.);
#2578=ORIENTED_EDGE('',*,*,#3759,.T.);
#2579=ORIENTED_EDGE('',*,*,#3760,.T.);
#2580=ORIENTED_EDGE('',*,*,#3761,.F.);
#2581=ORIENTED_EDGE('',*,*,#3762,.T.);
#2582=ORIENTED_EDGE('',*,*,#3763,.F.);
#2583=ORIENTED_EDGE('',*,*,#3764,.F.);
#2584=ORIENTED_EDGE('',*,*,#3765,.T.);
#2585=ORIENTED_EDGE('',*,*,#3766,.T.);
#2586=ORIENTED_EDGE('',*,*,#3707,.F.);
#2587=ORIENTED_EDGE('',*,*,#3767,.F.);
#2588=ORIENTED_EDGE('',*,*,#3712,.T.);
#2589=ORIENTED_EDGE('',*,*,#3768,.F.);
#2590=ORIENTED_EDGE('',*,*,#3717,.F.);
#2591=ORIENTED_EDGE('',*,*,#3769,.T.);
#2592=ORIENTED_EDGE('',*,*,#3722,.T.);
#2593=ORIENTED_EDGE('',*,*,#3770,.F.);
#2594=ORIENTED_EDGE('',*,*,#3727,.F.);
#2595=ORIENTED_EDGE('',*,*,#3771,.T.);
#2596=ORIENTED_EDGE('',*,*,#3732,.T.);
#2597=ORIENTED_EDGE('',*,*,#3772,.F.);
#2598=ORIENTED_EDGE('',*,*,#3737,.F.);
#2599=ORIENTED_EDGE('',*,*,#3773,.T.);
#2600=ORIENTED_EDGE('',*,*,#3742,.T.);
#2601=ORIENTED_EDGE('',*,*,#3774,.T.);
#2602=ORIENTED_EDGE('',*,*,#3695,.F.);
#2603=ORIENTED_EDGE('',*,*,#3775,.F.);
#2604=ORIENTED_EDGE('',*,*,#3700,.T.);
#2605=ORIENTED_EDGE('',*,*,#3635,.F.);
#2606=ORIENTED_EDGE('',*,*,#3641,.F.);
#2607=ORIENTED_EDGE('',*,*,#3776,.T.);
#2608=ORIENTED_EDGE('',*,*,#3646,.T.);
#2609=ORIENTED_EDGE('',*,*,#3701,.T.);
#2610=ORIENTED_EDGE('',*,*,#3775,.T.);
#2611=ORIENTED_EDGE('',*,*,#3694,.F.);
#2612=ORIENTED_EDGE('',*,*,#3649,.T.);
#2613=ORIENTED_EDGE('',*,*,#3777,.T.);
#2614=ORIENTED_EDGE('',*,*,#3651,.T.);
#2615=ORIENTED_EDGE('',*,*,#3693,.F.);
#2616=ORIENTED_EDGE('',*,*,#3659,.T.);
#2617=ORIENTED_EDGE('',*,*,#3778,.T.);
#2618=ORIENTED_EDGE('',*,*,#3661,.T.);
#2619=ORIENTED_EDGE('',*,*,#3692,.F.);
#2620=ORIENTED_EDGE('',*,*,#3698,.T.);
#2621=ORIENTED_EDGE('',*,*,#3703,.T.);
#2622=ORIENTED_EDGE('',*,*,#3654,.T.);
#2623=ORIENTED_EDGE('',*,*,#3779,.T.);
#2624=ORIENTED_EDGE('',*,*,#3656,.T.);
#2625=ORIENTED_EDGE('',*,*,#3702,.T.);
#2626=ORIENTED_EDGE('',*,*,#3644,.T.);
#2627=ORIENTED_EDGE('',*,*,#3637,.T.);
#2628=ORIENTED_EDGE('',*,*,#3764,.T.);
#2629=ORIENTED_EDGE('',*,*,#3684,.T.);
#2630=ORIENTED_EDGE('',*,*,#3682,.T.);
#2631=ORIENTED_EDGE('',*,*,#3680,.T.);
#2632=ORIENTED_EDGE('',*,*,#3678,.T.);
#2633=ORIENTED_EDGE('',*,*,#3639,.T.);
#2634=ORIENTED_EDGE('',*,*,#3736,.F.);
#2635=ORIENTED_EDGE('',*,*,#3740,.T.);
#2636=ORIENTED_EDGE('',*,*,#3743,.F.);
#2637=ORIENTED_EDGE('',*,*,#3773,.F.);
#2638=ORIENTED_EDGE('',*,*,#3726,.T.);
#2639=ORIENTED_EDGE('',*,*,#3730,.T.);
#2640=ORIENTED_EDGE('',*,*,#3733,.T.);
#2641=ORIENTED_EDGE('',*,*,#3771,.F.);
#2642=ORIENTED_EDGE('',*,*,#3716,.F.);
#2643=ORIENTED_EDGE('',*,*,#3720,.T.);
#2644=ORIENTED_EDGE('',*,*,#3723,.F.);
#2645=ORIENTED_EDGE('',*,*,#3769,.F.);
#2646=ORIENTED_EDGE('',*,*,#3706,.T.);
#2647=ORIENTED_EDGE('',*,*,#3710,.T.);
#2648=ORIENTED_EDGE('',*,*,#3713,.F.);
#2649=ORIENTED_EDGE('',*,*,#3767,.T.);
#2650=ORIENTED_EDGE('',*,*,#3762,.F.);
#2651=ORIENTED_EDGE('',*,*,#3760,.F.);
#2652=ORIENTED_EDGE('',*,*,#3758,.T.);
#2653=ORIENTED_EDGE('',*,*,#3756,.F.);
#2654=ORIENTED_EDGE('',*,*,#3754,.F.);
#2655=ORIENTED_EDGE('',*,*,#3752,.T.);
#2656=ORIENTED_EDGE('',*,*,#3750,.F.);
#2657=ORIENTED_EDGE('',*,*,#3748,.T.);
#2658=ORIENTED_EDGE('',*,*,#3746,.T.);
#2659=ORIENTED_EDGE('',*,*,#3744,.F.);
#2660=ORIENTED_EDGE('',*,*,#3670,.F.);
#2661=ORIENTED_EDGE('',*,*,#3672,.F.);
#2662=ORIENTED_EDGE('',*,*,#3674,.F.);
#2663=ORIENTED_EDGE('',*,*,#3676,.F.);
#2664=ORIENTED_EDGE('',*,*,#3780,.F.);
#2665=ORIENTED_EDGE('',*,*,#3781,.F.);
#2666=ORIENTED_EDGE('',*,*,#3782,.F.);
#2667=ORIENTED_EDGE('',*,*,#3783,.F.);
#2668=ORIENTED_EDGE('',*,*,#3784,.F.);
#2669=ORIENTED_EDGE('',*,*,#3785,.F.);
#2670=ORIENTED_EDGE('',*,*,#3786,.F.);
#2671=ORIENTED_EDGE('',*,*,#3787,.F.);
#2672=ORIENTED_EDGE('',*,*,#3788,.F.);
#2673=ORIENTED_EDGE('',*,*,#3789,.F.);
#2674=ORIENTED_EDGE('',*,*,#3790,.F.);
#2675=ORIENTED_EDGE('',*,*,#3791,.F.);
#2676=ORIENTED_EDGE('',*,*,#3792,.F.);
#2677=ORIENTED_EDGE('',*,*,#3793,.F.);
#2678=ORIENTED_EDGE('',*,*,#3794,.F.);
#2679=ORIENTED_EDGE('',*,*,#3795,.F.);
#2680=ORIENTED_EDGE('',*,*,#3734,.T.);
#2681=ORIENTED_EDGE('',*,*,#3772,.T.);
#2682=ORIENTED_EDGE('',*,*,#3741,.T.);
#2683=ORIENTED_EDGE('',*,*,#3738,.F.);
#2684=ORIENTED_EDGE('',*,*,#3724,.F.);
#2685=ORIENTED_EDGE('',*,*,#3770,.T.);
#2686=ORIENTED_EDGE('',*,*,#3731,.F.);
#2687=ORIENTED_EDGE('',*,*,#3728,.F.);
#2688=ORIENTED_EDGE('',*,*,#3714,.T.);
#2689=ORIENTED_EDGE('',*,*,#3768,.T.);
#2690=ORIENTED_EDGE('',*,*,#3721,.T.);
#2691=ORIENTED_EDGE('',*,*,#3718,.F.);
#2692=ORIENTED_EDGE('',*,*,#3704,.F.);
#2693=ORIENTED_EDGE('',*,*,#3766,.F.);
#2694=ORIENTED_EDGE('',*,*,#3711,.T.);
#2695=ORIENTED_EDGE('',*,*,#3708,.F.);
#2696=ORIENTED_EDGE('',*,*,#3765,.F.);
#2697=ORIENTED_EDGE('',*,*,#3763,.T.);
#2698=ORIENTED_EDGE('',*,*,#3761,.T.);
#2699=ORIENTED_EDGE('',*,*,#3759,.F.);
#2700=ORIENTED_EDGE('',*,*,#3757,.T.);
#2701=ORIENTED_EDGE('',*,*,#3755,.T.);
#2702=ORIENTED_EDGE('',*,*,#3753,.F.);
#2703=ORIENTED_EDGE('',*,*,#3751,.T.);
#2704=ORIENTED_EDGE('',*,*,#3749,.F.);
#2705=ORIENTED_EDGE('',*,*,#3747,.F.);
#2706=ORIENTED_EDGE('',*,*,#3745,.T.);
#2707=ORIENTED_EDGE('',*,*,#3690,.T.);
#2708=ORIENTED_EDGE('',*,*,#3774,.F.);
#2709=ORIENTED_EDGE('',*,*,#3699,.F.);
#2710=ORIENTED_EDGE('',*,*,#3696,.F.);
#2711=ORIENTED_EDGE('',*,*,#3796,.T.);
#2712=ORIENTED_EDGE('',*,*,#3689,.T.);
#2713=ORIENTED_EDGE('',*,*,#3796,.F.);
#2714=ORIENTED_EDGE('',*,*,#3657,.T.);
#2715=ORIENTED_EDGE('',*,*,#3797,.T.);
#2716=ORIENTED_EDGE('',*,*,#3688,.T.);
#2717=ORIENTED_EDGE('',*,*,#3797,.F.);
#2718=ORIENTED_EDGE('',*,*,#3652,.T.);
#2719=ORIENTED_EDGE('',*,*,#3798,.T.);
#2720=ORIENTED_EDGE('',*,*,#3687,.T.);
#2721=ORIENTED_EDGE('',*,*,#3798,.F.);
#2722=ORIENTED_EDGE('',*,*,#3647,.T.);
#2723=ORIENTED_EDGE('',*,*,#3799,.T.);
#2724=ORIENTED_EDGE('',*,*,#3686,.T.);
#2725=ORIENTED_EDGE('',*,*,#3799,.F.);
#2726=ORIENTED_EDGE('',*,*,#3642,.T.);
#2727=ORIENTED_EDGE('',*,*,#3800,.F.);
#2728=ORIENTED_EDGE('',*,*,#3795,.T.);
#2729=ORIENTED_EDGE('',*,*,#3636,.F.);
#2730=ORIENTED_EDGE('',*,*,#3800,.T.);
#2731=ORIENTED_EDGE('',*,*,#3801,.F.);
#2732=ORIENTED_EDGE('',*,*,#3794,.T.);
#2733=ORIENTED_EDGE('',*,*,#3640,.T.);
#2734=ORIENTED_EDGE('',*,*,#3801,.T.);
#2735=ORIENTED_EDGE('',*,*,#3802,.F.);
#2736=ORIENTED_EDGE('',*,*,#3793,.T.);
#2737=ORIENTED_EDGE('',*,*,#3634,.T.);
#2738=ORIENTED_EDGE('',*,*,#3802,.T.);
#2739=ORIENTED_EDGE('',*,*,#3803,.F.);
#2740=ORIENTED_EDGE('',*,*,#3792,.T.);
#2741=ORIENTED_EDGE('',*,*,#3677,.T.);
#2742=ORIENTED_EDGE('',*,*,#3803,.T.);
#2743=ORIENTED_EDGE('',*,*,#3804,.F.);
#2744=ORIENTED_EDGE('',*,*,#3791,.T.);
#2745=ORIENTED_EDGE('',*,*,#3675,.T.);
#2746=ORIENTED_EDGE('',*,*,#3804,.T.);
#2747=ORIENTED_EDGE('',*,*,#3805,.F.);
#2748=ORIENTED_EDGE('',*,*,#3790,.T.);
#2749=ORIENTED_EDGE('',*,*,#3673,.T.);
#2750=ORIENTED_EDGE('',*,*,#3805,.T.);
#2751=ORIENTED_EDGE('',*,*,#3806,.F.);
#2752=ORIENTED_EDGE('',*,*,#3789,.T.);
#2753=ORIENTED_EDGE('',*,*,#3671,.T.);
#2754=ORIENTED_EDGE('',*,*,#3806,.T.);
#2755=ORIENTED_EDGE('',*,*,#3807,.F.);
#2756=ORIENTED_EDGE('',*,*,#3788,.T.);
#2757=ORIENTED_EDGE('',*,*,#3638,.F.);
#2758=ORIENTED_EDGE('',*,*,#3807,.T.);
#2759=ORIENTED_EDGE('',*,*,#3808,.F.);
#2760=ORIENTED_EDGE('',*,*,#3787,.T.);
#2761=ORIENTED_EDGE('',*,*,#3683,.F.);
#2762=ORIENTED_EDGE('',*,*,#3808,.T.);
#2763=ORIENTED_EDGE('',*,*,#3809,.F.);
#2764=ORIENTED_EDGE('',*,*,#3786,.T.);
#2765=ORIENTED_EDGE('',*,*,#3685,.F.);
#2766=ORIENTED_EDGE('',*,*,#3809,.T.);
#2767=ORIENTED_EDGE('',*,*,#3810,.F.);
#2768=ORIENTED_EDGE('',*,*,#3785,.T.);
#2769=ORIENTED_EDGE('',*,*,#3679,.F.);
#2770=ORIENTED_EDGE('',*,*,#3810,.T.);
#2771=ORIENTED_EDGE('',*,*,#3811,.F.);
#2772=ORIENTED_EDGE('',*,*,#3784,.T.);
#2773=ORIENTED_EDGE('',*,*,#3681,.F.);
#2774=ORIENTED_EDGE('',*,*,#3811,.T.);
#2775=ORIENTED_EDGE('',*,*,#3812,.F.);
#2776=ORIENTED_EDGE('',*,*,#3783,.T.);
#2777=ORIENTED_EDGE('',*,*,#3667,.F.);
#2778=ORIENTED_EDGE('',*,*,#3812,.T.);
#2779=ORIENTED_EDGE('',*,*,#3813,.F.);
#2780=ORIENTED_EDGE('',*,*,#3782,.T.);
#2781=ORIENTED_EDGE('',*,*,#3669,.F.);
#2782=ORIENTED_EDGE('',*,*,#3813,.T.);
#2783=ORIENTED_EDGE('',*,*,#3814,.F.);
#2784=ORIENTED_EDGE('',*,*,#3781,.T.);
#2785=ORIENTED_EDGE('',*,*,#3665,.T.);
#2786=ORIENTED_EDGE('',*,*,#3814,.T.);
#2787=ORIENTED_EDGE('',*,*,#3815,.F.);
#2788=ORIENTED_EDGE('',*,*,#3780,.T.);
#2789=ORIENTED_EDGE('',*,*,#3663,.T.);
#2790=ORIENTED_EDGE('',*,*,#3815,.T.);
#2791=ORIENTED_EDGE('',*,*,#3658,.T.);
#2792=ORIENTED_EDGE('',*,*,#3778,.F.);
#2793=ORIENTED_EDGE('',*,*,#3653,.T.);
#2794=ORIENTED_EDGE('',*,*,#3779,.F.);
#2795=ORIENTED_EDGE('',*,*,#3648,.T.);
#2796=ORIENTED_EDGE('',*,*,#3777,.F.);
#2797=ORIENTED_EDGE('',*,*,#3643,.T.);
#2798=ORIENTED_EDGE('',*,*,#3776,.F.);
#2799=ORIENTED_EDGE('',*,*,#3816,.F.);
#2800=ORIENTED_EDGE('',*,*,#3817,.T.);
#2801=ORIENTED_EDGE('',*,*,#3818,.T.);
#2802=ORIENTED_EDGE('',*,*,#3819,.T.);
#2803=ORIENTED_EDGE('',*,*,#3820,.F.);
#2804=ORIENTED_EDGE('',*,*,#3821,.T.);
#2805=ORIENTED_EDGE('',*,*,#3822,.F.);
#2806=ORIENTED_EDGE('',*,*,#3823,.T.);
#2807=ORIENTED_EDGE('',*,*,#3824,.T.);
#2808=ORIENTED_EDGE('',*,*,#3825,.T.);
#2809=ORIENTED_EDGE('',*,*,#3826,.F.);
#2810=ORIENTED_EDGE('',*,*,#3827,.T.);
#2811=ORIENTED_EDGE('',*,*,#3828,.F.);
#2812=ORIENTED_EDGE('',*,*,#3829,.F.);
#2813=ORIENTED_EDGE('',*,*,#3830,.T.);
#2814=ORIENTED_EDGE('',*,*,#3831,.T.);
#2815=ORIENTED_EDGE('',*,*,#3832,.F.);
#2816=ORIENTED_EDGE('',*,*,#3833,.F.);
#2817=ORIENTED_EDGE('',*,*,#3834,.F.);
#2818=ORIENTED_EDGE('',*,*,#3835,.T.);
#2819=ORIENTED_EDGE('',*,*,#3832,.T.);
#2820=ORIENTED_EDGE('',*,*,#3836,.T.);
#2821=ORIENTED_EDGE('',*,*,#3837,.F.);
#2822=ORIENTED_EDGE('',*,*,#3838,.F.);
#2823=ORIENTED_EDGE('',*,*,#3839,.T.);
#2824=ORIENTED_EDGE('',*,*,#3834,.T.);
#2825=ORIENTED_EDGE('',*,*,#3840,.F.);
#2826=ORIENTED_EDGE('',*,*,#3841,.F.);
#2827=ORIENTED_EDGE('',*,*,#3842,.T.);
#2828=ORIENTED_EDGE('',*,*,#3838,.T.);
#2829=ORIENTED_EDGE('',*,*,#3816,.T.);
#2830=ORIENTED_EDGE('',*,*,#3843,.T.);
#2831=ORIENTED_EDGE('',*,*,#3844,.F.);
#2832=ORIENTED_EDGE('',*,*,#3845,.F.);
#2833=ORIENTED_EDGE('',*,*,#3841,.T.);
#2834=ORIENTED_EDGE('',*,*,#3846,.F.);
#2835=ORIENTED_EDGE('',*,*,#3847,.T.);
#2836=ORIENTED_EDGE('',*,*,#3848,.T.);
#2837=ORIENTED_EDGE('',*,*,#3844,.T.);
#2838=ORIENTED_EDGE('',*,*,#3848,.F.);
#2839=ORIENTED_EDGE('',*,*,#3849,.T.);
#2840=ORIENTED_EDGE('',*,*,#3818,.F.);
#2841=ORIENTED_EDGE('',*,*,#3850,.T.);
#2842=ORIENTED_EDGE('',*,*,#3826,.T.);
#2843=ORIENTED_EDGE('',*,*,#3851,.T.);
#2844=ORIENTED_EDGE('',*,*,#3829,.T.);
#2845=ORIENTED_EDGE('',*,*,#3835,.F.);
#2846=ORIENTED_EDGE('',*,*,#3839,.F.);
#2847=ORIENTED_EDGE('',*,*,#3842,.F.);
#2848=ORIENTED_EDGE('',*,*,#3845,.T.);
#2849=ORIENTED_EDGE('',*,*,#3822,.T.);
#2850=ORIENTED_EDGE('',*,*,#3852,.T.);
#2851=ORIENTED_EDGE('',*,*,#3846,.T.);
#2852=ORIENTED_EDGE('',*,*,#3843,.F.);
#2853=ORIENTED_EDGE('',*,*,#3840,.T.);
#2854=ORIENTED_EDGE('',*,*,#3837,.T.);
#2855=ORIENTED_EDGE('',*,*,#3833,.T.);
#2856=ORIENTED_EDGE('',*,*,#3831,.F.);
#2857=ORIENTED_EDGE('',*,*,#3853,.T.);
#2858=ORIENTED_EDGE('',*,*,#3824,.F.);
#2859=ORIENTED_EDGE('',*,*,#3854,.T.);
#2860=ORIENTED_EDGE('',*,*,#3828,.T.);
#2861=ORIENTED_EDGE('',*,*,#3836,.F.);
#2862=ORIENTED_EDGE('',*,*,#3855,.F.);
#2863=ORIENTED_EDGE('',*,*,#3820,.T.);
#2864=ORIENTED_EDGE('',*,*,#3856,.T.);
#2865=ORIENTED_EDGE('',*,*,#3817,.F.);
#2866=ORIENTED_EDGE('',*,*,#3855,.T.);
#2867=ORIENTED_EDGE('',*,*,#3849,.F.);
#2868=ORIENTED_EDGE('',*,*,#3847,.F.);
#2869=ORIENTED_EDGE('',*,*,#3852,.F.);
#2870=ORIENTED_EDGE('',*,*,#3821,.F.);
#2871=ORIENTED_EDGE('',*,*,#3856,.F.);
#2872=ORIENTED_EDGE('',*,*,#3819,.F.);
#2873=ORIENTED_EDGE('',*,*,#3851,.F.);
#2874=ORIENTED_EDGE('',*,*,#3825,.F.);
#2875=ORIENTED_EDGE('',*,*,#3853,.F.);
#2876=ORIENTED_EDGE('',*,*,#3830,.F.);
#2877=ORIENTED_EDGE('',*,*,#3850,.F.);
#2878=ORIENTED_EDGE('',*,*,#3823,.F.);
#2879=ORIENTED_EDGE('',*,*,#3854,.F.);
#2880=ORIENTED_EDGE('',*,*,#3827,.F.);
#2881=ORIENTED_EDGE('',*,*,#3857,.T.);
#2882=ORIENTED_EDGE('',*,*,#3858,.F.);
#2883=ORIENTED_EDGE('',*,*,#3859,.F.);
#2884=ORIENTED_EDGE('',*,*,#3860,.T.);
#2885=ORIENTED_EDGE('',*,*,#3857,.F.);
#2886=ORIENTED_EDGE('',*,*,#3859,.T.);
#2887=ORIENTED_EDGE('',*,*,#3858,.T.);
#2888=ORIENTED_EDGE('',*,*,#3860,.F.);
#2889=ORIENTED_EDGE('',*,*,#3861,.T.);
#2890=ORIENTED_EDGE('',*,*,#3862,.T.);
#2891=ORIENTED_EDGE('',*,*,#3863,.F.);
#2892=ORIENTED_EDGE('',*,*,#3864,.T.);
#2893=ORIENTED_EDGE('',*,*,#3865,.F.);
#2894=ORIENTED_EDGE('',*,*,#3866,.F.);
#2895=ORIENTED_EDGE('',*,*,#3867,.F.);
#2896=ORIENTED_EDGE('',*,*,#3868,.T.);
#2897=ORIENTED_EDGE('',*,*,#3869,.F.);
#2898=ORIENTED_EDGE('',*,*,#3870,.F.);
#2899=ORIENTED_EDGE('',*,*,#3871,.T.);
#2900=ORIENTED_EDGE('',*,*,#3861,.F.);
#2901=ORIENTED_EDGE('',*,*,#3872,.T.);
#2902=ORIENTED_EDGE('',*,*,#3866,.T.);
#2903=ORIENTED_EDGE('',*,*,#3873,.F.);
#2904=ORIENTED_EDGE('',*,*,#3874,.T.);
#2905=ORIENTED_EDGE('',*,*,#3875,.T.);
#2906=ORIENTED_EDGE('',*,*,#3876,.T.);
#2907=ORIENTED_EDGE('',*,*,#3877,.T.);
#2908=ORIENTED_EDGE('',*,*,#3878,.T.);
#2909=ORIENTED_EDGE('',*,*,#3879,.F.);
#2910=ORIENTED_EDGE('',*,*,#3880,.F.);
#2911=ORIENTED_EDGE('',*,*,#3881,.T.);
#2912=ORIENTED_EDGE('',*,*,#3882,.F.);
#2913=ORIENTED_EDGE('',*,*,#3883,.F.);
#2914=ORIENTED_EDGE('',*,*,#3884,.T.);
#2915=ORIENTED_EDGE('',*,*,#3885,.F.);
#2916=ORIENTED_EDGE('',*,*,#3886,.T.);
#2917=ORIENTED_EDGE('',*,*,#3887,.T.);
#2918=ORIENTED_EDGE('',*,*,#3888,.F.);
#2919=ORIENTED_EDGE('',*,*,#3889,.F.);
#2920=ORIENTED_EDGE('',*,*,#3890,.F.);
#2921=ORIENTED_EDGE('',*,*,#3891,.T.);
#2922=ORIENTED_EDGE('',*,*,#3892,.T.);
#2923=ORIENTED_EDGE('',*,*,#3893,.F.);
#2924=ORIENTED_EDGE('',*,*,#3868,.F.);
#2925=ORIENTED_EDGE('',*,*,#3894,.F.);
#2926=ORIENTED_EDGE('',*,*,#3863,.T.);
#2927=ORIENTED_EDGE('',*,*,#3895,.T.);
#2928=ORIENTED_EDGE('',*,*,#3896,.F.);
#2929=ORIENTED_EDGE('',*,*,#3897,.F.);
#2930=ORIENTED_EDGE('',*,*,#3885,.T.);
#2931=ORIENTED_EDGE('',*,*,#3898,.T.);
#2932=ORIENTED_EDGE('',*,*,#3881,.F.);
#2933=ORIENTED_EDGE('',*,*,#3899,.T.);
#2934=ORIENTED_EDGE('',*,*,#3900,.T.);
#2935=ORIENTED_EDGE('',*,*,#3886,.F.);
#2936=ORIENTED_EDGE('',*,*,#3899,.F.);
#2937=ORIENTED_EDGE('',*,*,#3880,.T.);
#2938=ORIENTED_EDGE('',*,*,#3897,.T.);
#2939=ORIENTED_EDGE('',*,*,#3901,.F.);
#2940=ORIENTED_EDGE('',*,*,#3902,.T.);
#2941=ORIENTED_EDGE('',*,*,#3878,.F.);
#2942=ORIENTED_EDGE('',*,*,#3903,.F.);
#2943=ORIENTED_EDGE('',*,*,#3888,.T.);
#2944=ORIENTED_EDGE('',*,*,#3904,.T.);
#2945=ORIENTED_EDGE('',*,*,#3905,.F.);
#2946=ORIENTED_EDGE('',*,*,#3906,.F.);
#2947=ORIENTED_EDGE('',*,*,#3889,.T.);
#2948=ORIENTED_EDGE('',*,*,#3903,.T.);
#2949=ORIENTED_EDGE('',*,*,#3877,.F.);
#2950=ORIENTED_EDGE('',*,*,#3904,.F.);
#2951=ORIENTED_EDGE('',*,*,#3879,.T.);
#2952=ORIENTED_EDGE('',*,*,#3902,.F.);
#2953=ORIENTED_EDGE('',*,*,#3887,.F.);
#2954=ORIENTED_EDGE('',*,*,#3900,.F.);
#2955=ORIENTED_EDGE('',*,*,#3901,.T.);
#2956=ORIENTED_EDGE('',*,*,#3905,.T.);
#2957=ORIENTED_EDGE('',*,*,#3907,.F.);
#2958=ORIENTED_EDGE('',*,*,#3882,.T.);
#2959=ORIENTED_EDGE('',*,*,#3898,.F.);
#2960=ORIENTED_EDGE('',*,*,#3884,.F.);
#2961=ORIENTED_EDGE('',*,*,#3876,.F.);
#2962=ORIENTED_EDGE('',*,*,#3908,.T.);
#2963=ORIENTED_EDGE('',*,*,#3890,.T.);
#2964=ORIENTED_EDGE('',*,*,#3906,.T.);
#2965=ORIENTED_EDGE('',*,*,#3864,.F.);
#2966=ORIENTED_EDGE('',*,*,#3894,.T.);
#2967=ORIENTED_EDGE('',*,*,#3867,.T.);
#2968=ORIENTED_EDGE('',*,*,#3872,.F.);
#2969=ORIENTED_EDGE('',*,*,#3909,.T.);
#2970=ORIENTED_EDGE('',*,*,#3891,.F.);
#2971=ORIENTED_EDGE('',*,*,#3908,.F.);
#2972=ORIENTED_EDGE('',*,*,#3875,.F.);
#2973=ORIENTED_EDGE('',*,*,#3873,.T.);
#2974=ORIENTED_EDGE('',*,*,#3865,.T.);
#2975=ORIENTED_EDGE('',*,*,#3893,.T.);
#2976=ORIENTED_EDGE('',*,*,#3910,.F.);
#2977=ORIENTED_EDGE('',*,*,#3910,.T.);
#2978=ORIENTED_EDGE('',*,*,#3892,.F.);
#2979=ORIENTED_EDGE('',*,*,#3909,.F.);
#2980=ORIENTED_EDGE('',*,*,#3874,.F.);
#2981=ORIENTED_EDGE('',*,*,#3869,.T.);
#2982=ORIENTED_EDGE('',*,*,#3907,.T.);
#2983=ORIENTED_EDGE('',*,*,#3883,.T.);
#2984=ORIENTED_EDGE('',*,*,#3911,.F.);
#2985=ORIENTED_EDGE('',*,*,#3870,.T.);
#2986=ORIENTED_EDGE('',*,*,#3911,.T.);
#2987=ORIENTED_EDGE('',*,*,#3896,.T.);
#2988=ORIENTED_EDGE('',*,*,#3912,.F.);
#2989=ORIENTED_EDGE('',*,*,#3912,.T.);
#2990=ORIENTED_EDGE('',*,*,#3895,.F.);
#2991=ORIENTED_EDGE('',*,*,#3862,.F.);
#2992=ORIENTED_EDGE('',*,*,#3871,.F.);
#2993=ORIENTED_EDGE('',*,*,#3913,.F.);
#2994=ORIENTED_EDGE('',*,*,#3914,.F.);
#2995=ORIENTED_EDGE('',*,*,#3915,.T.);
#2996=ORIENTED_EDGE('',*,*,#3916,.T.);
#2997=ORIENTED_EDGE('',*,*,#3917,.T.);
#2998=ORIENTED_EDGE('',*,*,#3918,.F.);
#2999=ORIENTED_EDGE('',*,*,#3919,.F.);
#3000=ORIENTED_EDGE('',*,*,#3914,.T.);
#3001=ORIENTED_EDGE('',*,*,#3920,.F.);
#3002=ORIENTED_EDGE('',*,*,#3921,.F.);
#3003=ORIENTED_EDGE('',*,*,#3922,.T.);
#3004=ORIENTED_EDGE('',*,*,#3918,.T.);
#3005=ORIENTED_EDGE('',*,*,#3923,.T.);
#3006=ORIENTED_EDGE('',*,*,#3924,.F.);
#3007=ORIENTED_EDGE('',*,*,#3925,.F.);
#3008=ORIENTED_EDGE('',*,*,#3921,.T.);
#3009=ORIENTED_EDGE('',*,*,#3926,.T.);
#3010=ORIENTED_EDGE('',*,*,#3927,.F.);
#3011=ORIENTED_EDGE('',*,*,#3928,.F.);
#3012=ORIENTED_EDGE('',*,*,#3924,.T.);
#3013=ORIENTED_EDGE('',*,*,#3929,.T.);
#3014=ORIENTED_EDGE('',*,*,#3930,.F.);
#3015=ORIENTED_EDGE('',*,*,#3931,.F.);
#3016=ORIENTED_EDGE('',*,*,#3927,.T.);
#3017=ORIENTED_EDGE('',*,*,#3932,.T.);
#3018=ORIENTED_EDGE('',*,*,#3933,.F.);
#3019=ORIENTED_EDGE('',*,*,#3934,.F.);
#3020=ORIENTED_EDGE('',*,*,#3930,.T.);
#3021=ORIENTED_EDGE('',*,*,#3935,.F.);
#3022=ORIENTED_EDGE('',*,*,#3936,.F.);
#3023=ORIENTED_EDGE('',*,*,#3937,.T.);
#3024=ORIENTED_EDGE('',*,*,#3938,.T.);
#3025=ORIENTED_EDGE('',*,*,#3939,.F.);
#3026=ORIENTED_EDGE('',*,*,#3940,.F.);
#3027=ORIENTED_EDGE('',*,*,#3941,.T.);
#3028=ORIENTED_EDGE('',*,*,#3936,.T.);
#3029=ORIENTED_EDGE('',*,*,#3942,.T.);
#3030=ORIENTED_EDGE('',*,*,#3943,.F.);
#3031=ORIENTED_EDGE('',*,*,#3944,.F.);
#3032=ORIENTED_EDGE('',*,*,#3940,.T.);
#3033=ORIENTED_EDGE('',*,*,#3945,.F.);
#3034=ORIENTED_EDGE('',*,*,#3946,.F.);
#3035=ORIENTED_EDGE('',*,*,#3947,.T.);
#3036=ORIENTED_EDGE('',*,*,#3948,.T.);
#3037=ORIENTED_EDGE('',*,*,#3949,.F.);
#3038=ORIENTED_EDGE('',*,*,#3950,.F.);
#3039=ORIENTED_EDGE('',*,*,#3951,.T.);
#3040=ORIENTED_EDGE('',*,*,#3946,.T.);
#3041=ORIENTED_EDGE('',*,*,#3952,.T.);
#3042=ORIENTED_EDGE('',*,*,#3953,.F.);
#3043=ORIENTED_EDGE('',*,*,#3954,.F.);
#3044=ORIENTED_EDGE('',*,*,#3950,.T.);
#3045=ORIENTED_EDGE('',*,*,#3955,.T.);
#3046=ORIENTED_EDGE('',*,*,#3956,.F.);
#3047=ORIENTED_EDGE('',*,*,#3957,.T.);
#3048=ORIENTED_EDGE('',*,*,#3958,.F.);
#3049=ORIENTED_EDGE('',*,*,#3959,.T.);
#3050=ORIENTED_EDGE('',*,*,#3960,.F.);
#3051=ORIENTED_EDGE('',*,*,#3961,.T.);
#3052=ORIENTED_EDGE('',*,*,#3962,.F.);
#3053=ORIENTED_EDGE('',*,*,#3963,.T.);
#3054=ORIENTED_EDGE('',*,*,#3964,.F.);
#3055=ORIENTED_EDGE('',*,*,#3965,.T.);
#3056=ORIENTED_EDGE('',*,*,#3966,.F.);
#3057=ORIENTED_EDGE('',*,*,#3967,.T.);
#3058=ORIENTED_EDGE('',*,*,#3968,.F.);
#3059=ORIENTED_EDGE('',*,*,#3969,.F.);
#3060=ORIENTED_EDGE('',*,*,#3938,.F.);
#3061=ORIENTED_EDGE('',*,*,#3970,.T.);
#3062=ORIENTED_EDGE('',*,*,#3943,.T.);
#3063=ORIENTED_EDGE('',*,*,#3971,.F.);
#3064=ORIENTED_EDGE('',*,*,#3948,.F.);
#3065=ORIENTED_EDGE('',*,*,#3972,.T.);
#3066=ORIENTED_EDGE('',*,*,#3953,.T.);
#3067=ORIENTED_EDGE('',*,*,#3973,.T.);
#3068=ORIENTED_EDGE('',*,*,#3916,.F.);
#3069=ORIENTED_EDGE('',*,*,#3974,.F.);
#3070=ORIENTED_EDGE('',*,*,#3933,.T.);
#3071=ORIENTED_EDGE('',*,*,#3947,.F.);
#3072=ORIENTED_EDGE('',*,*,#3951,.F.);
#3073=ORIENTED_EDGE('',*,*,#3954,.T.);
#3074=ORIENTED_EDGE('',*,*,#3972,.F.);
#3075=ORIENTED_EDGE('',*,*,#3937,.F.);
#3076=ORIENTED_EDGE('',*,*,#3941,.F.);
#3077=ORIENTED_EDGE('',*,*,#3944,.T.);
#3078=ORIENTED_EDGE('',*,*,#3970,.F.);
#3079=ORIENTED_EDGE('',*,*,#3967,.F.);
#3080=ORIENTED_EDGE('',*,*,#3965,.F.);
#3081=ORIENTED_EDGE('',*,*,#3963,.F.);
#3082=ORIENTED_EDGE('',*,*,#3961,.F.);
#3083=ORIENTED_EDGE('',*,*,#3959,.F.);
#3084=ORIENTED_EDGE('',*,*,#3957,.F.);
#3085=ORIENTED_EDGE('',*,*,#3955,.F.);
#3086=ORIENTED_EDGE('',*,*,#3915,.F.);
#3087=ORIENTED_EDGE('',*,*,#3919,.T.);
#3088=ORIENTED_EDGE('',*,*,#3922,.F.);
#3089=ORIENTED_EDGE('',*,*,#3925,.T.);
#3090=ORIENTED_EDGE('',*,*,#3928,.T.);
#3091=ORIENTED_EDGE('',*,*,#3931,.T.);
#3092=ORIENTED_EDGE('',*,*,#3934,.T.);
#3093=ORIENTED_EDGE('',*,*,#3974,.T.);
#3094=ORIENTED_EDGE('',*,*,#3945,.T.);
#3095=ORIENTED_EDGE('',*,*,#3971,.T.);
#3096=ORIENTED_EDGE('',*,*,#3952,.F.);
#3097=ORIENTED_EDGE('',*,*,#3949,.T.);
#3098=ORIENTED_EDGE('',*,*,#3935,.T.);
#3099=ORIENTED_EDGE('',*,*,#3969,.T.);
#3100=ORIENTED_EDGE('',*,*,#3942,.F.);
#3101=ORIENTED_EDGE('',*,*,#3939,.T.);
#3102=ORIENTED_EDGE('',*,*,#3968,.T.);
#3103=ORIENTED_EDGE('',*,*,#3966,.T.);
#3104=ORIENTED_EDGE('',*,*,#3964,.T.);
#3105=ORIENTED_EDGE('',*,*,#3962,.T.);
#3106=ORIENTED_EDGE('',*,*,#3960,.T.);
#3107=ORIENTED_EDGE('',*,*,#3958,.T.);
#3108=ORIENTED_EDGE('',*,*,#3956,.T.);
#3109=ORIENTED_EDGE('',*,*,#3913,.T.);
#3110=ORIENTED_EDGE('',*,*,#3973,.F.);
#3111=ORIENTED_EDGE('',*,*,#3932,.F.);
#3112=ORIENTED_EDGE('',*,*,#3929,.F.);
#3113=ORIENTED_EDGE('',*,*,#3926,.F.);
#3114=ORIENTED_EDGE('',*,*,#3923,.F.);
#3115=ORIENTED_EDGE('',*,*,#3920,.T.);
#3116=ORIENTED_EDGE('',*,*,#3917,.F.);
#3117=EDGE_CURVE('',#3975,#3975,#4630,.T.);
#3118=EDGE_CURVE('',#3976,#3976,#4631,.T.);
#3119=EDGE_CURVE('',#3977,#3977,#4632,.T.);
#3120=EDGE_CURVE('',#3978,#3978,#4633,.T.);
#3121=EDGE_CURVE('',#3979,#3980,#4634,.F.);
#3122=EDGE_CURVE('',#3981,#3980,#437,.T.);
#3123=EDGE_CURVE('',#3981,#3982,#438,.T.);
#3124=EDGE_CURVE('',#3982,#3983,#439,.T.);
#3125=EDGE_CURVE('',#3984,#3983,#440,.T.);
#3126=EDGE_CURVE('',#3984,#3985,#4635,.T.);
#3127=EDGE_CURVE('',#3985,#3986,#441,.T.);
#3128=EDGE_CURVE('',#3986,#3987,#442,.T.);
#3129=EDGE_CURVE('',#3988,#3987,#443,.T.);
#3130=EDGE_CURVE('',#3979,#3988,#444,.T.);
#3131=EDGE_CURVE('',#3989,#3990,#445,.T.);
#3132=EDGE_CURVE('',#3990,#3991,#4636,.T.);
#3133=EDGE_CURVE('',#3991,#3992,#446,.T.);
#3134=EDGE_CURVE('',#3992,#3993,#447,.T.);
#3135=EDGE_CURVE('',#3994,#3993,#448,.T.);
#3136=EDGE_CURVE('',#3995,#3994,#449,.T.);
#3137=EDGE_CURVE('',#3996,#3995,#4637,.T.);
#3138=EDGE_CURVE('',#3996,#3997,#450,.T.);
#3139=EDGE_CURVE('',#3998,#3997,#451,.T.);
#3140=EDGE_CURVE('',#3989,#3998,#452,.T.);
#3141=EDGE_CURVE('',#3989,#3981,#4638,.T.);
#3142=EDGE_CURVE('',#3998,#3982,#4639,.T.);
#3143=EDGE_CURVE('',#3988,#3992,#4640,.T.);
#3144=EDGE_CURVE('',#3987,#3993,#4641,.T.);
#3145=EDGE_CURVE('',#3983,#3997,#453,.T.);
#3146=EDGE_CURVE('',#3986,#3994,#454,.T.);
#3147=EDGE_CURVE('',#3984,#3996,#455,.T.);
#3148=EDGE_CURVE('',#3985,#3995,#456,.T.);
#3149=EDGE_CURVE('',#3999,#3999,#4642,.T.);
#3150=EDGE_CURVE('',#3991,#3979,#457,.F.);
#3151=EDGE_CURVE('',#4000,#4000,#4643,.T.);
#3152=EDGE_CURVE('',#3980,#3990,#458,.F.);
#3153=EDGE_CURVE('',#4001,#4001,#4644,.T.);
#3154=EDGE_CURVE('',#4002,#4002,#4645,.T.);
#3155=EDGE_CURVE('',#4003,#4003,#4646,.T.);
#3156=EDGE_CURVE('',#4004,#4004,#4647,.T.);
#3157=EDGE_CURVE('',#4005,#4005,#4648,.T.);
#3158=EDGE_CURVE('',#4006,#4006,#4649,.T.);
#3159=EDGE_CURVE('',#4007,#4007,#4650,.T.);
#3160=EDGE_CURVE('',#4008,#4009,#4651,.T.);
#3161=EDGE_CURVE('',#4008,#4010,#4652,.F.);
#3162=EDGE_CURVE('',#4010,#4011,#4653,.T.);
#3163=EDGE_CURVE('',#4011,#4012,#4654,.F.);
#3164=EDGE_CURVE('',#4013,#4012,#4655,.T.);
#3165=EDGE_CURVE('',#4013,#4014,#4656,.F.);
#3166=EDGE_CURVE('',#4014,#4015,#459,.T.);
#3167=EDGE_CURVE('',#4015,#4016,#4657,.T.);
#3168=EDGE_CURVE('',#4016,#4017,#460,.T.);
#3169=EDGE_CURVE('',#4017,#4009,#4658,.F.);
#3170=EDGE_CURVE('',#4018,#4018,#4659,.T.);
#3171=EDGE_CURVE('',#4019,#4019,#4660,.T.);
#3172=EDGE_CURVE('',#4020,#4020,#4661,.T.);
#3173=EDGE_CURVE('',#4021,#4022,#4662,.T.);
#3174=EDGE_CURVE('',#4021,#4023,#461,.T.);
#3175=EDGE_CURVE('',#4024,#4023,#4663,.T.);
#3176=EDGE_CURVE('',#4024,#4022,#462,.T.);
#3177=EDGE_CURVE('',#4025,#4025,#4664,.T.);
#3178=EDGE_CURVE('',#4026,#4026,#4665,.T.);
#3179=EDGE_CURVE('',#4027,#4027,#4666,.T.);
#3180=EDGE_CURVE('',#4028,#4028,#4667,.T.);
#3181=EDGE_CURVE('',#4029,#4029,#4668,.T.);
#3182=EDGE_CURVE('',#4030,#4030,#4669,.T.);
#3183=EDGE_CURVE('',#4031,#4031,#4670,.T.);
#3184=EDGE_CURVE('',#4032,#4032,#4671,.T.);
#3185=EDGE_CURVE('',#4033,#4033,#4672,.T.);
#3186=EDGE_CURVE('',#4034,#4034,#4673,.T.);
#3187=EDGE_CURVE('',#4035,#4035,#4674,.T.);
#3188=EDGE_CURVE('',#4036,#4036,#4675,.T.);
#3189=EDGE_CURVE('',#4037,#4037,#4676,.T.);
#3190=EDGE_CURVE('',#4038,#4038,#4677,.T.);
#3191=EDGE_CURVE('',#4039,#4040,#463,.T.);
#3192=EDGE_CURVE('',#4040,#4041,#464,.T.);
#3193=EDGE_CURVE('',#4042,#4041,#465,.T.);
#3194=EDGE_CURVE('',#4042,#4039,#466,.T.);
#3195=EDGE_CURVE('',#4041,#4043,#59,.F.);
#3196=EDGE_CURVE('',#4043,#4044,#4678,.T.);
#3197=EDGE_CURVE('',#4044,#4045,#60,.T.);
#3198=EDGE_CURVE('',#4046,#4045,#467,.T.);
#3199=EDGE_CURVE('',#4046,#4042,#4679,.F.);
#3200=EDGE_CURVE('',#4045,#4047,#468,.T.);
#3201=EDGE_CURVE('',#4048,#4047,#469,.T.);
#3202=EDGE_CURVE('',#4048,#4046,#470,.T.);
#3203=EDGE_CURVE('',#4047,#4049,#4680,.F.);
#3204=EDGE_CURVE('',#4050,#4049,#471,.T.);
#3205=EDGE_CURVE('',#4050,#4048,#4681,.T.);
#3206=EDGE_CURVE('',#4051,#4052,#4682,.T.);
#3207=EDGE_CURVE('',#4052,#4053,#35,.T.);
#3208=EDGE_CURVE('',#4054,#4053,#472,.T.);
#3209=EDGE_CURVE('',#4054,#4011,#36,.T.);
#3210=EDGE_CURVE('',#4010,#4050,#37,.T.);
#3211=EDGE_CURVE('',#4049,#4051,#38,.T.);
#3212=EDGE_CURVE('',#4055,#4055,#4683,.T.);
#3213=EDGE_CURVE('',#4056,#4056,#4684,.T.);
#3214=EDGE_CURVE('',#4053,#4040,#4685,.F.);
#3215=EDGE_CURVE('',#4039,#4054,#4686,.T.);
#3216=EDGE_CURVE('',#4057,#4057,#4687,.T.);
#3217=EDGE_CURVE('',#4058,#4058,#4688,.T.);
#3218=EDGE_CURVE('',#4059,#4059,#4689,.T.);
#3219=EDGE_CURVE('',#4060,#4060,#61,.T.);
#3220=EDGE_CURVE('',#4061,#4061,#4690,.T.);
#3221=EDGE_CURVE('',#4062,#4062,#4691,.T.);
#3222=EDGE_CURVE('',#4063,#4063,#4692,.T.);
#3223=EDGE_CURVE('',#4043,#4064,#473,.T.);
#3224=EDGE_CURVE('',#4064,#4052,#4693,.T.);
#3225=EDGE_CURVE('',#4051,#4065,#4694,.T.);
#3226=EDGE_CURVE('',#4065,#4044,#474,.T.);
#3227=EDGE_CURVE('',#4066,#4066,#4695,.T.);
#3228=EDGE_CURVE('',#4067,#4067,#4696,.T.);
#3229=EDGE_CURVE('',#4012,#4013,#39,.T.);
#3230=EDGE_CURVE('',#4068,#4068,#4697,.T.);
#3231=EDGE_CURVE('',#4069,#4069,#4698,.T.);
#3232=EDGE_CURVE('',#4070,#4070,#4699,.T.);
#3233=EDGE_CURVE('',#4009,#4008,#40,.T.);
#3234=EDGE_CURVE('',#4071,#4071,#4700,.T.);
#3235=EDGE_CURVE('',#4072,#4072,#4701,.T.);
#3236=EDGE_CURVE('',#4073,#4073,#4702,.T.);
#3237=EDGE_CURVE('',#4074,#4074,#4703,.T.);
#3238=EDGE_CURVE('',#4075,#4075,#4704,.T.);
#3239=EDGE_CURVE('',#4076,#4021,#475,.T.);
#3240=EDGE_CURVE('',#4076,#4077,#476,.T.);
#3241=EDGE_CURVE('',#4077,#4023,#477,.T.);
#3242=EDGE_CURVE('',#4078,#4022,#478,.T.);
#3243=EDGE_CURVE('',#4076,#4078,#4705,.T.);
#3244=EDGE_CURVE('',#4079,#4024,#479,.T.);
#3245=EDGE_CURVE('',#4079,#4078,#480,.T.);
#3246=EDGE_CURVE('',#4079,#4077,#4706,.T.);
#3247=EDGE_CURVE('',#4080,#4080,#62,.T.);
#3248=EDGE_CURVE('',#4081,#4081,#4707,.T.);
#3249=EDGE_CURVE('',#4082,#4082,#4708,.T.);
#3250=EDGE_CURVE('',#4014,#4039,#481,.T.);
#3251=EDGE_CURVE('',#4015,#4042,#482,.T.);
#3252=EDGE_CURVE('',#4016,#4046,#483,.T.);
#3253=EDGE_CURVE('',#4017,#4048,#484,.T.);
#3254=EDGE_CURVE('',#4064,#4040,#485,.T.);
#3255=EDGE_CURVE('',#4047,#4065,#486,.T.);
#3256=EDGE_CURVE('',#4083,#4083,#4709,.T.);
#3257=EDGE_CURVE('',#4084,#4084,#4710,.T.);
#3258=EDGE_CURVE('',#4085,#4085,#4711,.T.);
#3259=EDGE_CURVE('',#4086,#4086,#4712,.T.);
#3260=EDGE_CURVE('',#4087,#4088,#487,.T.);
#3261=EDGE_CURVE('',#4089,#4087,#488,.T.);
#3262=EDGE_CURVE('',#4089,#4090,#489,.T.);
#3263=EDGE_CURVE('',#4090,#4088,#490,.T.);
#3264=EDGE_CURVE('',#4087,#4091,#4713,.T.);
#3265=EDGE_CURVE('',#4092,#4091,#491,.T.);
#3266=EDGE_CURVE('',#4089,#4092,#4714,.T.);
#3267=EDGE_CURVE('',#4093,#4091,#492,.T.);
#3268=EDGE_CURVE('',#4094,#4093,#493,.T.);
#3269=EDGE_CURVE('',#4094,#4092,#494,.T.);
#3270=EDGE_CURVE('',#4095,#4095,#63,.T.);
#3271=EDGE_CURVE('',#4096,#4096,#64,.T.);
#3272=EDGE_CURVE('',#4093,#4088,#4715,.T.);
#3273=EDGE_CURVE('',#4094,#4090,#4716,.T.);
#3274=EDGE_CURVE('',#4097,#4097,#4717,.T.);
#3275=EDGE_CURVE('',#4098,#4098,#4718,.T.);
#3276=EDGE_CURVE('',#4099,#4099,#4719,.T.);
#3277=EDGE_CURVE('',#4100,#4100,#4720,.T.);
#3278=EDGE_CURVE('',#4101,#4101,#4721,.T.);
#3279=EDGE_CURVE('',#4102,#4102,#4722,.T.);
#3280=EDGE_CURVE('',#4103,#4103,#4723,.T.);
#3281=EDGE_CURVE('',#4104,#4104,#4724,.T.);
#3282=EDGE_CURVE('',#4105,#4105,#4725,.T.);
#3283=EDGE_CURVE('',#4106,#4106,#4726,.T.);
#3284=EDGE_CURVE('',#4107,#4107,#4727,.T.);
#3285=EDGE_CURVE('',#4108,#4108,#4728,.T.);
#3286=EDGE_CURVE('',#4109,#4109,#4729,.T.);
#3287=EDGE_CURVE('',#4110,#4110,#4730,.T.);
#3288=EDGE_CURVE('',#4111,#4111,#4731,.F.);
#3289=EDGE_CURVE('',#4112,#4112,#4732,.F.);
#3290=EDGE_CURVE('',#4113,#4114,#4733,.F.);
#3291=EDGE_CURVE('',#4113,#4115,#4734,.F.);
#3292=EDGE_CURVE('',#4115,#4116,#4735,.F.);
#3293=EDGE_CURVE('',#4117,#4116,#4736,.F.);
#3294=EDGE_CURVE('',#4118,#4117,#41,.T.);
#3295=EDGE_CURVE('',#4119,#4118,#4737,.F.);
#3296=EDGE_CURVE('',#4120,#4119,#42,.T.);
#3297=EDGE_CURVE('',#4114,#4120,#4738,.F.);
#3298=EDGE_CURVE('',#4121,#4113,#495,.T.);
#3299=EDGE_CURVE('',#4122,#4121,#4739,.T.);
#3300=EDGE_CURVE('',#4122,#4115,#496,.T.);
#3301=EDGE_CURVE('',#4116,#4123,#497,.T.);
#3302=EDGE_CURVE('',#4123,#4124,#498,.T.);
#3303=EDGE_CURVE('',#4125,#4124,#43,.T.);
#3304=EDGE_CURVE('',#4125,#4117,#499,.F.);
#3305=EDGE_CURVE('',#4126,#4126,#4740,.T.);
#3306=EDGE_CURVE('',#4127,#4127,#4741,.T.);
#3307=EDGE_CURVE('',#4128,#4128,#4742,.T.);
#3308=EDGE_CURVE('',#4129,#4130,#4743,.T.);
#3309=EDGE_CURVE('',#4129,#4131,#500,.T.);
#3310=EDGE_CURVE('',#4132,#4131,#501,.T.);
#3311=EDGE_CURVE('',#4132,#4133,#502,.F.);
#3312=EDGE_CURVE('',#4133,#4134,#503,.T.);
#3313=EDGE_CURVE('',#4134,#4135,#4744,.F.);
#3314=EDGE_CURVE('',#4135,#4136,#4745,.T.);
#3315=EDGE_CURVE('',#4136,#4137,#4746,.F.);
#3316=EDGE_CURVE('',#4137,#4138,#504,.T.);
#3317=EDGE_CURVE('',#4138,#4139,#505,.T.);
#3318=EDGE_CURVE('',#4140,#4139,#506,.T.);
#3319=EDGE_CURVE('',#4130,#4140,#507,.T.);
#3320=EDGE_CURVE('',#4131,#4141,#508,.T.);
#3321=EDGE_CURVE('',#4142,#4141,#65,.T.);
#3322=EDGE_CURVE('',#4140,#4142,#509,.T.);
#3323=EDGE_CURVE('',#4139,#4143,#510,.T.);
#3324=EDGE_CURVE('',#4144,#4143,#511,.T.);
#3325=EDGE_CURVE('',#4144,#4132,#512,.T.);
#3326=EDGE_CURVE('',#4145,#4145,#4747,.T.);
#3327=EDGE_CURVE('',#4146,#4146,#4748,.T.);
#3328=EDGE_CURVE('',#4147,#4147,#4749,.T.);
#3329=EDGE_CURVE('',#4148,#4148,#4750,.T.);
#3330=EDGE_CURVE('',#4149,#4149,#4751,.T.);
#3331=EDGE_CURVE('',#4150,#4150,#4752,.T.);
#3332=EDGE_CURVE('',#4151,#4152,#513,.T.);
#3333=EDGE_CURVE('',#4151,#4153,#514,.T.);
#3334=EDGE_CURVE('',#4154,#4153,#515,.T.);
#3335=EDGE_CURVE('',#4154,#4155,#4753,.F.);
#3336=EDGE_CURVE('',#4155,#4156,#516,.T.);
#3337=EDGE_CURVE('',#4156,#4157,#4754,.T.);
#3338=EDGE_CURVE('',#4158,#4157,#4755,.T.);
#3339=EDGE_CURVE('',#4158,#4159,#4756,.T.);
#3340=EDGE_CURVE('',#4159,#4160,#517,.T.);
#3341=EDGE_CURVE('',#4160,#4124,#4757,.F.);
#3342=EDGE_CURVE('',#4161,#4123,#518,.T.);
#3343=EDGE_CURVE('',#4162,#4161,#519,.T.);
#3344=EDGE_CURVE('',#4162,#4163,#520,.T.);
#3345=EDGE_CURVE('',#4163,#4164,#521,.T.);
#3346=EDGE_CURVE('',#4152,#4164,#522,.T.);
#3347=EDGE_CURVE('',#4125,#4165,#4758,.T.);
#3348=EDGE_CURVE('',#4166,#4165,#523,.T.);
#3349=EDGE_CURVE('',#4166,#4167,#4759,.F.);
#3350=EDGE_CURVE('',#4118,#4167,#524,.F.);
#3351=EDGE_CURVE('',#4168,#4119,#525,.T.);
#3352=EDGE_CURVE('',#4168,#4169,#4760,.F.);
#3353=EDGE_CURVE('',#4169,#4170,#526,.T.);
#3354=EDGE_CURVE('',#4170,#4171,#4761,.T.);
#3355=EDGE_CURVE('',#4120,#4171,#527,.T.);
#3356=EDGE_CURVE('',#4172,#4173,#4762,.T.);
#3357=EDGE_CURVE('',#4173,#4174,#528,.T.);
#3358=EDGE_CURVE('',#4174,#4175,#4763,.T.);
#3359=EDGE_CURVE('',#4175,#4176,#529,.T.);
#3360=EDGE_CURVE('',#4176,#4144,#530,.F.);
#3361=EDGE_CURVE('',#4143,#4177,#531,.T.);
#3362=EDGE_CURVE('',#4177,#4172,#532,.T.);
#3363=EDGE_CURVE('',#4168,#4173,#44,.T.);
#3364=EDGE_CURVE('',#4172,#4169,#533,.T.);
#3365=EDGE_CURVE('',#4174,#4167,#45,.T.);
#3366=EDGE_CURVE('',#4166,#4175,#534,.T.);
#3367=EDGE_CURVE('',#4160,#4165,#535,.T.);
#3368=EDGE_CURVE('',#4154,#4171,#46,.T.);
#3369=EDGE_CURVE('',#4155,#4170,#536,.T.);
#3370=EDGE_CURVE('',#4178,#4179,#537,.T.);
#3371=EDGE_CURVE('',#4178,#4180,#538,.T.);
#3372=EDGE_CURVE('',#4180,#4181,#539,.T.);
#3373=EDGE_CURVE('',#4179,#4181,#540,.T.);
#3374=EDGE_CURVE('',#4165,#4182,#541,.T.);
#3375=EDGE_CURVE('',#4183,#4182,#542,.T.);
#3376=EDGE_CURVE('',#4183,#4184,#543,.T.);
#3377=EDGE_CURVE('',#4184,#4185,#544,.T.);
#3378=EDGE_CURVE('',#4185,#4166,#545,.T.);
#3379=EDGE_CURVE('',#4182,#4186,#4764,.F.);
#3380=EDGE_CURVE('',#4187,#4186,#546,.T.);
#3381=EDGE_CURVE('',#4187,#4183,#4765,.T.);
#3382=EDGE_CURVE('',#4157,#4188,#47,.T.);
#3383=EDGE_CURVE('',#4189,#4188,#547,.T.);
#3384=EDGE_CURVE('',#4189,#4187,#4766,.F.);
#3385=EDGE_CURVE('',#4186,#4158,#48,.T.);
#3386=EDGE_CURVE('',#4188,#4190,#4767,.F.);
#3387=EDGE_CURVE('',#4191,#4190,#548,.T.);
#3388=EDGE_CURVE('',#4191,#4189,#4768,.T.);
#3389=EDGE_CURVE('',#4190,#4170,#549,.T.);
#3390=EDGE_CURVE('',#4169,#4192,#550,.T.);
#3391=EDGE_CURVE('',#4192,#4193,#551,.T.);
#3392=EDGE_CURVE('',#4193,#4191,#552,.T.);
#3393=EDGE_CURVE('',#4194,#4162,#553,.T.);
#3394=EDGE_CURVE('',#4194,#4195,#554,.T.);
#3395=EDGE_CURVE('',#4195,#4163,#555,.T.);
#3396=EDGE_CURVE('',#4121,#4151,#556,.T.);
#3397=EDGE_CURVE('',#4180,#4152,#557,.T.);
#3398=EDGE_CURVE('',#4196,#4178,#558,.T.);
#3399=EDGE_CURVE('',#4197,#4196,#559,.T.);
#3400=EDGE_CURVE('',#4194,#4197,#560,.T.);
#3401=EDGE_CURVE('',#4122,#4161,#561,.T.);
#3402=EDGE_CURVE('',#4181,#4164,#562,.T.);
#3403=EDGE_CURVE('',#4195,#4198,#563,.T.);
#3404=EDGE_CURVE('',#4199,#4198,#564,.T.);
#3405=EDGE_CURVE('',#4179,#4199,#565,.T.);
#3406=EDGE_CURVE('',#4198,#4197,#566,.T.);
#3407=EDGE_CURVE('',#4199,#4196,#567,.T.);
#3408=EDGE_CURVE('',#4137,#4191,#568,.T.);
#3409=EDGE_CURVE('',#4189,#4136,#569,.T.);
#3410=EDGE_CURVE('',#4187,#4135,#570,.T.);
#3411=EDGE_CURVE('',#4138,#4193,#571,.F.);
#3412=EDGE_CURVE('',#4183,#4134,#572,.T.);
#3413=EDGE_CURVE('',#4177,#4192,#573,.F.);
#3414=EDGE_CURVE('',#4184,#4133,#574,.T.);
#3415=EDGE_CURVE('',#4185,#4176,#575,.T.);
#3416=EDGE_CURVE('',#4159,#4182,#576,.T.);
#3417=EDGE_CURVE('',#4156,#4190,#577,.T.);
#3418=EDGE_CURVE('',#4114,#4153,#578,.T.);
#3419=EDGE_CURVE('',#4200,#4200,#4769,.T.);
#3420=EDGE_CURVE('',#4201,#4201,#4770,.T.);
#3421=EDGE_CURVE('',#4202,#4202,#4771,.T.);
#3422=EDGE_CURVE('',#4203,#4129,#579,.T.);
#3423=EDGE_CURVE('',#4203,#4204,#580,.T.);
#3424=EDGE_CURVE('',#4204,#4141,#581,.T.);
#3425=EDGE_CURVE('',#4205,#4130,#582,.T.);
#3426=EDGE_CURVE('',#4203,#4205,#4772,.T.);
#3427=EDGE_CURVE('',#4206,#4142,#583,.T.);
#3428=EDGE_CURVE('',#4205,#4206,#584,.T.);
#3429=EDGE_CURVE('',#4206,#4204,#4773,.T.);
#3430=EDGE_CURVE('',#4207,#4208,#585,.T.);
#3431=EDGE_CURVE('',#4209,#4207,#586,.T.);
#3432=EDGE_CURVE('',#4209,#4210,#587,.T.);
#3433=EDGE_CURVE('',#4210,#4208,#588,.T.);
#3434=EDGE_CURVE('',#4207,#4211,#4774,.T.);
#3435=EDGE_CURVE('',#4212,#4211,#589,.T.);
#3436=EDGE_CURVE('',#4209,#4212,#4775,.T.);
#3437=EDGE_CURVE('',#4213,#4211,#590,.T.);
#3438=EDGE_CURVE('',#4214,#4213,#591,.T.);
#3439=EDGE_CURVE('',#4214,#4212,#592,.T.);
#3440=EDGE_CURVE('',#4213,#4208,#4776,.T.);
#3441=EDGE_CURVE('',#4214,#4210,#4777,.T.);
#3442=EDGE_CURVE('',#4215,#4215,#4778,.T.);
#3443=EDGE_CURVE('',#4216,#4216,#4779,.T.);
#3444=EDGE_CURVE('',#4217,#4217,#4780,.T.);
#3445=EDGE_CURVE('',#4218,#4218,#4781,.T.);
#3446=EDGE_CURVE('',#4219,#4219,#4782,.T.);
#3447=EDGE_CURVE('',#4220,#4220,#4783,.T.);
#3448=EDGE_CURVE('',#4221,#4221,#4784,.T.);
#3449=EDGE_CURVE('',#4222,#4222,#4785,.T.);
#3450=EDGE_CURVE('',#4223,#4224,#593,.T.);
#3451=EDGE_CURVE('',#4224,#4225,#594,.T.);
#3452=EDGE_CURVE('',#4226,#4225,#595,.T.);
#3453=EDGE_CURVE('',#4223,#4226,#596,.T.);
#3454=EDGE_CURVE('',#4226,#4227,#4786,.T.);
#3455=EDGE_CURVE('',#4228,#4227,#597,.T.);
#3456=EDGE_CURVE('',#4223,#4228,#4787,.T.);
#3457=EDGE_CURVE('',#4229,#4227,#598,.T.);
#3458=EDGE_CURVE('',#4229,#4230,#599,.F.);
#3459=EDGE_CURVE('',#4230,#4228,#600,.T.);
#3460=EDGE_CURVE('',#4231,#4231,#4788,.T.);
#3461=EDGE_CURVE('',#4232,#4232,#4789,.T.);
#3462=EDGE_CURVE('',#4233,#4234,#601,.T.);
#3463=EDGE_CURVE('',#4234,#4235,#602,.T.);
#3464=EDGE_CURVE('',#4236,#4235,#603,.T.);
#3465=EDGE_CURVE('',#4236,#4237,#604,.F.);
#3466=EDGE_CURVE('',#4237,#4233,#605,.T.);
#3467=EDGE_CURVE('',#4238,#4238,#4790,.T.);
#3468=EDGE_CURVE('',#4239,#4239,#4791,.T.);
#3469=EDGE_CURVE('',#4230,#4234,#4792,.T.);
#3470=EDGE_CURVE('',#4233,#4233,#4793,.T.);
#3471=EDGE_CURVE('',#4237,#4224,#4794,.T.);
#3472=EDGE_CURVE('',#4240,#4240,#4795,.T.);
#3473=EDGE_CURVE('',#4241,#4241,#4796,.T.);
#3474=EDGE_CURVE('',#4235,#4229,#4797,.F.);
#3475=EDGE_CURVE('',#4225,#4236,#4798,.F.);
#3476=EDGE_CURVE('',#4242,#4242,#4799,.T.);
#3477=EDGE_CURVE('',#4243,#4243,#4800,.T.);
#3478=EDGE_CURVE('',#4244,#4244,#4801,.T.);
#3479=EDGE_CURVE('',#4245,#4245,#4802,.T.);
#3480=EDGE_CURVE('',#4246,#4246,#4803,.T.);
#3481=EDGE_CURVE('',#4247,#4247,#4804,.T.);
#3482=EDGE_CURVE('',#4248,#4248,#4805,.T.);
#3483=EDGE_CURVE('',#4249,#4249,#4806,.T.);
#3484=EDGE_CURVE('',#4250,#4250,#4807,.T.);
#3485=EDGE_CURVE('',#4251,#4251,#4808,.T.);
#3486=EDGE_CURVE('',#4252,#4252,#4809,.T.);
#3487=EDGE_CURVE('',#4253,#4254,#606,.T.);
#3488=EDGE_CURVE('',#4253,#4255,#4810,.T.);
#3489=EDGE_CURVE('',#4256,#4255,#607,.T.);
#3490=EDGE_CURVE('',#4257,#4256,#4811,.T.);
#3491=EDGE_CURVE('',#4257,#4258,#608,.F.);
#3492=EDGE_CURVE('',#4259,#4258,#4812,.T.);
#3493=EDGE_CURVE('',#4259,#4260,#609,.T.);
#3494=EDGE_CURVE('',#4261,#4260,#4813,.T.);
#3495=EDGE_CURVE('',#4261,#4262,#610,.F.);
#3496=EDGE_CURVE('',#4254,#4262,#4814,.T.);
#3497=EDGE_CURVE('',#4263,#4263,#4815,.T.);
#3498=EDGE_CURVE('',#4264,#4264,#4816,.T.);
#3499=EDGE_CURVE('',#4265,#4265,#4817,.T.);
#3500=EDGE_CURVE('',#4266,#4267,#4818,.T.);
#3501=EDGE_CURVE('',#4267,#4268,#611,.T.);
#3502=EDGE_CURVE('',#4269,#4268,#612,.T.);
#3503=EDGE_CURVE('',#4269,#4254,#613,.T.);
#3504=EDGE_CURVE('',#4262,#4270,#4819,.T.);
#3505=EDGE_CURVE('',#4271,#4270,#4820,.T.);
#3506=EDGE_CURVE('',#4271,#4259,#4821,.T.);
#3507=EDGE_CURVE('',#4258,#4272,#4822,.T.);
#3508=EDGE_CURVE('',#4273,#4272,#4823,.T.);
#3509=EDGE_CURVE('',#4273,#4274,#4824,.T.);
#3510=EDGE_CURVE('',#4274,#4275,#614,.T.);
#3511=EDGE_CURVE('',#4275,#4276,#615,.T.);
#3512=EDGE_CURVE('',#4276,#4277,#616,.T.);
#3513=EDGE_CURVE('',#4277,#4278,#617,.T.);
#3514=EDGE_CURVE('',#4278,#4279,#618,.T.);
#3515=EDGE_CURVE('',#4279,#4280,#619,.T.);
#3516=EDGE_CURVE('',#4280,#4281,#620,.T.);
#3517=EDGE_CURVE('',#4281,#4282,#4825,.T.);
#3518=EDGE_CURVE('',#4283,#4282,#4826,.T.);
#3519=EDGE_CURVE('',#4283,#4284,#4827,.T.);
#3520=EDGE_CURVE('',#4284,#4285,#4828,.T.);
#3521=EDGE_CURVE('',#4285,#4286,#4829,.T.);
#3522=EDGE_CURVE('',#4287,#4286,#4830,.T.);
#3523=EDGE_CURVE('',#4287,#4266,#4831,.T.);
#3524=EDGE_CURVE('',#4288,#4289,#4832,.T.);
#3525=EDGE_CURVE('',#4289,#4267,#621,.T.);
#3526=EDGE_CURVE('',#4266,#4290,#622,.T.);
#3527=EDGE_CURVE('',#4291,#4290,#4833,.T.);
#3528=EDGE_CURVE('',#4291,#4285,#623,.F.);
#3529=EDGE_CURVE('',#4284,#4292,#624,.T.);
#3530=EDGE_CURVE('',#4293,#4292,#4834,.T.);
#3531=EDGE_CURVE('',#4293,#4288,#625,.T.);
#3532=EDGE_CURVE('',#4294,#4295,#626,.F.);
#3533=EDGE_CURVE('',#4295,#4275,#4835,.F.);
#3534=EDGE_CURVE('',#4274,#4296,#627,.F.);
#3535=EDGE_CURVE('',#4256,#4296,#628,.T.);
#3536=EDGE_CURVE('',#4255,#4297,#629,.T.);
#3537=EDGE_CURVE('',#4294,#4297,#630,.T.);
#3538=EDGE_CURVE('',#4298,#4298,#4836,.T.);
#3539=EDGE_CURVE('',#4299,#4299,#4837,.T.);
#3540=EDGE_CURVE('',#4300,#4300,#4838,.T.);
#3541=EDGE_CURVE('',#4301,#4301,#4839,.T.);
#3542=EDGE_CURVE('',#4302,#4302,#4840,.T.);
#3543=EDGE_CURVE('',#4303,#4303,#4841,.T.);
#3544=EDGE_CURVE('',#4304,#4304,#4842,.T.);
#3545=EDGE_CURVE('',#4305,#4305,#4843,.T.);
#3546=EDGE_CURVE('',#4306,#4306,#4844,.T.);
#3547=EDGE_CURVE('',#4307,#4307,#4845,.T.);
#3548=EDGE_CURVE('',#4308,#4308,#4846,.T.);
#3549=EDGE_CURVE('',#4309,#4309,#4847,.T.);
#3550=EDGE_CURVE('',#4310,#4310,#4848,.T.);
#3551=EDGE_CURVE('',#4311,#4311,#4849,.T.);
#3552=EDGE_CURVE('',#4312,#4312,#4850,.T.);
#3553=EDGE_CURVE('',#4277,#4294,#4851,.F.);
#3554=EDGE_CURVE('',#4297,#4313,#631,.T.);
#3555=EDGE_CURVE('',#4314,#4313,#632,.T.);
#3556=EDGE_CURVE('',#4314,#4278,#4852,.F.);
#3557=EDGE_CURVE('',#4315,#4315,#49,.T.);
#3558=EDGE_CURVE('',#4316,#4316,#4853,.T.);
#3559=EDGE_CURVE('',#4280,#4317,#4854,.F.);
#3560=EDGE_CURVE('',#4317,#4314,#633,.F.);
#3561=EDGE_CURVE('',#4313,#4288,#634,.T.);
#3562=EDGE_CURVE('',#4318,#4293,#635,.T.);
#3563=EDGE_CURVE('',#4318,#4281,#636,.T.);
#3564=EDGE_CURVE('',#4319,#4320,#637,.T.);
#3565=EDGE_CURVE('',#4319,#4289,#638,.T.);
#3566=EDGE_CURVE('',#4253,#4320,#639,.T.);
#3567=EDGE_CURVE('',#4321,#4321,#4855,.T.);
#3568=EDGE_CURVE('',#4322,#4322,#4856,.T.);
#3569=EDGE_CURVE('',#4323,#4323,#4857,.T.);
#3570=EDGE_CURVE('',#4324,#4324,#4858,.T.);
#3571=EDGE_CURVE('',#4270,#4325,#640,.F.);
#3572=EDGE_CURVE('',#4326,#4325,#4859,.T.);
#3573=EDGE_CURVE('',#4326,#4271,#641,.T.);
#3574=EDGE_CURVE('',#4260,#4326,#4860,.F.);
#3575=EDGE_CURVE('',#4325,#4261,#4861,.F.);
#3576=EDGE_CURVE('',#4327,#4328,#4862,.T.);
#3577=EDGE_CURVE('',#4327,#4273,#642,.T.);
#3578=EDGE_CURVE('',#4272,#4328,#643,.F.);
#3579=EDGE_CURVE('',#4296,#4327,#4863,.F.);
#3580=EDGE_CURVE('',#4328,#4257,#4864,.F.);
#3581=EDGE_CURVE('',#4329,#4329,#4865,.T.);
#3582=EDGE_CURVE('',#4330,#4330,#4866,.T.);
#3583=EDGE_CURVE('',#4282,#4331,#644,.F.);
#3584=EDGE_CURVE('',#4332,#4331,#4867,.T.);
#3585=EDGE_CURVE('',#4332,#4283,#645,.T.);
#3586=EDGE_CURVE('',#4292,#4332,#4868,.F.);
#3587=EDGE_CURVE('',#4331,#4318,#4869,.F.);
#3588=EDGE_CURVE('',#4333,#4334,#4870,.T.);
#3589=EDGE_CURVE('',#4333,#4287,#646,.T.);
#3590=EDGE_CURVE('',#4286,#4334,#647,.F.);
#3591=EDGE_CURVE('',#4290,#4333,#4871,.F.);
#3592=EDGE_CURVE('',#4334,#4291,#4872,.F.);
#3593=EDGE_CURVE('',#4276,#4295,#66,.T.);
#3594=EDGE_CURVE('',#4317,#4279,#67,.F.);
#3595=EDGE_CURVE('',#4320,#4269,#648,.T.);
#3596=EDGE_CURVE('',#4319,#4268,#649,.T.);
#3597=EDGE_CURVE('',#4335,#4335,#4873,.T.);
#3598=EDGE_CURVE('',#4336,#4336,#4874,.T.);
#3599=EDGE_CURVE('',#4337,#4337,#4875,.T.);
#3600=EDGE_CURVE('',#4338,#4339,#650,.T.);
#3601=EDGE_CURVE('',#4339,#4340,#651,.T.);
#3602=EDGE_CURVE('',#4341,#4340,#652,.T.);
#3603=EDGE_CURVE('',#4341,#4338,#4876,.T.);
#3604=EDGE_CURVE('',#4342,#4343,#653,.T.);
#3605=EDGE_CURVE('',#4343,#4344,#654,.T.);
#3606=EDGE_CURVE('',#4341,#4344,#655,.T.);
#3607=EDGE_CURVE('',#4340,#4345,#4877,.F.);
#3608=EDGE_CURVE('',#4346,#4345,#656,.T.);
#3609=EDGE_CURVE('',#4346,#4342,#657,.T.);
#3610=EDGE_CURVE('',#4344,#4347,#4878,.T.);
#3611=EDGE_CURVE('',#4338,#4347,#658,.T.);
#3612=EDGE_CURVE('',#4347,#4348,#659,.T.);
#3613=EDGE_CURVE('',#4349,#4348,#660,.T.);
#3614=EDGE_CURVE('',#4350,#4349,#661,.T.);
#3615=EDGE_CURVE('',#4350,#4351,#662,.T.);
#3616=EDGE_CURVE('',#4351,#4339,#4879,.T.);
#3617=EDGE_CURVE('',#4352,#4352,#4880,.T.);
#3618=EDGE_CURVE('',#4348,#4343,#663,.T.);
#3619=EDGE_CURVE('',#4342,#4349,#664,.T.);
#3620=EDGE_CURVE('',#4353,#4354,#665,.T.);
#3621=EDGE_CURVE('',#4354,#4355,#666,.T.);
#3622=EDGE_CURVE('',#4355,#4356,#667,.T.);
#3623=EDGE_CURVE('',#4356,#4353,#4881,.F.);
#3624=EDGE_CURVE('',#4357,#4357,#4882,.T.);
#3625=EDGE_CURVE('',#4345,#4351,#668,.F.);
#3626=EDGE_CURVE('',#4350,#4346,#669,.T.);
#3627=EDGE_CURVE('',#4358,#4358,#4883,.T.);
#3628=EDGE_CURVE('',#4359,#4359,#4884,.F.);
#3629=EDGE_CURVE('',#4360,#4360,#4885,.F.);
#3630=EDGE_CURVE('',#4347,#4356,#670,.T.);
#3631=EDGE_CURVE('',#4353,#4344,#671,.T.);
#3632=EDGE_CURVE('',#4354,#4343,#672,.F.);
#3633=EDGE_CURVE('',#4348,#4355,#673,.T.);
#3634=EDGE_CURVE('',#4361,#4361,#4886,.T.);
#3635=EDGE_CURVE('',#4362,#4362,#4887,.T.);
#3636=EDGE_CURVE('',#4363,#4363,#4888,.T.);
#3637=EDGE_CURVE('',#4364,#4364,#4889,.T.);
#3638=EDGE_CURVE('',#4365,#4365,#4890,.T.);
#3639=EDGE_CURVE('',#4366,#4366,#4891,.T.);
#3640=EDGE_CURVE('',#4367,#4367,#4892,.T.);
#3641=EDGE_CURVE('',#4368,#4368,#4893,.T.);
#3642=EDGE_CURVE('',#4369,#4369,#4894,.T.);
#3643=EDGE_CURVE('',#4370,#4371,#50,.T.);
#3644=EDGE_CURVE('',#4372,#4370,#4895,.F.);
#3645=EDGE_CURVE('',#4373,#4372,#51,.T.);
#3646=EDGE_CURVE('',#4371,#4373,#4896,.F.);
#3647=EDGE_CURVE('',#4374,#4374,#4897,.T.);
#3648=EDGE_CURVE('',#4375,#4376,#52,.T.);
#3649=EDGE_CURVE('',#4377,#4375,#4898,.F.);
#3650=EDGE_CURVE('',#4378,#4377,#53,.T.);
#3651=EDGE_CURVE('',#4376,#4378,#4899,.F.);
#3652=EDGE_CURVE('',#4379,#4379,#4900,.T.);
#3653=EDGE_CURVE('',#4380,#4381,#54,.T.);
#3654=EDGE_CURVE('',#4382,#4380,#4901,.F.);
#3655=EDGE_CURVE('',#4383,#4382,#55,.T.);
#3656=EDGE_CURVE('',#4381,#4383,#4902,.F.);
#3657=EDGE_CURVE('',#4384,#4384,#4903,.T.);
#3658=EDGE_CURVE('',#4385,#4386,#56,.T.);
#3659=EDGE_CURVE('',#4387,#4385,#4904,.F.);
#3660=EDGE_CURVE('',#4388,#4387,#57,.T.);
#3661=EDGE_CURVE('',#4386,#4388,#4905,.F.);
#3662=EDGE_CURVE('',#4389,#4389,#4906,.T.);
#3663=EDGE_CURVE('',#4390,#4390,#4907,.T.);
#3664=EDGE_CURVE('',#4391,#4391,#4908,.T.);
#3665=EDGE_CURVE('',#4392,#4392,#4909,.T.);
#3666=EDGE_CURVE('',#4393,#4393,#4910,.T.);
#3667=EDGE_CURVE('',#4394,#4394,#4911,.T.);
#3668=EDGE_CURVE('',#4395,#4395,#4912,.T.);
#3669=EDGE_CURVE('',#4396,#4396,#4913,.T.);
#3670=EDGE_CURVE('',#4397,#4397,#4914,.T.);
#3671=EDGE_CURVE('',#4398,#4398,#4915,.T.);
#3672=EDGE_CURVE('',#4399,#4399,#4916,.T.);
#3673=EDGE_CURVE('',#4400,#4400,#4917,.T.);
#3674=EDGE_CURVE('',#4401,#4401,#4918,.T.);
#3675=EDGE_CURVE('',#4402,#4402,#4919,.T.);
#3676=EDGE_CURVE('',#4403,#4403,#4920,.T.);
#3677=EDGE_CURVE('',#4404,#4404,#4921,.T.);
#3678=EDGE_CURVE('',#4405,#4405,#4922,.T.);
#3679=EDGE_CURVE('',#4406,#4406,#4923,.T.);
#3680=EDGE_CURVE('',#4407,#4407,#4924,.T.);
#3681=EDGE_CURVE('',#4408,#4408,#4925,.T.);
#3682=EDGE_CURVE('',#4409,#4409,#4926,.T.);
#3683=EDGE_CURVE('',#4410,#4410,#4927,.T.);
#3684=EDGE_CURVE('',#4411,#4411,#4928,.T.);
#3685=EDGE_CURVE('',#4412,#4412,#4929,.T.);
#3686=EDGE_CURVE('',#4413,#4413,#4930,.F.);
#3687=EDGE_CURVE('',#4414,#4414,#4931,.F.);
#3688=EDGE_CURVE('',#4415,#4415,#4932,.F.);
#3689=EDGE_CURVE('',#4416,#4416,#4933,.F.);
#3690=EDGE_CURVE('',#4417,#4418,#674,.T.);
#3691=EDGE_CURVE('',#4419,#4417,#675,.T.);
#3692=EDGE_CURVE('',#4419,#4388,#676,.T.);
#3693=EDGE_CURVE('',#4387,#4378,#677,.T.);
#3694=EDGE_CURVE('',#4377,#4420,#678,.T.);
#3695=EDGE_CURVE('',#4420,#4418,#679,.T.);
#3696=EDGE_CURVE('',#4417,#4421,#4934,.T.);
#3697=EDGE_CURVE('',#4422,#4421,#680,.T.);
#3698=EDGE_CURVE('',#4419,#4422,#4935,.T.);
#3699=EDGE_CURVE('',#4421,#4423,#681,.T.);
#3700=EDGE_CURVE('',#4424,#4423,#682,.T.);
#3701=EDGE_CURVE('',#4373,#4424,#683,.T.);
#3702=EDGE_CURVE('',#4383,#4372,#684,.T.);
#3703=EDGE_CURVE('',#4422,#4382,#685,.T.);
#3704=EDGE_CURVE('',#4425,#4426,#686,.T.);
#3705=EDGE_CURVE('',#4427,#4426,#687,.T.);
#3706=EDGE_CURVE('',#4428,#4427,#688,.T.);
#3707=EDGE_CURVE('',#4428,#4425,#689,.T.);
#3708=EDGE_CURVE('',#4426,#4429,#4936,.T.);
#3709=EDGE_CURVE('',#4430,#4429,#690,.T.);
#3710=EDGE_CURVE('',#4427,#4430,#4937,.T.);
#3711=EDGE_CURVE('',#4431,#4429,#691,.T.);
#3712=EDGE_CURVE('',#4432,#4431,#692,.T.);
#3713=EDGE_CURVE('',#4432,#4430,#693,.T.);
#3714=EDGE_CURVE('',#4433,#4434,#4938,.T.);
#3715=EDGE_CURVE('',#4435,#4433,#694,.T.);
#3716=EDGE_CURVE('',#4435,#4436,#4939,.T.);
#3717=EDGE_CURVE('',#4436,#4434,#695,.T.);
#3718=EDGE_CURVE('',#4433,#4437,#696,.T.);
#3719=EDGE_CURVE('',#4438,#4437,#697,.T.);
#3720=EDGE_CURVE('',#4435,#4438,#698,.T.);
#3721=EDGE_CURVE('',#4439,#4437,#4940,.T.);
#3722=EDGE_CURVE('',#4440,#4439,#699,.T.);
#3723=EDGE_CURVE('',#4440,#4438,#4941,.T.);
#3724=EDGE_CURVE('',#4441,#4442,#4942,.T.);
#3725=EDGE_CURVE('',#4443,#4442,#700,.T.);
#3726=EDGE_CURVE('',#4444,#4443,#4943,.T.);
#3727=EDGE_CURVE('',#4444,#4441,#701,.T.);
#3728=EDGE_CURVE('',#4442,#4445,#702,.T.);
#3729=EDGE_CURVE('',#4446,#4445,#703,.T.);
#3730=EDGE_CURVE('',#4443,#4446,#704,.T.);
#3731=EDGE_CURVE('',#4445,#4447,#4944,.T.);
#3732=EDGE_CURVE('',#4448,#4447,#705,.T.);
#3733=EDGE_CURVE('',#4446,#4448,#4945,.T.);
#3734=EDGE_CURVE('',#4449,#4450,#4946,.T.);
#3735=EDGE_CURVE('',#4451,#4449,#706,.T.);
#3736=EDGE_CURVE('',#4451,#4452,#4947,.T.);
#3737=EDGE_CURVE('',#4452,#4450,#707,.T.);
#3738=EDGE_CURVE('',#4449,#4453,#708,.T.);
#3739=EDGE_CURVE('',#4454,#4453,#709,.T.);
#3740=EDGE_CURVE('',#4451,#4454,#710,.T.);
#3741=EDGE_CURVE('',#4455,#4453,#4948,.T.);
#3742=EDGE_CURVE('',#4456,#4455,#711,.T.);
#3743=EDGE_CURVE('',#4456,#4454,#4949,.T.);
#3744=EDGE_CURVE('',#4457,#4457,#4950,.T.);
#3745=EDGE_CURVE('',#4458,#4458,#4951,.T.);
#3746=EDGE_CURVE('',#4459,#4459,#4952,.T.);
#3747=EDGE_CURVE('',#4460,#4460,#4953,.T.);
#3748=EDGE_CURVE('',#4461,#4461,#4954,.T.);
#3749=EDGE_CURVE('',#4462,#4462,#4955,.T.);
#3750=EDGE_CURVE('',#4463,#4463,#4956,.T.);
#3751=EDGE_CURVE('',#4464,#4464,#4957,.T.);
#3752=EDGE_CURVE('',#4465,#4465,#4958,.T.);
#3753=EDGE_CURVE('',#4466,#4466,#4959,.T.);
#3754=EDGE_CURVE('',#4467,#4467,#4960,.T.);
#3755=EDGE_CURVE('',#4468,#4468,#4961,.T.);
#3756=EDGE_CURVE('',#4469,#4469,#4962,.T.);
#3757=EDGE_CURVE('',#4470,#4470,#4963,.T.);
#3758=EDGE_CURVE('',#4471,#4471,#4964,.T.);
#3759=EDGE_CURVE('',#4472,#4472,#4965,.T.);
#3760=EDGE_CURVE('',#4473,#4473,#4966,.T.);
#3761=EDGE_CURVE('',#4474,#4474,#4967,.T.);
#3762=EDGE_CURVE('',#4475,#4475,#4968,.T.);
#3763=EDGE_CURVE('',#4476,#4476,#4969,.T.);
#3764=EDGE_CURVE('',#4477,#4477,#4970,.T.);
#3765=EDGE_CURVE('',#4478,#4478,#4971,.T.);
#3766=EDGE_CURVE('',#4431,#4425,#4972,.T.);
#3767=EDGE_CURVE('',#4432,#4428,#4973,.T.);
#3768=EDGE_CURVE('',#4434,#4439,#712,.T.);
#3769=EDGE_CURVE('',#4436,#4440,#713,.T.);
#3770=EDGE_CURVE('',#4441,#4447,#714,.T.);
#3771=EDGE_CURVE('',#4444,#4448,#715,.T.);
#3772=EDGE_CURVE('',#4450,#4455,#716,.T.);
#3773=EDGE_CURVE('',#4452,#4456,#717,.T.);
#3774=EDGE_CURVE('',#4423,#4418,#4974,.T.);
#3775=EDGE_CURVE('',#4424,#4420,#4975,.T.);
#3776=EDGE_CURVE('',#4370,#4371,#4976,.T.);
#3777=EDGE_CURVE('',#4375,#4376,#4977,.T.);
#3778=EDGE_CURVE('',#4385,#4386,#4978,.T.);
#3779=EDGE_CURVE('',#4380,#4381,#4979,.T.);
#3780=EDGE_CURVE('',#4479,#4479,#4980,.T.);
#3781=EDGE_CURVE('',#4480,#4480,#4981,.T.);
#3782=EDGE_CURVE('',#4481,#4481,#4982,.T.);
#3783=EDGE_CURVE('',#4482,#4482,#4983,.T.);
#3784=EDGE_CURVE('',#4483,#4483,#4984,.T.);
#3785=EDGE_CURVE('',#4484,#4484,#4985,.T.);
#3786=EDGE_CURVE('',#4485,#4485,#4986,.T.);
#3787=EDGE_CURVE('',#4486,#4486,#4987,.T.);
#3788=EDGE_CURVE('',#4487,#4487,#4988,.T.);
#3789=EDGE_CURVE('',#4488,#4488,#4989,.T.);
#3790=EDGE_CURVE('',#4489,#4489,#4990,.T.);
#3791=EDGE_CURVE('',#4490,#4490,#4991,.T.);
#3792=EDGE_CURVE('',#4491,#4491,#4992,.T.);
#3793=EDGE_CURVE('',#4492,#4492,#4993,.T.);
#3794=EDGE_CURVE('',#4493,#4493,#4994,.T.);
#3795=EDGE_CURVE('',#4494,#4494,#4995,.T.);
#3796=EDGE_CURVE('',#4495,#4495,#4996,.T.);
#3797=EDGE_CURVE('',#4496,#4496,#4997,.T.);
#3798=EDGE_CURVE('',#4497,#4497,#4998,.T.);
#3799=EDGE_CURVE('',#4498,#4498,#4999,.T.);
#3800=EDGE_CURVE('',#4499,#4499,#5000,.T.);
#3801=EDGE_CURVE('',#4500,#4500,#5001,.T.);
#3802=EDGE_CURVE('',#4501,#4501,#5002,.T.);
#3803=EDGE_CURVE('',#4502,#4502,#5003,.T.);
#3804=EDGE_CURVE('',#4503,#4503,#5004,.T.);
#3805=EDGE_CURVE('',#4504,#4504,#5005,.T.);
#3806=EDGE_CURVE('',#4505,#4505,#5006,.T.);
#3807=EDGE_CURVE('',#4506,#4506,#5007,.T.);
#3808=EDGE_CURVE('',#4507,#4507,#5008,.T.);
#3809=EDGE_CURVE('',#4508,#4508,#5009,.T.);
#3810=EDGE_CURVE('',#4509,#4509,#5010,.T.);
#3811=EDGE_CURVE('',#4510,#4510,#5011,.T.);
#3812=EDGE_CURVE('',#4511,#4511,#5012,.T.);
#3813=EDGE_CURVE('',#4512,#4512,#5013,.T.);
#3814=EDGE_CURVE('',#4513,#4513,#5014,.T.);
#3815=EDGE_CURVE('',#4514,#4514,#5015,.T.);
#3816=EDGE_CURVE('',#4515,#4515,#5016,.T.);
#3817=EDGE_CURVE('',#4516,#4516,#5017,.T.);
#3818=EDGE_CURVE('',#4517,#4518,#718,.T.);
#3819=EDGE_CURVE('',#4518,#4519,#719,.T.);
#3820=EDGE_CURVE('',#4520,#4519,#5018,.T.);
#3821=EDGE_CURVE('',#4520,#4521,#720,.T.);
#3822=EDGE_CURVE('',#4522,#4521,#721,.T.);
#3823=EDGE_CURVE('',#4522,#4517,#722,.F.);
#3824=EDGE_CURVE('',#4523,#4524,#723,.T.);
#3825=EDGE_CURVE('',#4524,#4525,#724,.F.);
#3826=EDGE_CURVE('',#4526,#4525,#725,.T.);
#3827=EDGE_CURVE('',#4526,#4523,#726,.T.);
#3828=EDGE_CURVE('',#4527,#4527,#5019,.T.);
#3829=EDGE_CURVE('',#4528,#4529,#727,.T.);
#3830=EDGE_CURVE('',#4528,#4530,#728,.T.);
#3831=EDGE_CURVE('',#4530,#4531,#729,.T.);
#3832=EDGE_CURVE('',#4529,#4531,#730,.T.);
#3833=EDGE_CURVE('',#4532,#4531,#731,.T.);
#3834=EDGE_CURVE('',#4533,#4532,#732,.T.);
#3835=EDGE_CURVE('',#4533,#4529,#733,.T.);
#3836=EDGE_CURVE('',#4534,#4534,#5020,.F.);
#3837=EDGE_CURVE('',#4535,#4532,#734,.T.);
#3838=EDGE_CURVE('',#4536,#4535,#735,.T.);
#3839=EDGE_CURVE('',#4536,#4533,#736,.T.);
#3840=EDGE_CURVE('',#4537,#4535,#5021,.T.);
#3841=EDGE_CURVE('',#4538,#4537,#737,.T.);
#3842=EDGE_CURVE('',#4538,#4536,#5022,.T.);
#3843=EDGE_CURVE('',#4537,#4539,#738,.T.);
#3844=EDGE_CURVE('',#4540,#4539,#739,.T.);
#3845=EDGE_CURVE('',#4538,#4540,#740,.T.);
#3846=EDGE_CURVE('',#4541,#4539,#741,.T.);
#3847=EDGE_CURVE('',#4541,#4542,#742,.F.);
#3848=EDGE_CURVE('',#4542,#4540,#743,.T.);
#3849=EDGE_CURVE('',#4542,#4518,#5023,.T.);
#3850=EDGE_CURVE('',#4517,#4526,#5024,.T.);
#3851=EDGE_CURVE('',#4525,#4528,#5025,.T.);
#3852=EDGE_CURVE('',#4521,#4541,#5026,.F.);
#3853=EDGE_CURVE('',#4530,#4524,#5027,.F.);
#3854=EDGE_CURVE('',#4523,#4522,#5028,.F.);
#3855=EDGE_CURVE('',#4543,#4543,#5029,.T.);
#3856=EDGE_CURVE('',#4519,#4520,#58,.T.);
#3857=EDGE_CURVE('',#4544,#4544,#5030,.T.);
#3858=EDGE_CURVE('',#4545,#4545,#5031,.T.);
#3859=EDGE_CURVE('',#4546,#4546,#5032,.T.);
#3860=EDGE_CURVE('',#4547,#4547,#5033,.T.);
#3861=EDGE_CURVE('',#4548,#4549,#744,.T.);
#3862=EDGE_CURVE('',#4549,#4550,#745,.T.);
#3863=EDGE_CURVE('',#4551,#4550,#746,.T.);
#3864=EDGE_CURVE('',#4551,#4548,#747,.T.);
#3865=EDGE_CURVE('',#4552,#4553,#748,.T.);
#3866=EDGE_CURVE('',#4554,#4552,#749,.T.);
#3867=EDGE_CURVE('',#4555,#4554,#750,.T.);
#3868=EDGE_CURVE('',#4555,#4553,#751,.T.);
#3869=EDGE_CURVE('',#4556,#4557,#752,.T.);
#3870=EDGE_CURVE('',#4558,#4556,#753,.T.);
#3871=EDGE_CURVE('',#4558,#4549,#754,.T.);
#3872=EDGE_CURVE('',#4548,#4554,#755,.T.);
#3873=EDGE_CURVE('',#4559,#4552,#756,.T.);
#3874=EDGE_CURVE('',#4559,#4560,#757,.T.);
#3875=EDGE_CURVE('',#4560,#4561,#758,.T.);
#3876=EDGE_CURVE('',#4561,#4562,#759,.T.);
#3877=EDGE_CURVE('',#4562,#4563,#760,.T.);
#3878=EDGE_CURVE('',#4563,#4564,#761,.T.);
#3879=EDGE_CURVE('',#4565,#4564,#762,.T.);
#3880=EDGE_CURVE('',#4566,#4565,#763,.T.);
#3881=EDGE_CURVE('',#4566,#4567,#764,.T.);
#3882=EDGE_CURVE('',#4557,#4567,#765,.T.);
#3883=EDGE_CURVE('',#4568,#4569,#766,.T.);
#3884=EDGE_CURVE('',#4568,#4570,#767,.T.);
#3885=EDGE_CURVE('',#4571,#4570,#768,.T.);
#3886=EDGE_CURVE('',#4571,#4572,#769,.T.);
#3887=EDGE_CURVE('',#4572,#4573,#770,.T.);
#3888=EDGE_CURVE('',#4574,#4573,#771,.T.);
#3889=EDGE_CURVE('',#4575,#4574,#772,.T.);
#3890=EDGE_CURVE('',#4576,#4575,#773,.T.);
#3891=EDGE_CURVE('',#4576,#4577,#774,.T.);
#3892=EDGE_CURVE('',#4577,#4578,#775,.T.);
#3893=EDGE_CURVE('',#4553,#4578,#776,.T.);
#3894=EDGE_CURVE('',#4551,#4555,#777,.T.);
#3895=EDGE_CURVE('',#4550,#4579,#778,.T.);
#3896=EDGE_CURVE('',#4569,#4579,#779,.T.);
#3897=EDGE_CURVE('',#4580,#4580,#5034,.T.);
#3898=EDGE_CURVE('',#4570,#4567,#780,.T.);
#3899=EDGE_CURVE('',#4566,#4571,#5035,.T.);
#3900=EDGE_CURVE('',#4565,#4572,#5036,.T.);
#3901=EDGE_CURVE('',#4581,#4581,#5037,.T.);
#3902=EDGE_CURVE('',#4573,#4564,#5038,.T.);
#3903=EDGE_CURVE('',#4574,#4563,#5039,.T.);
#3904=EDGE_CURVE('',#4582,#4582,#5040,.T.);
#3905=EDGE_CURVE('',#4583,#4583,#5041,.T.);
#3906=EDGE_CURVE('',#4575,#4562,#781,.T.);
#3907=EDGE_CURVE('',#4557,#4568,#782,.T.);
#3908=EDGE_CURVE('',#4561,#4576,#783,.T.);
#3909=EDGE_CURVE('',#4560,#4577,#784,.T.);
#3910=EDGE_CURVE('',#4559,#4578,#785,.T.);
#3911=EDGE_CURVE('',#4556,#4569,#786,.T.);
#3912=EDGE_CURVE('',#4558,#4579,#787,.T.);
#3913=EDGE_CURVE('',#4584,#4585,#788,.T.);
#3914=EDGE_CURVE('',#4586,#4584,#789,.T.);
#3915=EDGE_CURVE('',#4586,#4587,#790,.T.);
#3916=EDGE_CURVE('',#4587,#4585,#791,.T.);
#3917=EDGE_CURVE('',#4584,#4588,#5042,.T.);
#3918=EDGE_CURVE('',#4589,#4588,#792,.T.);
#3919=EDGE_CURVE('',#4586,#4589,#5043,.T.);
#3920=EDGE_CURVE('',#4590,#4588,#793,.T.);
#3921=EDGE_CURVE('',#4591,#4590,#794,.T.);
#3922=EDGE_CURVE('',#4591,#4589,#795,.T.);
#3923=EDGE_CURVE('',#4590,#4592,#5044,.T.);
#3924=EDGE_CURVE('',#4593,#4592,#796,.T.);
#3925=EDGE_CURVE('',#4591,#4593,#5045,.T.);
#3926=EDGE_CURVE('',#4592,#4594,#797,.T.);
#3927=EDGE_CURVE('',#4595,#4594,#798,.T.);
#3928=EDGE_CURVE('',#4593,#4595,#799,.T.);
#3929=EDGE_CURVE('',#4594,#4596,#5046,.T.);
#3930=EDGE_CURVE('',#4597,#4596,#800,.T.);
#3931=EDGE_CURVE('',#4595,#4597,#5047,.T.);
#3932=EDGE_CURVE('',#4596,#4598,#801,.T.);
#3933=EDGE_CURVE('',#4599,#4598,#802,.T.);
#3934=EDGE_CURVE('',#4597,#4599,#803,.T.);
#3935=EDGE_CURVE('',#4600,#4601,#804,.T.);
#3936=EDGE_CURVE('',#4602,#4600,#805,.T.);
#3937=EDGE_CURVE('',#4602,#4603,#806,.T.);
#3938=EDGE_CURVE('',#4603,#4601,#807,.T.);
#3939=EDGE_CURVE('',#4604,#4600,#5048,.T.);
#3940=EDGE_CURVE('',#4605,#4604,#808,.T.);
#3941=EDGE_CURVE('',#4605,#4602,#5049,.T.);
#3942=EDGE_CURVE('',#4604,#4606,#809,.T.);
#3943=EDGE_CURVE('',#4607,#4606,#810,.T.);
#3944=EDGE_CURVE('',#4605,#4607,#811,.T.);
#3945=EDGE_CURVE('',#4608,#4609,#812,.T.);
#3946=EDGE_CURVE('',#4610,#4608,#813,.T.);
#3947=EDGE_CURVE('',#4610,#4611,#814,.T.);
#3948=EDGE_CURVE('',#4611,#4609,#815,.T.);
#3949=EDGE_CURVE('',#4612,#4608,#5050,.T.);
#3950=EDGE_CURVE('',#4613,#4612,#816,.T.);
#3951=EDGE_CURVE('',#4613,#4610,#5051,.T.);
#3952=EDGE_CURVE('',#4612,#4614,#817,.T.);
#3953=EDGE_CURVE('',#4615,#4614,#818,.T.);
#3954=EDGE_CURVE('',#4613,#4615,#819,.T.);
#3955=EDGE_CURVE('',#4616,#4616,#5052,.T.);
#3956=EDGE_CURVE('',#4617,#4617,#5053,.T.);
#3957=EDGE_CURVE('',#4618,#4618,#5054,.T.);
#3958=EDGE_CURVE('',#4619,#4619,#5055,.T.);
#3959=EDGE_CURVE('',#4620,#4620,#5056,.T.);
#3960=EDGE_CURVE('',#4621,#4621,#5057,.T.);
#3961=EDGE_CURVE('',#4622,#4622,#5058,.T.);
#3962=EDGE_CURVE('',#4623,#4623,#5059,.T.);
#3963=EDGE_CURVE('',#4624,#4624,#5060,.T.);
#3964=EDGE_CURVE('',#4625,#4625,#5061,.T.);
#3965=EDGE_CURVE('',#4626,#4626,#5062,.T.);
#3966=EDGE_CURVE('',#4627,#4627,#5063,.T.);
#3967=EDGE_CURVE('',#4628,#4628,#5064,.T.);
#3968=EDGE_CURVE('',#4629,#4629,#5065,.T.);
#3969=EDGE_CURVE('',#4601,#4606,#5066,.T.);
#3970=EDGE_CURVE('',#4603,#4607,#5067,.T.);
#3971=EDGE_CURVE('',#4609,#4614,#5068,.T.);
#3972=EDGE_CURVE('',#4611,#4615,#5069,.T.);
#3973=EDGE_CURVE('',#4598,#4585,#5070,.T.);
#3974=EDGE_CURVE('',#4599,#4587,#5071,.T.);
#3975=VERTEX_POINT('',#10767);
#3976=VERTEX_POINT('',#10769);
#3977=VERTEX_POINT('',#10772);
#3978=VERTEX_POINT('',#10774);
#3979=VERTEX_POINT('',#10777);
#3980=VERTEX_POINT('',#10778);
#3981=VERTEX_POINT('',#10780);
#3982=VERTEX_POINT('',#10782);
#3983=VERTEX_POINT('',#10784);
#3984=VERTEX_POINT('',#10786);
#3985=VERTEX_POINT('',#10788);
#3986=VERTEX_POINT('',#10790);
#3987=VERTEX_POINT('',#10792);
#3988=VERTEX_POINT('',#10794);
#3989=VERTEX_POINT('',#10798);
#3990=VERTEX_POINT('',#10799);
#3991=VERTEX_POINT('',#10801);
#3992=VERTEX_POINT('',#10803);
#3993=VERTEX_POINT('',#10805);
#3994=VERTEX_POINT('',#10807);
#3995=VERTEX_POINT('',#10809);
#3996=VERTEX_POINT('',#10811);
#3997=VERTEX_POINT('',#10813);
#3998=VERTEX_POINT('',#10815);
#3999=VERTEX_POINT('',#10834);
#4000=VERTEX_POINT('',#10838);
#4001=VERTEX_POINT('',#10843);
#4002=VERTEX_POINT('',#10847);
#4003=VERTEX_POINT('',#10852);
#4004=VERTEX_POINT('',#10854);
#4005=VERTEX_POINT('',#10856);
#4006=VERTEX_POINT('',#10858);
#4007=VERTEX_POINT('',#10860);
#4008=VERTEX_POINT('',#10862);
#4009=VERTEX_POINT('',#10863);
#4010=VERTEX_POINT('',#10865);
#4011=VERTEX_POINT('',#10867);
#4012=VERTEX_POINT('',#10869);
#4013=VERTEX_POINT('',#10871);
#4014=VERTEX_POINT('',#10873);
#4015=VERTEX_POINT('',#10875);
#4016=VERTEX_POINT('',#10877);
#4017=VERTEX_POINT('',#10879);
#4018=VERTEX_POINT('',#10882);
#4019=VERTEX_POINT('',#10884);
#4020=VERTEX_POINT('',#10886);
#4021=VERTEX_POINT('',#10888);
#4022=VERTEX_POINT('',#10889);
#4023=VERTEX_POINT('',#10891);
#4024=VERTEX_POINT('',#10893);
#4025=VERTEX_POINT('',#10897);
#4026=VERTEX_POINT('',#10899);
#4027=VERTEX_POINT('',#10902);
#4028=VERTEX_POINT('',#10904);
#4029=VERTEX_POINT('',#10907);
#4030=VERTEX_POINT('',#10909);
#4031=VERTEX_POINT('',#10912);
#4032=VERTEX_POINT('',#10914);
#4033=VERTEX_POINT('',#10917);
#4034=VERTEX_POINT('',#10919);
#4035=VERTEX_POINT('',#10922);
#4036=VERTEX_POINT('',#10924);
#4037=VERTEX_POINT('',#10927);
#4038=VERTEX_POINT('',#10929);
#4039=VERTEX_POINT('',#10932);
#4040=VERTEX_POINT('',#10933);
#4041=VERTEX_POINT('',#10935);
#4042=VERTEX_POINT('',#10937);
#4043=VERTEX_POINT('',#10941);
#4044=VERTEX_POINT('',#10943);
#4045=VERTEX_POINT('',#10945);
#4046=VERTEX_POINT('',#10947);
#4047=VERTEX_POINT('',#10951);
#4048=VERTEX_POINT('',#10953);
#4049=VERTEX_POINT('',#10957);
#4050=VERTEX_POINT('',#10959);
#4051=VERTEX_POINT('',#10963);
#4052=VERTEX_POINT('',#10964);
#4053=VERTEX_POINT('',#10971);
#4054=VERTEX_POINT('',#10973);
#4055=VERTEX_POINT('',#10994);
#4056=VERTEX_POINT('',#10997);
#4057=VERTEX_POINT('',#11003);
#4058=VERTEX_POINT('',#11006);
#4059=VERTEX_POINT('',#11008);
#4060=VERTEX_POINT('',#11010);
#4061=VERTEX_POINT('',#11012);
#4062=VERTEX_POINT('',#11014);
#4063=VERTEX_POINT('',#11016);
#4064=VERTEX_POINT('',#11018);
#4065=VERTEX_POINT('',#11021);
#4066=VERTEX_POINT('',#11025);
#4067=VERTEX_POINT('',#11029);
#4068=VERTEX_POINT('',#11037);
#4069=VERTEX_POINT('',#11041);
#4070=VERTEX_POINT('',#11045);
#4071=VERTEX_POINT('',#11053);
#4072=VERTEX_POINT('',#11057);
#4073=VERTEX_POINT('',#11061);
#4074=VERTEX_POINT('',#11065);
#4075=VERTEX_POINT('',#11069);
#4076=VERTEX_POINT('',#11073);
#4077=VERTEX_POINT('',#11075);
#4078=VERTEX_POINT('',#11079);
#4079=VERTEX_POINT('',#11083);
#4080=VERTEX_POINT('',#11089);
#4081=VERTEX_POINT('',#11093);
#4082=VERTEX_POINT('',#11097);
#4083=VERTEX_POINT('',#11118);
#4084=VERTEX_POINT('',#11120);
#4085=VERTEX_POINT('',#11123);
#4086=VERTEX_POINT('',#11127);
#4087=VERTEX_POINT('',#11132);
#4088=VERTEX_POINT('',#11133);
#4089=VERTEX_POINT('',#11135);
#4090=VERTEX_POINT('',#11137);
#4091=VERTEX_POINT('',#11141);
#4092=VERTEX_POINT('',#11143);
#4093=VERTEX_POINT('',#11147);
#4094=VERTEX_POINT('',#11149);
#4095=VERTEX_POINT('',#11190);
#4096=VERTEX_POINT('',#11192);
#4097=VERTEX_POINT('',#11202);
#4098=VERTEX_POINT('',#11204);
#4099=VERTEX_POINT('',#11207);
#4100=VERTEX_POINT('',#11209);
#4101=VERTEX_POINT('',#11211);
#4102=VERTEX_POINT('',#11214);
#4103=VERTEX_POINT('',#11216);
#4104=VERTEX_POINT('',#11218);
#4105=VERTEX_POINT('',#11220);
#4106=VERTEX_POINT('',#11222);
#4107=VERTEX_POINT('',#11224);
#4108=VERTEX_POINT('',#11227);
#4109=VERTEX_POINT('',#11231);
#4110=VERTEX_POINT('',#11235);
#4111=VERTEX_POINT('',#11243);
#4112=VERTEX_POINT('',#11245);
#4113=VERTEX_POINT('',#11250);
#4114=VERTEX_POINT('',#11251);
#4115=VERTEX_POINT('',#11253);
#4116=VERTEX_POINT('',#11255);
#4117=VERTEX_POINT('',#11257);
#4118=VERTEX_POINT('',#11263);
#4119=VERTEX_POINT('',#11265);
#4120=VERTEX_POINT('',#11271);
#4121=VERTEX_POINT('',#11275);
#4122=VERTEX_POINT('',#11277);
#4123=VERTEX_POINT('',#11281);
#4124=VERTEX_POINT('',#11283);
#4125=VERTEX_POINT('',#11288);
#4126=VERTEX_POINT('',#11292);
#4127=VERTEX_POINT('',#11294);
#4128=VERTEX_POINT('',#11296);
#4129=VERTEX_POINT('',#11298);
#4130=VERTEX_POINT('',#11299);
#4131=VERTEX_POINT('',#11301);
#4132=VERTEX_POINT('',#11303);
#4133=VERTEX_POINT('',#11305);
#4134=VERTEX_POINT('',#11307);
#4135=VERTEX_POINT('',#11309);
#4136=VERTEX_POINT('',#11311);
#4137=VERTEX_POINT('',#11313);
#4138=VERTEX_POINT('',#11315);
#4139=VERTEX_POINT('',#11317);
#4140=VERTEX_POINT('',#11319);
#4141=VERTEX_POINT('',#11323);
#4142=VERTEX_POINT('',#11325);
#4143=VERTEX_POINT('',#11328);
#4144=VERTEX_POINT('',#11330);
#4145=VERTEX_POINT('',#11334);
#4146=VERTEX_POINT('',#11336);
#4147=VERTEX_POINT('',#11339);
#4148=VERTEX_POINT('',#11341);
#4149=VERTEX_POINT('',#11344);
#4150=VERTEX_POINT('',#11346);
#4151=VERTEX_POINT('',#11349);
#4152=VERTEX_POINT('',#11350);
#4153=VERTEX_POINT('',#11352);
#4154=VERTEX_POINT('',#11354);
#4155=VERTEX_POINT('',#11356);
#4156=VERTEX_POINT('',#11358);
#4157=VERTEX_POINT('',#11360);
#4158=VERTEX_POINT('',#11362);
#4159=VERTEX_POINT('',#11364);
#4160=VERTEX_POINT('',#11366);
#4161=VERTEX_POINT('',#11369);
#4162=VERTEX_POINT('',#11371);
#4163=VERTEX_POINT('',#11373);
#4164=VERTEX_POINT('',#11375);
#4165=VERTEX_POINT('',#11379);
#4166=VERTEX_POINT('',#11381);
#4167=VERTEX_POINT('',#11383);
#4168=VERTEX_POINT('',#11387);
#4169=VERTEX_POINT('',#11389);
#4170=VERTEX_POINT('',#11391);
#4171=VERTEX_POINT('',#11393);
#4172=VERTEX_POINT('',#11397);
#4173=VERTEX_POINT('',#11398);
#4174=VERTEX_POINT('',#11400);
#4175=VERTEX_POINT('',#11402);
#4176=VERTEX_POINT('',#11404);
#4177=VERTEX_POINT('',#11407);
#4178=VERTEX_POINT('',#11431);
#4179=VERTEX_POINT('',#11432);
#4180=VERTEX_POINT('',#11434);
#4181=VERTEX_POINT('',#11436);
#4182=VERTEX_POINT('',#11440);
#4183=VERTEX_POINT('',#11442);
#4184=VERTEX_POINT('',#11444);
#4185=VERTEX_POINT('',#11446);
#4186=VERTEX_POINT('',#11450);
#4187=VERTEX_POINT('',#11452);
#4188=VERTEX_POINT('',#11461);
#4189=VERTEX_POINT('',#11463);
#4190=VERTEX_POINT('',#11473);
#4191=VERTEX_POINT('',#11475);
#4192=VERTEX_POINT('',#11480);
#4193=VERTEX_POINT('',#11482);
#4194=VERTEX_POINT('',#11486);
#4195=VERTEX_POINT('',#11488);
#4196=VERTEX_POINT('',#11494);
#4197=VERTEX_POINT('',#11496);
#4198=VERTEX_POINT('',#11503);
#4199=VERTEX_POINT('',#11505);
#4200=VERTEX_POINT('',#11540);
#4201=VERTEX_POINT('',#11544);
#4202=VERTEX_POINT('',#11548);
#4203=VERTEX_POINT('',#11552);
#4204=VERTEX_POINT('',#11554);
#4205=VERTEX_POINT('',#11558);
#4206=VERTEX_POINT('',#11562);
#4207=VERTEX_POINT('',#11572);
#4208=VERTEX_POINT('',#11573);
#4209=VERTEX_POINT('',#11575);
#4210=VERTEX_POINT('',#11577);
#4211=VERTEX_POINT('',#11581);
#4212=VERTEX_POINT('',#11583);
#4213=VERTEX_POINT('',#11587);
#4214=VERTEX_POINT('',#11589);
#4215=VERTEX_POINT('',#11600);
#4216=VERTEX_POINT('',#11602);
#4217=VERTEX_POINT('',#11605);
#4218=VERTEX_POINT('',#11607);
#4219=VERTEX_POINT('',#11610);
#4220=VERTEX_POINT('',#11612);
#4221=VERTEX_POINT('',#11615);
#4222=VERTEX_POINT('',#11617);
#4223=VERTEX_POINT('',#11620);
#4224=VERTEX_POINT('',#11621);
#4225=VERTEX_POINT('',#11623);
#4226=VERTEX_POINT('',#11625);
#4227=VERTEX_POINT('',#11629);
#4228=VERTEX_POINT('',#11631);
#4229=VERTEX_POINT('',#11635);
#4230=VERTEX_POINT('',#11637);
#4231=VERTEX_POINT('',#11641);
#4232=VERTEX_POINT('',#11643);
#4233=VERTEX_POINT('',#11646);
#4234=VERTEX_POINT('',#11647);
#4235=VERTEX_POINT('',#11649);
#4236=VERTEX_POINT('',#11651);
#4237=VERTEX_POINT('',#11653);
#4238=VERTEX_POINT('',#11657);
#4239=VERTEX_POINT('',#11659);
#4240=VERTEX_POINT('',#11665);
#4241=VERTEX_POINT('',#11667);
#4242=VERTEX_POINT('',#11672);
#4243=VERTEX_POINT('',#11675);
#4244=VERTEX_POINT('',#11677);
#4245=VERTEX_POINT('',#11679);
#4246=VERTEX_POINT('',#11682);
#4247=VERTEX_POINT('',#11686);
#4248=VERTEX_POINT('',#11690);
#4249=VERTEX_POINT('',#11694);
#4250=VERTEX_POINT('',#11698);
#4251=VERTEX_POINT('',#11702);
#4252=VERTEX_POINT('',#11706);
#4253=VERTEX_POINT('',#11713);
#4254=VERTEX_POINT('',#11714);
#4255=VERTEX_POINT('',#11716);
#4256=VERTEX_POINT('',#11718);
#4257=VERTEX_POINT('',#11720);
#4258=VERTEX_POINT('',#11722);
#4259=VERTEX_POINT('',#11724);
#4260=VERTEX_POINT('',#11726);
#4261=VERTEX_POINT('',#11728);
#4262=VERTEX_POINT('',#11730);
#4263=VERTEX_POINT('',#11734);
#4264=VERTEX_POINT('',#11736);
#4265=VERTEX_POINT('',#11738);
#4266=VERTEX_POINT('',#11740);
#4267=VERTEX_POINT('',#11741);
#4268=VERTEX_POINT('',#11743);
#4269=VERTEX_POINT('',#11745);
#4270=VERTEX_POINT('',#11748);
#4271=VERTEX_POINT('',#11750);
#4272=VERTEX_POINT('',#11753);
#4273=VERTEX_POINT('',#11755);
#4274=VERTEX_POINT('',#11757);
#4275=VERTEX_POINT('',#11759);
#4276=VERTEX_POINT('',#11761);
#4277=VERTEX_POINT('',#11763);
#4278=VERTEX_POINT('',#11765);
#4279=VERTEX_POINT('',#11767);
#4280=VERTEX_POINT('',#11769);
#4281=VERTEX_POINT('',#11771);
#4282=VERTEX_POINT('',#11773);
#4283=VERTEX_POINT('',#11775);
#4284=VERTEX_POINT('',#11777);
#4285=VERTEX_POINT('',#11779);
#4286=VERTEX_POINT('',#11781);
#4287=VERTEX_POINT('',#11783);
#4288=VERTEX_POINT('',#11787);
#4289=VERTEX_POINT('',#11788);
#4290=VERTEX_POINT('',#11791);
#4291=VERTEX_POINT('',#11793);
#4292=VERTEX_POINT('',#11796);
#4293=VERTEX_POINT('',#11798);
#4294=VERTEX_POINT('',#11802);
#4295=VERTEX_POINT('',#11803);
#4296=VERTEX_POINT('',#11806);
#4297=VERTEX_POINT('',#11809);
#4298=VERTEX_POINT('',#11813);
#4299=VERTEX_POINT('',#11815);
#4300=VERTEX_POINT('',#11818);
#4301=VERTEX_POINT('',#11820);
#4302=VERTEX_POINT('',#11823);
#4303=VERTEX_POINT('',#11825);
#4304=VERTEX_POINT('',#11828);
#4305=VERTEX_POINT('',#11830);
#4306=VERTEX_POINT('',#11833);
#4307=VERTEX_POINT('',#11835);
#4308=VERTEX_POINT('',#11838);
#4309=VERTEX_POINT('',#11840);
#4310=VERTEX_POINT('',#11843);
#4311=VERTEX_POINT('',#11845);
#4312=VERTEX_POINT('',#11847);
#4313=VERTEX_POINT('',#11850);
#4314=VERTEX_POINT('',#11852);
#4315=VERTEX_POINT('',#11866);
#4316=VERTEX_POINT('',#11868);
#4317=VERTEX_POINT('',#11871);
#4318=VERTEX_POINT('',#11875);
#4319=VERTEX_POINT('',#11879);
#4320=VERTEX_POINT('',#11880);
#4321=VERTEX_POINT('',#11885);
#4322=VERTEX_POINT('',#11888);
#4323=VERTEX_POINT('',#11892);
#4324=VERTEX_POINT('',#11896);
#4325=VERTEX_POINT('',#11900);
#4326=VERTEX_POINT('',#11902);
#4327=VERTEX_POINT('',#11909);
#4328=VERTEX_POINT('',#11910);
#4329=VERTEX_POINT('',#11918);
#4330=VERTEX_POINT('',#11922);
#4331=VERTEX_POINT('',#11926);
#4332=VERTEX_POINT('',#11928);
#4333=VERTEX_POINT('',#11935);
#4334=VERTEX_POINT('',#11936);
#4335=VERTEX_POINT('',#11962);
#4336=VERTEX_POINT('',#11965);
#4337=VERTEX_POINT('',#11970);
#4338=VERTEX_POINT('',#11972);
#4339=VERTEX_POINT('',#11973);
#4340=VERTEX_POINT('',#11975);
#4341=VERTEX_POINT('',#11977);
#4342=VERTEX_POINT('',#11981);
#4343=VERTEX_POINT('',#11982);
#4344=VERTEX_POINT('',#11984);
#4345=VERTEX_POINT('',#11987);
#4346=VERTEX_POINT('',#11989);
#4347=VERTEX_POINT('',#11993);
#4348=VERTEX_POINT('',#11997);
#4349=VERTEX_POINT('',#11999);
#4350=VERTEX_POINT('',#12001);
#4351=VERTEX_POINT('',#12003);
#4352=VERTEX_POINT('',#12007);
#4353=VERTEX_POINT('',#12013);
#4354=VERTEX_POINT('',#12014);
#4355=VERTEX_POINT('',#12016);
#4356=VERTEX_POINT('',#12018);
#4357=VERTEX_POINT('',#12021);
#4358=VERTEX_POINT('',#12027);
#4359=VERTEX_POINT('',#12030);
#4360=VERTEX_POINT('',#12033);
#4361=VERTEX_POINT('',#12091);
#4362=VERTEX_POINT('',#12093);
#4363=VERTEX_POINT('',#12096);
#4364=VERTEX_POINT('',#12098);
#4365=VERTEX_POINT('',#12101);
#4366=VERTEX_POINT('',#12103);
#4367=VERTEX_POINT('',#12106);
#4368=VERTEX_POINT('',#12108);
#4369=VERTEX_POINT('',#12111);
#4370=VERTEX_POINT('',#12121);
#4371=VERTEX_POINT('',#12122);
#4372=VERTEX_POINT('',#12124);
#4373=VERTEX_POINT('',#12137);
#4374=VERTEX_POINT('',#12141);
#4375=VERTEX_POINT('',#12151);
#4376=VERTEX_POINT('',#12152);
#4377=VERTEX_POINT('',#12154);
#4378=VERTEX_POINT('',#12167);
#4379=VERTEX_POINT('',#12171);
#4380=VERTEX_POINT('',#12181);
#4381=VERTEX_POINT('',#12182);
#4382=VERTEX_POINT('',#12184);
#4383=VERTEX_POINT('',#12197);
#4384=VERTEX_POINT('',#12201);
#4385=VERTEX_POINT('',#12211);
#4386=VERTEX_POINT('',#12212);
#4387=VERTEX_POINT('',#12214);
#4388=VERTEX_POINT('',#12227);
#4389=VERTEX_POINT('',#12231);
#4390=VERTEX_POINT('',#12233);
#4391=VERTEX_POINT('',#12236);
#4392=VERTEX_POINT('',#12238);
#4393=VERTEX_POINT('',#12241);
#4394=VERTEX_POINT('',#12243);
#4395=VERTEX_POINT('',#12246);
#4396=VERTEX_POINT('',#12248);
#4397=VERTEX_POINT('',#12251);
#4398=VERTEX_POINT('',#12253);
#4399=VERTEX_POINT('',#12256);
#4400=VERTEX_POINT('',#12258);
#4401=VERTEX_POINT('',#12261);
#4402=VERTEX_POINT('',#12263);
#4403=VERTEX_POINT('',#12266);
#4404=VERTEX_POINT('',#12268);
#4405=VERTEX_POINT('',#12271);
#4406=VERTEX_POINT('',#12273);
#4407=VERTEX_POINT('',#12276);
#4408=VERTEX_POINT('',#12278);
#4409=VERTEX_POINT('',#12281);
#4410=VERTEX_POINT('',#12283);
#4411=VERTEX_POINT('',#12286);
#4412=VERTEX_POINT('',#12288);
#4413=VERTEX_POINT('',#12291);
#4414=VERTEX_POINT('',#12294);
#4415=VERTEX_POINT('',#12297);
#4416=VERTEX_POINT('',#12300);
#4417=VERTEX_POINT('',#12303);
#4418=VERTEX_POINT('',#12304);
#4419=VERTEX_POINT('',#12306);
#4420=VERTEX_POINT('',#12310);
#4421=VERTEX_POINT('',#12314);
#4422=VERTEX_POINT('',#12316);
#4423=VERTEX_POINT('',#12320);
#4424=VERTEX_POINT('',#12322);
#4425=VERTEX_POINT('',#12328);
#4426=VERTEX_POINT('',#12329);
#4427=VERTEX_POINT('',#12331);
#4428=VERTEX_POINT('',#12333);
#4429=VERTEX_POINT('',#12337);
#4430=VERTEX_POINT('',#12339);
#4431=VERTEX_POINT('',#12343);
#4432=VERTEX_POINT('',#12345);
#4433=VERTEX_POINT('',#12349);
#4434=VERTEX_POINT('',#12350);
#4435=VERTEX_POINT('',#12352);
#4436=VERTEX_POINT('',#12354);
#4437=VERTEX_POINT('',#12358);
#4438=VERTEX_POINT('',#12360);
#4439=VERTEX_POINT('',#12364);
#4440=VERTEX_POINT('',#12366);
#4441=VERTEX_POINT('',#12370);
#4442=VERTEX_POINT('',#12371);
#4443=VERTEX_POINT('',#12373);
#4444=VERTEX_POINT('',#12375);
#4445=VERTEX_POINT('',#12379);
#4446=VERTEX_POINT('',#12381);
#4447=VERTEX_POINT('',#12385);
#4448=VERTEX_POINT('',#12387);
#4449=VERTEX_POINT('',#12391);
#4450=VERTEX_POINT('',#12392);
#4451=VERTEX_POINT('',#12394);
#4452=VERTEX_POINT('',#12396);
#4453=VERTEX_POINT('',#12400);
#4454=VERTEX_POINT('',#12402);
#4455=VERTEX_POINT('',#12406);
#4456=VERTEX_POINT('',#12408);
#4457=VERTEX_POINT('',#12412);
#4458=VERTEX_POINT('',#12414);
#4459=VERTEX_POINT('',#12417);
#4460=VERTEX_POINT('',#12419);
#4461=VERTEX_POINT('',#12422);
#4462=VERTEX_POINT('',#12424);
#4463=VERTEX_POINT('',#12427);
#4464=VERTEX_POINT('',#12429);
#4465=VERTEX_POINT('',#12432);
#4466=VERTEX_POINT('',#12434);
#4467=VERTEX_POINT('',#12437);
#4468=VERTEX_POINT('',#12439);
#4469=VERTEX_POINT('',#12442);
#4470=VERTEX_POINT('',#12444);
#4471=VERTEX_POINT('',#12447);
#4472=VERTEX_POINT('',#12449);
#4473=VERTEX_POINT('',#12452);
#4474=VERTEX_POINT('',#12454);
#4475=VERTEX_POINT('',#12457);
#4476=VERTEX_POINT('',#12459);
#4477=VERTEX_POINT('',#12462);
#4478=VERTEX_POINT('',#12464);
#4479=VERTEX_POINT('',#12487);
#4480=VERTEX_POINT('',#12489);
#4481=VERTEX_POINT('',#12491);
#4482=VERTEX_POINT('',#12493);
#4483=VERTEX_POINT('',#12495);
#4484=VERTEX_POINT('',#12497);
#4485=VERTEX_POINT('',#12499);
#4486=VERTEX_POINT('',#12501);
#4487=VERTEX_POINT('',#12503);
#4488=VERTEX_POINT('',#12505);
#4489=VERTEX_POINT('',#12507);
#4490=VERTEX_POINT('',#12509);
#4491=VERTEX_POINT('',#12511);
#4492=VERTEX_POINT('',#12513);
#4493=VERTEX_POINT('',#12515);
#4494=VERTEX_POINT('',#12517);
#4495=VERTEX_POINT('',#12520);
#4496=VERTEX_POINT('',#12524);
#4497=VERTEX_POINT('',#12528);
#4498=VERTEX_POINT('',#12532);
#4499=VERTEX_POINT('',#12536);
#4500=VERTEX_POINT('',#12540);
#4501=VERTEX_POINT('',#12544);
#4502=VERTEX_POINT('',#12548);
#4503=VERTEX_POINT('',#12552);
#4504=VERTEX_POINT('',#12556);
#4505=VERTEX_POINT('',#12560);
#4506=VERTEX_POINT('',#12564);
#4507=VERTEX_POINT('',#12568);
#4508=VERTEX_POINT('',#12572);
#4509=VERTEX_POINT('',#12576);
#4510=VERTEX_POINT('',#12580);
#4511=VERTEX_POINT('',#12584);
#4512=VERTEX_POINT('',#12588);
#4513=VERTEX_POINT('',#12592);
#4514=VERTEX_POINT('',#12596);
#4515=VERTEX_POINT('',#12605);
#4516=VERTEX_POINT('',#12607);
#4517=VERTEX_POINT('',#12610);
#4518=VERTEX_POINT('',#12611);
#4519=VERTEX_POINT('',#12613);
#4520=VERTEX_POINT('',#12615);
#4521=VERTEX_POINT('',#12617);
#4522=VERTEX_POINT('',#12619);
#4523=VERTEX_POINT('',#12623);
#4524=VERTEX_POINT('',#12624);
#4525=VERTEX_POINT('',#12626);
#4526=VERTEX_POINT('',#12628);
#4527=VERTEX_POINT('',#12632);
#4528=VERTEX_POINT('',#12634);
#4529=VERTEX_POINT('',#12635);
#4530=VERTEX_POINT('',#12637);
#4531=VERTEX_POINT('',#12639);
#4532=VERTEX_POINT('',#12643);
#4533=VERTEX_POINT('',#12645);
#4534=VERTEX_POINT('',#12649);
#4535=VERTEX_POINT('',#12651);
#4536=VERTEX_POINT('',#12653);
#4537=VERTEX_POINT('',#12657);
#4538=VERTEX_POINT('',#12659);
#4539=VERTEX_POINT('',#12663);
#4540=VERTEX_POINT('',#12665);
#4541=VERTEX_POINT('',#12669);
#4542=VERTEX_POINT('',#12671);
#4543=VERTEX_POINT('',#12684);
#4544=VERTEX_POINT('',#12706);
#4545=VERTEX_POINT('',#12708);
#4546=VERTEX_POINT('',#12711);
#4547=VERTEX_POINT('',#12713);
#4548=VERTEX_POINT('',#12724);
#4549=VERTEX_POINT('',#12725);
#4550=VERTEX_POINT('',#12727);
#4551=VERTEX_POINT('',#12729);
#4552=VERTEX_POINT('',#12733);
#4553=VERTEX_POINT('',#12734);
#4554=VERTEX_POINT('',#12736);
#4555=VERTEX_POINT('',#12738);
#4556=VERTEX_POINT('',#12742);
#4557=VERTEX_POINT('',#12743);
#4558=VERTEX_POINT('',#12745);
#4559=VERTEX_POINT('',#12749);
#4560=VERTEX_POINT('',#12751);
#4561=VERTEX_POINT('',#12753);
#4562=VERTEX_POINT('',#12755);
#4563=VERTEX_POINT('',#12757);
#4564=VERTEX_POINT('',#12759);
#4565=VERTEX_POINT('',#12761);
#4566=VERTEX_POINT('',#12763);
#4567=VERTEX_POINT('',#12765);
#4568=VERTEX_POINT('',#12769);
#4569=VERTEX_POINT('',#12770);
#4570=VERTEX_POINT('',#12772);
#4571=VERTEX_POINT('',#12774);
#4572=VERTEX_POINT('',#12776);
#4573=VERTEX_POINT('',#12778);
#4574=VERTEX_POINT('',#12780);
#4575=VERTEX_POINT('',#12782);
#4576=VERTEX_POINT('',#12784);
#4577=VERTEX_POINT('',#12786);
#4578=VERTEX_POINT('',#12788);
#4579=VERTEX_POINT('',#12792);
#4580=VERTEX_POINT('',#12796);
#4581=VERTEX_POINT('',#12803);
#4582=VERTEX_POINT('',#12809);
#4583=VERTEX_POINT('',#12811);
#4584=VERTEX_POINT('',#12836);
#4585=VERTEX_POINT('',#12837);
#4586=VERTEX_POINT('',#12839);
#4587=VERTEX_POINT('',#12841);
#4588=VERTEX_POINT('',#12845);
#4589=VERTEX_POINT('',#12847);
#4590=VERTEX_POINT('',#12851);
#4591=VERTEX_POINT('',#12853);
#4592=VERTEX_POINT('',#12857);
#4593=VERTEX_POINT('',#12859);
#4594=VERTEX_POINT('',#12863);
#4595=VERTEX_POINT('',#12865);
#4596=VERTEX_POINT('',#12869);
#4597=VERTEX_POINT('',#12871);
#4598=VERTEX_POINT('',#12875);
#4599=VERTEX_POINT('',#12877);
#4600=VERTEX_POINT('',#12881);
#4601=VERTEX_POINT('',#12882);
#4602=VERTEX_POINT('',#12884);
#4603=VERTEX_POINT('',#12886);
#4604=VERTEX_POINT('',#12890);
#4605=VERTEX_POINT('',#12892);
#4606=VERTEX_POINT('',#12896);
#4607=VERTEX_POINT('',#12898);
#4608=VERTEX_POINT('',#12902);
#4609=VERTEX_POINT('',#12903);
#4610=VERTEX_POINT('',#12905);
#4611=VERTEX_POINT('',#12907);
#4612=VERTEX_POINT('',#12911);
#4613=VERTEX_POINT('',#12913);
#4614=VERTEX_POINT('',#12917);
#4615=VERTEX_POINT('',#12919);
#4616=VERTEX_POINT('',#12923);
#4617=VERTEX_POINT('',#12925);
#4618=VERTEX_POINT('',#12928);
#4619=VERTEX_POINT('',#12930);
#4620=VERTEX_POINT('',#12933);
#4621=VERTEX_POINT('',#12935);
#4622=VERTEX_POINT('',#12938);
#4623=VERTEX_POINT('',#12940);
#4624=VERTEX_POINT('',#12943);
#4625=VERTEX_POINT('',#12945);
#4626=VERTEX_POINT('',#12948);
#4627=VERTEX_POINT('',#12950);
#4628=VERTEX_POINT('',#12953);
#4629=VERTEX_POINT('',#12955);
#4630=CIRCLE('',#7497,0.001625);
#4631=CIRCLE('',#7498,0.001625);
#4632=CIRCLE('',#7500,0.001625);
#4633=CIRCLE('',#7501,0.001625);
#4634=CIRCLE('',#7503,0.0075);
#4635=CIRCLE('',#7504,0.0035);
#4636=CIRCLE('',#7506,0.0075);
#4637=CIRCLE('',#7507,0.0035);
#4638=CIRCLE('',#7509,0.005);
#4639=CIRCLE('',#7510,0.005);
#4640=CIRCLE('',#7512,0.005);
#4641=CIRCLE('',#7513,0.005);
#4642=CIRCLE('',#7520,0.002875);
#4643=CIRCLE('',#7522,0.002875);
#4644=CIRCLE('',#7525,0.002875);
#4645=CIRCLE('',#7528,0.002875);
#4646=CIRCLE('',#7532,0.002875);
#4647=CIRCLE('',#7533,0.00225);
#4648=CIRCLE('',#7534,0.00225);
#4649=CIRCLE('',#7535,0.00225);
#4650=CIRCLE('',#7536,0.00225);
#4651=CIRCLE('',#7537,0.00225);
#4652=CIRCLE('',#7538,0.063);
#4653=CIRCLE('',#7539,0.0265);
#4654=CIRCLE('',#7540,0.063);
#4655=CIRCLE('',#7541,0.00225);
#4656=CIRCLE('',#7542,0.063);
#4657=CIRCLE('',#7543,0.0235);
#4658=CIRCLE('',#7544,0.063);
#4659=CIRCLE('',#7545,0.0016);
#4660=CIRCLE('',#7546,0.0016);
#4661=CIRCLE('',#7547,0.0195);
#4662=CIRCLE('',#7548,0.008);
#4663=CIRCLE('',#7549,0.00335315905811977);
#4664=CIRCLE('',#7551,0.0016);
#4665=CIRCLE('',#7552,0.0016);
#4666=CIRCLE('',#7554,0.00137499999999999);
#4667=CIRCLE('',#7555,0.00137499999999999);
#4668=CIRCLE('',#7557,0.001375);
#4669=CIRCLE('',#7558,0.001375);
#4670=CIRCLE('',#7560,0.001375);
#4671=CIRCLE('',#7561,0.001375);
#4672=CIRCLE('',#7563,0.00137499999999999);
#4673=CIRCLE('',#7564,0.00137499999999999);
#4674=CIRCLE('',#7566,0.00137499999999999);
#4675=CIRCLE('',#7567,0.00137499999999999);
#4676=CIRCLE('',#7569,0.00137499999999999);
#4677=CIRCLE('',#7570,0.00137499999999999);
#4678=CIRCLE('',#7574,0.0265);
#4679=CIRCLE('',#7576,0.0265);
#4680=CIRCLE('',#7579,0.06);
#4681=CIRCLE('',#7580,0.06);
#4682=CIRCLE('',#7582,0.0265);
#4683=CIRCLE('',#7584,0.0016);
#4684=CIRCLE('',#7586,0.0016);
#4685=CIRCLE('',#7588,0.06);
#4686=CIRCLE('',#7589,0.06);
#4687=CIRCLE('',#7591,0.0195);
#4688=CIRCLE('',#7593,0.00205);
#4689=CIRCLE('',#7594,0.00205);
#4690=CIRCLE('',#7596,0.0016);
#4691=CIRCLE('',#7597,0.0016);
#4692=CIRCLE('',#7598,0.0016);
#4693=CIRCLE('',#7599,0.063);
#4694=CIRCLE('',#7600,0.063);
#4695=CIRCLE('',#7602,0.00225);
#4696=CIRCLE('',#7605,0.00225);
#4697=CIRCLE('',#7608,0.00225);
#4698=CIRCLE('',#7611,0.00225);
#4699=CIRCLE('',#7614,0.00225);
#4700=CIRCLE('',#7617,0.00225);
#4701=CIRCLE('',#7620,0.002875);
#4702=CIRCLE('',#7623,0.0016);
#4703=CIRCLE('',#7626,0.0016);
#4704=CIRCLE('',#7629,0.0016);
#4705=CIRCLE('',#7633,0.008);
#4706=CIRCLE('',#7636,0.00335315905811977);
#4707=CIRCLE('',#7641,0.00205);
#4708=CIRCLE('',#7644,0.00205);
#4709=CIRCLE('',#7658,0.0265);
#4710=CIRCLE('',#7659,0.0265);
#4711=CIRCLE('',#7661,0.0185);
#4712=CIRCLE('',#7664,0.0185);
#4713=CIRCLE('',#7669,0.00305315905811977);
#4714=CIRCLE('',#7670,0.00305315905811977);
#4715=CIRCLE('',#7675,0.0077);
#4716=CIRCLE('',#7676,0.0077);
#4717=CIRCLE('',#7682,0.0185);
#4718=CIRCLE('',#7683,0.0185);
#4719=CIRCLE('',#7685,0.001625);
#4720=CIRCLE('',#7686,0.001625);
#4721=CIRCLE('',#7687,0.001625);
#4722=CIRCLE('',#7689,0.001625);
#4723=CIRCLE('',#7690,0.001625);
#4724=CIRCLE('',#7691,0.001625);
#4725=CIRCLE('',#7692,0.001625);
#4726=CIRCLE('',#7693,0.001625);
#4727=CIRCLE('',#7694,0.001625);
#4728=CIRCLE('',#7696,0.001625);
#4729=CIRCLE('',#7699,0.001625);
#4730=CIRCLE('',#7702,0.001625);
#4731=CIRCLE('',#7709,0.00125);
#4732=CIRCLE('',#7710,0.00125);
#4733=CIRCLE('',#7714,0.00952352350760999);
#4734=CIRCLE('',#7715,0.00305);
#4735=CIRCLE('',#7716,0.00952352350760999);
#4736=CIRCLE('',#7717,0.00916515138991168);
#4737=CIRCLE('',#7718,0.00916515138991168);
#4738=CIRCLE('',#7719,0.00916515138991168);
#4739=CIRCLE('',#7721,0.00305);
#4740=CIRCLE('',#7724,0.002875);
#4741=CIRCLE('',#7725,0.002875);
#4742=CIRCLE('',#7726,0.002875);
#4743=CIRCLE('',#7727,0.01);
#4744=CIRCLE('',#7728,0.053);
#4745=CIRCLE('',#7729,0.0235);
#4746=CIRCLE('',#7730,0.053);
#4747=CIRCLE('',#7734,0.001625);
#4748=CIRCLE('',#7735,0.001625);
#4749=CIRCLE('',#7737,0.001625);
#4750=CIRCLE('',#7738,0.001625);
#4751=CIRCLE('',#7740,0.001625);
#4752=CIRCLE('',#7741,0.001625);
#4753=CIRCLE('',#7743,0.007);
#4754=CIRCLE('',#7744,0.053);
#4755=CIRCLE('',#7745,0.0265);
#4756=CIRCLE('',#7746,0.053);
#4757=CIRCLE('',#7747,0.007);
#4758=CIRCLE('',#7749,0.01);
#4759=CIRCLE('',#7750,0.01);
#4760=CIRCLE('',#7752,0.01);
#4761=CIRCLE('',#7753,0.01);
#4762=CIRCLE('',#7755,0.007);
#4763=CIRCLE('',#7756,0.007);
#4764=CIRCLE('',#7764,0.05);
#4765=CIRCLE('',#7765,0.05);
#4766=CIRCLE('',#7767,0.0265);
#4767=CIRCLE('',#7769,0.05);
#4768=CIRCLE('',#7770,0.05);
#4769=CIRCLE('',#7795,0.002875);
#4770=CIRCLE('',#7798,0.002875);
#4771=CIRCLE('',#7801,0.002875);
#4772=CIRCLE('',#7805,0.01);
#4773=CIRCLE('',#7808,0.00420111722919678);
#4774=CIRCLE('',#7815,0.00395111723263308);
#4775=CIRCLE('',#7816,0.00395111723263308);
#4776=CIRCLE('',#7819,0.00975);
#4777=CIRCLE('',#7820,0.00975);
#4778=CIRCLE('',#7826,0.001625);
#4779=CIRCLE('',#7827,0.001625);
#4780=CIRCLE('',#7829,0.001625);
#4781=CIRCLE('',#7830,0.001625);
#4782=CIRCLE('',#7832,0.001625);
#4783=CIRCLE('',#7833,0.001625);
#4784=CIRCLE('',#7835,0.001625);
#4785=CIRCLE('',#7836,0.001625);
#4786=CIRCLE('',#7839,0.0265);
#4787=CIRCLE('',#7840,0.0265);
#4788=CIRCLE('',#7843,0.001625);
#4789=CIRCLE('',#7844,0.001625);
#4790=CIRCLE('',#7847,0.002875);
#4791=CIRCLE('',#7848,0.002875);
#4792=CIRCLE('',#7849,0.005);
#4793=CIRCLE('',#7850,0.0185);
#4794=CIRCLE('',#7851,0.005);
#4795=CIRCLE('',#7853,0.002875);
#4796=CIRCLE('',#7854,0.002875);
#4797=CIRCLE('',#7855,0.005);
#4798=CIRCLE('',#7856,0.005);
#4799=CIRCLE('',#7858,0.0185);
#4800=CIRCLE('',#7860,0.001625);
#4801=CIRCLE('',#7861,0.001625);
#4802=CIRCLE('',#7862,0.001625);
#4803=CIRCLE('',#7864,0.001625);
#4804=CIRCLE('',#7867,0.001625);
#4805=CIRCLE('',#7870,0.001625);
#4806=CIRCLE('',#7873,0.002875);
#4807=CIRCLE('',#7876,0.002875);
#4808=CIRCLE('',#7879,0.002875);
#4809=CIRCLE('',#7882,0.002875);
#4810=CIRCLE('',#7888,0.0265);
#4811=CIRCLE('',#7889,0.0265);
#4812=CIRCLE('',#7890,0.0265);
#4813=CIRCLE('',#7891,0.0265);
#4814=CIRCLE('',#7892,0.0265);
#4815=CIRCLE('',#7894,0.002875);
#4816=CIRCLE('',#7895,0.002875);
#4817=CIRCLE('',#7896,0.018);
#4818=CIRCLE('',#7897,0.0265);
#4819=CIRCLE('',#7898,0.002);
#4820=CIRCLE('',#7899,0.002875);
#4821=CIRCLE('',#7900,0.002);
#4822=CIRCLE('',#7901,0.002);
#4823=CIRCLE('',#7902,0.002875);
#4824=CIRCLE('',#7903,0.002);
#4825=CIRCLE('',#7904,0.002);
#4826=CIRCLE('',#7905,0.002875);
#4827=CIRCLE('',#7906,0.002);
#4828=CIRCLE('',#7907,0.0265);
#4829=CIRCLE('',#7908,0.002);
#4830=CIRCLE('',#7909,0.002875);
#4831=CIRCLE('',#7910,0.002);
#4832=CIRCLE('',#7912,0.0265);
#4833=CIRCLE('',#7913,0.0265);
#4834=CIRCLE('',#7914,0.0265);
#4835=CIRCLE('',#7916,0.005);
#4836=CIRCLE('',#7918,0.001625);
#4837=CIRCLE('',#7919,0.001625);
#4838=CIRCLE('',#7921,0.001625);
#4839=CIRCLE('',#7922,0.001625);
#4840=CIRCLE('',#7924,0.001625);
#4841=CIRCLE('',#7925,0.001625);
#4842=CIRCLE('',#7927,0.001625);
#4843=CIRCLE('',#7928,0.001625);
#4844=CIRCLE('',#7930,0.001625);
#4845=CIRCLE('',#7931,0.001625);
#4846=CIRCLE('',#7933,0.001625);
#4847=CIRCLE('',#7934,0.001625);
#4848=CIRCLE('',#7936,0.00205);
#4849=CIRCLE('',#7937,0.00205);
#4850=CIRCLE('',#7938,0.001625);
#4851=CIRCLE('',#7939,0.005);
#4852=CIRCLE('',#7940,0.005);
#4853=CIRCLE('',#7942,0.018);
#4854=CIRCLE('',#7944,0.005);
#4855=CIRCLE('',#7947,0.001625);
#4856=CIRCLE('',#7949,0.003625);
#4857=CIRCLE('',#7952,0.00205);
#4858=CIRCLE('',#7955,0.00205);
#4859=CIRCLE('',#7958,0.002875);
#4860=CIRCLE('',#7960,0.002);
#4861=CIRCLE('',#7961,0.002);
#4862=CIRCLE('',#7963,0.002875);
#4863=CIRCLE('',#7965,0.002);
#4864=CIRCLE('',#7966,0.002);
#4865=CIRCLE('',#7968,0.002875);
#4866=CIRCLE('',#7971,0.002875);
#4867=CIRCLE('',#7974,0.002875);
#4868=CIRCLE('',#7976,0.002);
#4869=CIRCLE('',#7977,0.002);
#4870=CIRCLE('',#7979,0.002875);
#4871=CIRCLE('',#7981,0.002);
#4872=CIRCLE('',#7982,0.002);
#4873=CIRCLE('',#8000,0.0021);
#4874=CIRCLE('',#8002,0.0021);
#4875=CIRCLE('',#8006,0.003375);
#4876=CIRCLE('',#8007,0.006);
#4877=CIRCLE('',#8009,0.003);
#4878=CIRCLE('',#8011,0.006);
#4879=CIRCLE('',#8013,0.003);
#4880=CIRCLE('',#8015,0.003375);
#4881=CIRCLE('',#8018,0.005);
#4882=CIRCLE('',#8019,0.002875);
#4883=CIRCLE('',#8022,0.001625);
#4884=CIRCLE('',#8024,0.001625);
#4885=CIRCLE('',#8026,0.002875);
#4886=CIRCLE('',#8079,0.001325);
#4887=CIRCLE('',#8080,0.001325);
#4888=CIRCLE('',#8082,0.001325);
#4889=CIRCLE('',#8083,0.001325);
#4890=CIRCLE('',#8085,0.001325);
#4891=CIRCLE('',#8086,0.001325);
#4892=CIRCLE('',#8088,0.001325);
#4893=CIRCLE('',#8089,0.001325);
#4894=CIRCLE('',#8091,0.009);
#4895=CIRCLE('',#8092,0.015);
#4896=CIRCLE('',#8093,0.015);
#4897=CIRCLE('',#8095,0.009);
#4898=CIRCLE('',#8096,0.015);
#4899=CIRCLE('',#8097,0.015);
#4900=CIRCLE('',#8099,0.009);
#4901=CIRCLE('',#8100,0.015);
#4902=CIRCLE('',#8101,0.015);
#4903=CIRCLE('',#8103,0.009);
#4904=CIRCLE('',#8104,0.015);
#4905=CIRCLE('',#8105,0.015);
#4906=CIRCLE('',#8107,0.002625);
#4907=CIRCLE('',#8108,0.002625);
#4908=CIRCLE('',#8110,0.002625);
#4909=CIRCLE('',#8111,0.002625);
#4910=CIRCLE('',#8113,0.002625);
#4911=CIRCLE('',#8114,0.002625);
#4912=CIRCLE('',#8116,0.002625);
#4913=CIRCLE('',#8117,0.002625);
#4914=CIRCLE('',#8119,0.001325);
#4915=CIRCLE('',#8120,0.001325);
#4916=CIRCLE('',#8122,0.001325);
#4917=CIRCLE('',#8123,0.001325);
#4918=CIRCLE('',#8125,0.001325);
#4919=CIRCLE('',#8126,0.001325);
#4920=CIRCLE('',#8128,0.001325);
#4921=CIRCLE('',#8129,0.001325);
#4922=CIRCLE('',#8131,0.001325);
#4923=CIRCLE('',#8132,0.001325);
#4924=CIRCLE('',#8134,0.001325);
#4925=CIRCLE('',#8135,0.001325);
#4926=CIRCLE('',#8137,0.001325);
#4927=CIRCLE('',#8138,0.001325);
#4928=CIRCLE('',#8140,0.001325);
#4929=CIRCLE('',#8141,0.001325);
#4930=CIRCLE('',#8143,0.006075);
#4931=CIRCLE('',#8145,0.006075);
#4932=CIRCLE('',#8147,0.006075);
#4933=CIRCLE('',#8149,0.006075);
#4934=CIRCLE('',#8152,0.0315);
#4935=CIRCLE('',#8153,0.0315);
#4936=CIRCLE('',#8157,0.00205);
#4937=CIRCLE('',#8158,0.00205);
#4938=CIRCLE('',#8161,0.00205);
#4939=CIRCLE('',#8162,0.00205);
#4940=CIRCLE('',#8165,0.00205);
#4941=CIRCLE('',#8166,0.00205);
#4942=CIRCLE('',#8168,0.0035);
#4943=CIRCLE('',#8169,0.0035);
#4944=CIRCLE('',#8172,0.0035);
#4945=CIRCLE('',#8173,0.0035);
#4946=CIRCLE('',#8175,0.0035);
#4947=CIRCLE('',#8176,0.0035);
#4948=CIRCLE('',#8179,0.0035);
#4949=CIRCLE('',#8180,0.0035);
#4950=CIRCLE('',#8182,0.02);
#4951=CIRCLE('',#8183,0.02);
#4952=CIRCLE('',#8185,0.00205);
#4953=CIRCLE('',#8186,0.00205);
#4954=CIRCLE('',#8188,0.00205);
#4955=CIRCLE('',#8189,0.00205);
#4956=CIRCLE('',#8191,0.00205);
#4957=CIRCLE('',#8192,0.00205);
#4958=CIRCLE('',#8194,0.00205);
#4959=CIRCLE('',#8195,0.00205);
#4960=CIRCLE('',#8197,0.00205);
#4961=CIRCLE('',#8198,0.00205);
#4962=CIRCLE('',#8200,0.00205);
#4963=CIRCLE('',#8201,0.00205);
#4964=CIRCLE('',#8203,0.00205);
#4965=CIRCLE('',#8204,0.00205);
#4966=CIRCLE('',#8206,0.00205);
#4967=CIRCLE('',#8207,0.00205);
#4968=CIRCLE('',#8209,0.00205);
#4969=CIRCLE('',#8210,0.00205);
#4970=CIRCLE('',#8212,0.02);
#4971=CIRCLE('',#8213,0.02);
#4972=CIRCLE('',#8215,0.00205);
#4973=CIRCLE('',#8216,0.00205);
#4974=CIRCLE('',#8221,0.0315);
#4975=CIRCLE('',#8222,0.0315);
#4976=CIRCLE('',#8224,0.02675);
#4977=CIRCLE('',#8225,0.02675);
#4978=CIRCLE('',#8226,0.02675);
#4979=CIRCLE('',#8227,0.02675);
#4980=CIRCLE('',#8229,0.00475);
#4981=CIRCLE('',#8230,0.00475);
#4982=CIRCLE('',#8231,0.00475);
#4983=CIRCLE('',#8232,0.00475);
#4984=CIRCLE('',#8233,0.00225);
#4985=CIRCLE('',#8234,0.00225);
#4986=CIRCLE('',#8235,0.00225);
#4987=CIRCLE('',#8236,0.00225);
#4988=CIRCLE('',#8237,0.00225);
#4989=CIRCLE('',#8238,0.00225);
#4990=CIRCLE('',#8239,0.00225);
#4991=CIRCLE('',#8240,0.00225);
#4992=CIRCLE('',#8241,0.00225);
#4993=CIRCLE('',#8242,0.00225);
#4994=CIRCLE('',#8243,0.00225);
#4995=CIRCLE('',#8244,0.00225);
#4996=CIRCLE('',#8246,0.006075);
#4997=CIRCLE('',#8249,0.006075);
#4998=CIRCLE('',#8252,0.006075);
#4999=CIRCLE('',#8255,0.006075);
#5000=CIRCLE('',#8258,0.00225);
#5001=CIRCLE('',#8261,0.00225);
#5002=CIRCLE('',#8264,0.00225);
#5003=CIRCLE('',#8267,0.00225);
#5004=CIRCLE('',#8270,0.00225);
#5005=CIRCLE('',#8273,0.00225);
#5006=CIRCLE('',#8276,0.00225);
#5007=CIRCLE('',#8279,0.00225);
#5008=CIRCLE('',#8282,0.00225);
#5009=CIRCLE('',#8285,0.00225);
#5010=CIRCLE('',#8288,0.00225);
#5011=CIRCLE('',#8291,0.00225);
#5012=CIRCLE('',#8294,0.00475);
#5013=CIRCLE('',#8297,0.00475);
#5014=CIRCLE('',#8300,0.00475);
#5015=CIRCLE('',#8303,0.00475);
#5016=CIRCLE('',#8311,0.001625);
#5017=CIRCLE('',#8312,0.001625);
#5018=CIRCLE('',#8314,0.002875);
#5019=CIRCLE('',#8317,0.0022);
#5020=CIRCLE('',#8320,0.0022);
#5021=CIRCLE('',#8322,0.00625);
#5022=CIRCLE('',#8323,0.00625);
#5023=CIRCLE('',#8327,0.005);
#5024=CIRCLE('',#8328,0.005);
#5025=CIRCLE('',#8329,0.005);
#5026=CIRCLE('',#8331,0.005);
#5027=CIRCLE('',#8332,0.005);
#5028=CIRCLE('',#8333,0.005);
#5029=CIRCLE('',#8336,0.002875);
#5030=CIRCLE('',#8344,0.005);
#5031=CIRCLE('',#8345,0.005);
#5032=CIRCLE('',#8347,0.006);
#5033=CIRCLE('',#8348,0.006);
#5034=CIRCLE('',#8362,0.001625);
#5035=CIRCLE('',#8363,0.004);
#5036=CIRCLE('',#8365,0.004);
#5037=CIRCLE('',#8367,0.001625);
#5038=CIRCLE('',#8369,0.004);
#5039=CIRCLE('',#8370,0.004);
#5040=CIRCLE('',#8372,0.001625);
#5041=CIRCLE('',#8373,0.001625);
#5042=CIRCLE('',#8391,0.003);
#5043=CIRCLE('',#8392,0.003);
#5044=CIRCLE('',#8395,0.003);
#5045=CIRCLE('',#8396,0.003);
#5046=CIRCLE('',#8399,0.003);
#5047=CIRCLE('',#8400,0.003);
#5048=CIRCLE('',#8404,0.0015);
#5049=CIRCLE('',#8405,0.0015);
#5050=CIRCLE('',#8409,0.0015);
#5051=CIRCLE('',#8410,0.0015);
#5052=CIRCLE('',#8413,0.001625);
#5053=CIRCLE('',#8414,0.001625);
#5054=CIRCLE('',#8416,0.001625);
#5055=CIRCLE('',#8417,0.001625);
#5056=CIRCLE('',#8419,0.001625);
#5057=CIRCLE('',#8420,0.001625);
#5058=CIRCLE('',#8422,0.001625);
#5059=CIRCLE('',#8423,0.001625);
#5060=CIRCLE('',#8425,0.001625);
#5061=CIRCLE('',#8426,0.001625);
#5062=CIRCLE('',#8428,0.001625);
#5063=CIRCLE('',#8429,0.001625);
#5064=CIRCLE('',#8431,0.001625);
#5065=CIRCLE('',#8432,0.001625);
#5066=CIRCLE('',#8434,0.0015);
#5067=CIRCLE('',#8435,0.0015);
#5068=CIRCLE('',#8437,0.0015);
#5069=CIRCLE('',#8438,0.0015);
#5070=CIRCLE('',#8440,0.003);
#5071=CIRCLE('',#8441,0.003);
#5072=EDGE_LOOP('',(#1401));
#5073=EDGE_LOOP('',(#1402));
#5074=EDGE_LOOP('',(#1403));
#5075=EDGE_LOOP('',(#1404));
#5076=EDGE_LOOP('',(#1405,#1406,#1407,#1408,#1409,#1410,#1411,#1412,#1413,
#1414));
#5077=EDGE_LOOP('',(#1415,#1416,#1417,#1418,#1419,#1420,#1421,#1422,#1423,
#1424));
#5078=EDGE_LOOP('',(#1425,#1426,#1427,#1428));
#5079=EDGE_LOOP('',(#1429,#1430,#1431,#1432));
#5080=EDGE_LOOP('',(#1433));
#5081=EDGE_LOOP('',(#1434,#1435,#1436,#1437));
#5082=EDGE_LOOP('',(#1438));
#5083=EDGE_LOOP('',(#1439,#1440,#1441,#1442));
#5084=EDGE_LOOP('',(#1443,#1444,#1445,#1446));
#5085=EDGE_LOOP('',(#1447,#1448,#1449,#1450));
#5086=EDGE_LOOP('',(#1451,#1452,#1453,#1454));
#5087=EDGE_LOOP('',(#1455));
#5088=EDGE_LOOP('',(#1456,#1457,#1458,#1459));
#5089=EDGE_LOOP('',(#1460));
#5090=EDGE_LOOP('',(#1461,#1462,#1463,#1464));
#5091=EDGE_LOOP('',(#1465,#1466,#1467,#1468));
#5092=EDGE_LOOP('',(#1469));
#5093=EDGE_LOOP('',(#1470));
#5094=EDGE_LOOP('',(#1471));
#5095=EDGE_LOOP('',(#1472));
#5096=EDGE_LOOP('',(#1473));
#5097=EDGE_LOOP('',(#1474));
#5098=EDGE_LOOP('',(#1475));
#5099=EDGE_LOOP('',(#1476));
#5100=EDGE_LOOP('',(#1477));
#5101=EDGE_LOOP('',(#1478));
#5102=EDGE_LOOP('',(#1479));
#5103=EDGE_LOOP('',(#1480));
#5104=EDGE_LOOP('',(#1481));
#5105=EDGE_LOOP('',(#1482,#1483,#1484,#1485,#1486,#1487,#1488,#1489,#1490,
#1491));
#5106=EDGE_LOOP('',(#1492));
#5107=EDGE_LOOP('',(#1493));
#5108=EDGE_LOOP('',(#1494));
#5109=EDGE_LOOP('',(#1495,#1496,#1497,#1498));
#5110=EDGE_LOOP('',(#1499));
#5111=EDGE_LOOP('',(#1500));
#5112=EDGE_LOOP('',(#1501));
#5113=EDGE_LOOP('',(#1502));
#5114=EDGE_LOOP('',(#1503));
#5115=EDGE_LOOP('',(#1504));
#5116=EDGE_LOOP('',(#1505));
#5117=EDGE_LOOP('',(#1506));
#5118=EDGE_LOOP('',(#1507));
#5119=EDGE_LOOP('',(#1508));
#5120=EDGE_LOOP('',(#1509));
#5121=EDGE_LOOP('',(#1510));
#5122=EDGE_LOOP('',(#1511));
#5123=EDGE_LOOP('',(#1512));
#5124=EDGE_LOOP('',(#1513,#1514,#1515,#1516));
#5125=EDGE_LOOP('',(#1517,#1518,#1519,#1520,#1521,#1522));
#5126=EDGE_LOOP('',(#1523,#1524,#1525,#1526));
#5127=EDGE_LOOP('',(#1527,#1528,#1529,#1530));
#5128=EDGE_LOOP('',(#1531,#1532,#1533,#1534,#1535,#1536,#1537,#1538));
#5129=EDGE_LOOP('',(#1539));
#5130=EDGE_LOOP('',(#1540));
#5131=EDGE_LOOP('',(#1541));
#5132=EDGE_LOOP('',(#1542));
#5133=EDGE_LOOP('',(#1543,#1544,#1545,#1546));
#5134=EDGE_LOOP('',(#1547));
#5135=EDGE_LOOP('',(#1548));
#5136=EDGE_LOOP('',(#1549));
#5137=EDGE_LOOP('',(#1550));
#5138=EDGE_LOOP('',(#1551));
#5139=EDGE_LOOP('',(#1552));
#5140=EDGE_LOOP('',(#1553));
#5141=EDGE_LOOP('',(#1554));
#5142=EDGE_LOOP('',(#1555,#1556,#1557,#1558,#1559,#1560));
#5143=EDGE_LOOP('',(#1561));
#5144=EDGE_LOOP('',(#1562));
#5145=EDGE_LOOP('',(#1563));
#5146=EDGE_LOOP('',(#1564));
#5147=EDGE_LOOP('',(#1565));
#5148=EDGE_LOOP('',(#1566));
#5149=EDGE_LOOP('',(#1567));
#5150=EDGE_LOOP('',(#1568));
#5151=EDGE_LOOP('',(#1569));
#5152=EDGE_LOOP('',(#1570));
#5153=EDGE_LOOP('',(#1571));
#5154=EDGE_LOOP('',(#1572));
#5155=EDGE_LOOP('',(#1573));
#5156=EDGE_LOOP('',(#1574));
#5157=EDGE_LOOP('',(#1575));
#5158=EDGE_LOOP('',(#1576,#1577));
#5159=EDGE_LOOP('',(#1578));
#5160=EDGE_LOOP('',(#1579));
#5161=EDGE_LOOP('',(#1580));
#5162=EDGE_LOOP('',(#1581));
#5163=EDGE_LOOP('',(#1582));
#5164=EDGE_LOOP('',(#1583));
#5165=EDGE_LOOP('',(#1584));
#5166=EDGE_LOOP('',(#1585));
#5167=EDGE_LOOP('',(#1586));
#5168=EDGE_LOOP('',(#1587));
#5169=EDGE_LOOP('',(#1588));
#5170=EDGE_LOOP('',(#1589,#1590));
#5171=EDGE_LOOP('',(#1591));
#5172=EDGE_LOOP('',(#1592));
#5173=EDGE_LOOP('',(#1593));
#5174=EDGE_LOOP('',(#1594));
#5175=EDGE_LOOP('',(#1595));
#5176=EDGE_LOOP('',(#1596));
#5177=EDGE_LOOP('',(#1597));
#5178=EDGE_LOOP('',(#1598));
#5179=EDGE_LOOP('',(#1599));
#5180=EDGE_LOOP('',(#1600));
#5181=EDGE_LOOP('',(#1601));
#5182=EDGE_LOOP('',(#1602));
#5183=EDGE_LOOP('',(#1603));
#5184=EDGE_LOOP('',(#1604));
#5185=EDGE_LOOP('',(#1605));
#5186=EDGE_LOOP('',(#1606));
#5187=EDGE_LOOP('',(#1607));
#5188=EDGE_LOOP('',(#1608));
#5189=EDGE_LOOP('',(#1609));
#5190=EDGE_LOOP('',(#1610,#1611,#1612,#1613));
#5191=EDGE_LOOP('',(#1614,#1615,#1616,#1617));
#5192=EDGE_LOOP('',(#1618,#1619,#1620,#1621));
#5193=EDGE_LOOP('',(#1622,#1623,#1624,#1625));
#5194=EDGE_LOOP('',(#1626));
#5195=EDGE_LOOP('',(#1627,#1628,#1629,#1630));
#5196=EDGE_LOOP('',(#1631));
#5197=EDGE_LOOP('',(#1632));
#5198=EDGE_LOOP('',(#1633));
#5199=EDGE_LOOP('',(#1634));
#5200=EDGE_LOOP('',(#1635));
#5201=EDGE_LOOP('',(#1636));
#5202=EDGE_LOOP('',(#1637));
#5203=EDGE_LOOP('',(#1638));
#5204=EDGE_LOOP('',(#1639,#1640,#1641,#1642,#1643,#1644));
#5205=EDGE_LOOP('',(#1645,#1646,#1647,#1648));
#5206=EDGE_LOOP('',(#1649,#1650,#1651,#1652));
#5207=EDGE_LOOP('',(#1653,#1654,#1655,#1656));
#5208=EDGE_LOOP('',(#1657,#1658,#1659,#1660,#1661,#1662));
#5209=EDGE_LOOP('',(#1663,#1664,#1665,#1666));
#5210=EDGE_LOOP('',(#1667,#1668,#1669,#1670));
#5211=EDGE_LOOP('',(#1671,#1672,#1673,#1674));
#5212=EDGE_LOOP('',(#1675,#1676,#1677,#1678));
#5213=EDGE_LOOP('',(#1679));
#5214=EDGE_LOOP('',(#1680));
#5215=EDGE_LOOP('',(#1681));
#5216=EDGE_LOOP('',(#1682));
#5217=EDGE_LOOP('',(#1683));
#5218=EDGE_LOOP('',(#1684));
#5219=EDGE_LOOP('',(#1685));
#5220=EDGE_LOOP('',(#1686));
#5221=EDGE_LOOP('',(#1687,#1688,#1689,#1690));
#5222=EDGE_LOOP('',(#1691,#1692,#1693,#1694));
#5223=EDGE_LOOP('',(#1695,#1696,#1697,#1698));
#5224=EDGE_LOOP('',(#1699));
#5225=EDGE_LOOP('',(#1700));
#5226=EDGE_LOOP('',(#1701,#1702,#1703,#1704));
#5227=EDGE_LOOP('',(#1705));
#5228=EDGE_LOOP('',(#1706,#1707,#1708,#1709));
#5229=EDGE_LOOP('',(#1710));
#5230=EDGE_LOOP('',(#1711,#1712,#1713,#1714));
#5231=EDGE_LOOP('',(#1715));
#5232=EDGE_LOOP('',(#1716));
#5233=EDGE_LOOP('',(#1717));
#5234=EDGE_LOOP('',(#1718));
#5235=EDGE_LOOP('',(#1719));
#5236=EDGE_LOOP('',(#1720));
#5237=EDGE_LOOP('',(#1721));
#5238=EDGE_LOOP('',(#1722));
#5239=EDGE_LOOP('',(#1723));
#5240=EDGE_LOOP('',(#1724));
#5241=EDGE_LOOP('',(#1725));
#5242=EDGE_LOOP('',(#1726));
#5243=EDGE_LOOP('',(#1727));
#5244=EDGE_LOOP('',(#1728));
#5245=EDGE_LOOP('',(#1729));
#5246=EDGE_LOOP('',(#1730));
#5247=EDGE_LOOP('',(#1731));
#5248=EDGE_LOOP('',(#1732));
#5249=EDGE_LOOP('',(#1733));
#5250=EDGE_LOOP('',(#1734));
#5251=EDGE_LOOP('',(#1735));
#5252=EDGE_LOOP('',(#1736));
#5253=EDGE_LOOP('',(#1737));
#5254=EDGE_LOOP('',(#1738));
#5255=EDGE_LOOP('',(#1739));
#5256=EDGE_LOOP('',(#1740));
#5257=EDGE_LOOP('',(#1741));
#5258=EDGE_LOOP('',(#1742));
#5259=EDGE_LOOP('',(#1743));
#5260=EDGE_LOOP('',(#1744));
#5261=EDGE_LOOP('',(#1745));
#5262=EDGE_LOOP('',(#1746));
#5263=EDGE_LOOP('',(#1747,#1748,#1749,#1750,#1751,#1752,#1753,#1754));
#5264=EDGE_LOOP('',(#1755,#1756,#1757,#1758));
#5265=EDGE_LOOP('',(#1759,#1760,#1761,#1762,#1763));
#5266=EDGE_LOOP('',(#1764));
#5267=EDGE_LOOP('',(#1765));
#5268=EDGE_LOOP('',(#1766));
#5269=EDGE_LOOP('',(#1767,#1768,#1769,#1770,#1771,#1772,#1773,#1774,#1775,
#1776,#1777,#1778));
#5270=EDGE_LOOP('',(#1779,#1780,#1781,#1782,#1783,#1784,#1785,#1786));
#5271=EDGE_LOOP('',(#1787));
#5272=EDGE_LOOP('',(#1788));
#5273=EDGE_LOOP('',(#1789));
#5274=EDGE_LOOP('',(#1790));
#5275=EDGE_LOOP('',(#1791));
#5276=EDGE_LOOP('',(#1792));
#5277=EDGE_LOOP('',(#1793,#1794,#1795,#1796,#1797,#1798,#1799,#1800,#1801,
#1802,#1803,#1804,#1805,#1806,#1807,#1808));
#5278=EDGE_LOOP('',(#1809));
#5279=EDGE_LOOP('',(#1810));
#5280=EDGE_LOOP('',(#1811));
#5281=EDGE_LOOP('',(#1812,#1813,#1814,#1815,#1816,#1817));
#5282=EDGE_LOOP('',(#1818,#1819,#1820,#1821,#1822,#1823));
#5283=EDGE_LOOP('',(#1824,#1825,#1826,#1827,#1828,#1829,#1830,#1831));
#5284=EDGE_LOOP('',(#1832,#1833,#1834,#1835));
#5285=EDGE_LOOP('',(#1836,#1837,#1838,#1839));
#5286=EDGE_LOOP('',(#1840,#1841,#1842,#1843));
#5287=EDGE_LOOP('',(#1844,#1845,#1846,#1847));
#5288=EDGE_LOOP('',(#1848,#1849,#1850,#1851));
#5289=EDGE_LOOP('',(#1852,#1853,#1854,#1855,#1856,#1857));
#5290=EDGE_LOOP('',(#1858,#1859,#1860,#1861));
#5291=EDGE_LOOP('',(#1862,#1863,#1864,#1865,#1866,#1867));
#5292=EDGE_LOOP('',(#1868,#1869,#1870,#1871));
#5293=EDGE_LOOP('',(#1872,#1873,#1874,#1875,#1876,#1877));
#5294=EDGE_LOOP('',(#1878,#1879,#1880,#1881));
#5295=EDGE_LOOP('',(#1882,#1883,#1884,#1885,#1886,#1887,#1888,#1889,#1890,
#1891,#1892));
#5296=EDGE_LOOP('',(#1893,#1894,#1895,#1896));
#5297=EDGE_LOOP('',(#1897,#1898,#1899,#1900,#1901,#1902,#1903));
#5298=EDGE_LOOP('',(#1904,#1905,#1906,#1907));
#5299=EDGE_LOOP('',(#1908,#1909,#1910,#1911));
#5300=EDGE_LOOP('',(#1912,#1913,#1914,#1915));
#5301=EDGE_LOOP('',(#1916,#1917,#1918,#1919));
#5302=EDGE_LOOP('',(#1920,#1921,#1922,#1923));
#5303=EDGE_LOOP('',(#1924,#1925,#1926,#1927));
#5304=EDGE_LOOP('',(#1928,#1929,#1930,#1931));
#5305=EDGE_LOOP('',(#1932,#1933,#1934,#1935,#1936,#1937));
#5306=EDGE_LOOP('',(#1938,#1939,#1940,#1941));
#5307=EDGE_LOOP('',(#1942,#1943,#1944,#1945));
#5308=EDGE_LOOP('',(#1946,#1947,#1948,#1949,#1950,#1951));
#5309=EDGE_LOOP('',(#1952,#1953,#1954,#1955));
#5310=EDGE_LOOP('',(#1956,#1957,#1958,#1959));
#5311=EDGE_LOOP('',(#1960,#1961,#1962,#1963));
#5312=EDGE_LOOP('',(#1964,#1965,#1966,#1967));
#5313=EDGE_LOOP('',(#1968,#1969,#1970,#1971));
#5314=EDGE_LOOP('',(#1972,#1973,#1974,#1975,#1976));
#5315=EDGE_LOOP('',(#1977,#1978,#1979,#1980,#1981,#1982));
#5316=EDGE_LOOP('',(#1983));
#5317=EDGE_LOOP('',(#1984));
#5318=EDGE_LOOP('',(#1985));
#5319=EDGE_LOOP('',(#1986));
#5320=EDGE_LOOP('',(#1987));
#5321=EDGE_LOOP('',(#1988));
#5322=EDGE_LOOP('',(#1989));
#5323=EDGE_LOOP('',(#1990));
#5324=EDGE_LOOP('',(#1991));
#5325=EDGE_LOOP('',(#1992));
#5326=EDGE_LOOP('',(#1993));
#5327=EDGE_LOOP('',(#1994));
#5328=EDGE_LOOP('',(#1995,#1996,#1997,#1998,#1999));
#5329=EDGE_LOOP('',(#2000,#2001,#2002,#2003));
#5330=EDGE_LOOP('',(#2004,#2005,#2006,#2007,#2008));
#5331=EDGE_LOOP('',(#2009,#2010,#2011,#2012));
#5332=EDGE_LOOP('',(#2013,#2014,#2015,#2016));
#5333=EDGE_LOOP('',(#2017,#2018,#2019,#2020,#2021));
#5334=EDGE_LOOP('',(#2022,#2023,#2024,#2025,#2026));
#5335=EDGE_LOOP('',(#2027,#2028,#2029,#2030));
#5336=EDGE_LOOP('',(#2031,#2032,#2033,#2034));
#5337=EDGE_LOOP('',(#2035,#2036,#2037,#2038));
#5338=EDGE_LOOP('',(#2039,#2040,#2041,#2042));
#5339=EDGE_LOOP('',(#2043,#2044,#2045,#2046));
#5340=EDGE_LOOP('',(#2047,#2048,#2049,#2050));
#5341=EDGE_LOOP('',(#2051));
#5342=EDGE_LOOP('',(#2052));
#5343=EDGE_LOOP('',(#2053));
#5344=EDGE_LOOP('',(#2054));
#5345=EDGE_LOOP('',(#2055));
#5346=EDGE_LOOP('',(#2056));
#5347=EDGE_LOOP('',(#2057));
#5348=EDGE_LOOP('',(#2058));
#5349=EDGE_LOOP('',(#2059,#2060,#2061,#2062));
#5350=EDGE_LOOP('',(#2063,#2064,#2065,#2066));
#5351=EDGE_LOOP('',(#2067,#2068,#2069,#2070));
#5352=EDGE_LOOP('',(#2071));
#5353=EDGE_LOOP('',(#2072));
#5354=EDGE_LOOP('',(#2073,#2074,#2075,#2076,#2077));
#5355=EDGE_LOOP('',(#2078));
#5356=EDGE_LOOP('',(#2079));
#5357=EDGE_LOOP('',(#2080,#2081,#2082,#2083,#2084,#2085,#2086,#2087));
#5358=EDGE_LOOP('',(#2088));
#5359=EDGE_LOOP('',(#2089));
#5360=EDGE_LOOP('',(#2090));
#5361=EDGE_LOOP('',(#2091));
#5362=EDGE_LOOP('',(#2092));
#5363=EDGE_LOOP('',(#2093,#2094,#2095,#2096,#2097,#2098));
#5364=EDGE_LOOP('',(#2099));
#5365=EDGE_LOOP('',(#2100));
#5366=EDGE_LOOP('',(#2101));
#5367=EDGE_LOOP('',(#2102));
#5368=EDGE_LOOP('',(#2103));
#5369=EDGE_LOOP('',(#2104));
#5370=EDGE_LOOP('',(#2105));
#5371=EDGE_LOOP('',(#2106));
#5372=EDGE_LOOP('',(#2107));
#5373=EDGE_LOOP('',(#2108));
#5374=EDGE_LOOP('',(#2109));
#5375=EDGE_LOOP('',(#2110));
#5376=EDGE_LOOP('',(#2111));
#5377=EDGE_LOOP('',(#2112));
#5378=EDGE_LOOP('',(#2113));
#5379=EDGE_LOOP('',(#2114));
#5380=EDGE_LOOP('',(#2115));
#5381=EDGE_LOOP('',(#2116));
#5382=EDGE_LOOP('',(#2117));
#5383=EDGE_LOOP('',(#2118));
#5384=EDGE_LOOP('',(#2119));
#5385=EDGE_LOOP('',(#2120));
#5386=EDGE_LOOP('',(#2121));
#5387=EDGE_LOOP('',(#2122));
#5388=EDGE_LOOP('',(#2123));
#5389=EDGE_LOOP('',(#2124));
#5390=EDGE_LOOP('',(#2125));
#5391=EDGE_LOOP('',(#2126));
#5392=EDGE_LOOP('',(#2127));
#5393=EDGE_LOOP('',(#2128));
#5394=EDGE_LOOP('',(#2129));
#5395=EDGE_LOOP('',(#2130));
#5396=EDGE_LOOP('',(#2131));
#5397=EDGE_LOOP('',(#2132));
#5398=EDGE_LOOP('',(#2133,#2134,#2135,#2136));
#5399=EDGE_LOOP('',(#2137,#2138,#2139,#2140));
#5400=EDGE_LOOP('',(#2141,#2142,#2143,#2144,#2145,#2146,#2147,#2148,#2149,
#2150));
#5401=EDGE_LOOP('',(#2151));
#5402=EDGE_LOOP('',(#2152));
#5403=EDGE_LOOP('',(#2153));
#5404=EDGE_LOOP('',(#2154,#2155,#2156,#2157,#2158,#2159,#2160,#2161,#2162,
#2163,#2164,#2165,#2166,#2167,#2168,#2169,#2170,#2171,#2172,#2173,#2174,
#2175,#2176,#2177,#2178,#2179));
#5405=EDGE_LOOP('',(#2180,#2181,#2182,#2183,#2184,#2185,#2186,#2187,#2188,
#2189));
#5406=EDGE_LOOP('',(#2190,#2191,#2192,#2193,#2194,#2195,#2196,#2197));
#5407=EDGE_LOOP('',(#2198));
#5408=EDGE_LOOP('',(#2199));
#5409=EDGE_LOOP('',(#2200));
#5410=EDGE_LOOP('',(#2201));
#5411=EDGE_LOOP('',(#2202));
#5412=EDGE_LOOP('',(#2203));
#5413=EDGE_LOOP('',(#2204));
#5414=EDGE_LOOP('',(#2205));
#5415=EDGE_LOOP('',(#2206));
#5416=EDGE_LOOP('',(#2207));
#5417=EDGE_LOOP('',(#2208));
#5418=EDGE_LOOP('',(#2209));
#5419=EDGE_LOOP('',(#2210));
#5420=EDGE_LOOP('',(#2211));
#5421=EDGE_LOOP('',(#2212));
#5422=EDGE_LOOP('',(#2213,#2214,#2215,#2216,#2217,#2218));
#5423=EDGE_LOOP('',(#2219));
#5424=EDGE_LOOP('',(#2220));
#5425=EDGE_LOOP('',(#2221));
#5426=EDGE_LOOP('',(#2222,#2223,#2224,#2225,#2226,#2227,#2228,#2229));
#5427=EDGE_LOOP('',(#2230));
#5428=EDGE_LOOP('',(#2231));
#5429=EDGE_LOOP('',(#2232));
#5430=EDGE_LOOP('',(#2233));
#5431=EDGE_LOOP('',(#2234));
#5432=EDGE_LOOP('',(#2235));
#5433=EDGE_LOOP('',(#2236));
#5434=EDGE_LOOP('',(#2237,#2238,#2239,#2240,#2241,#2242,#2243,#2244));
#5435=EDGE_LOOP('',(#2245));
#5436=EDGE_LOOP('',(#2246));
#5437=EDGE_LOOP('',(#2247));
#5438=EDGE_LOOP('',(#2248));
#5439=EDGE_LOOP('',(#2249));
#5440=EDGE_LOOP('',(#2250));
#5441=EDGE_LOOP('',(#2251));
#5442=EDGE_LOOP('',(#2252));
#5443=EDGE_LOOP('',(#2253));
#5444=EDGE_LOOP('',(#2254));
#5445=EDGE_LOOP('',(#2255));
#5446=EDGE_LOOP('',(#2256));
#5447=EDGE_LOOP('',(#2257,#2258,#2259,#2260));
#5448=EDGE_LOOP('',(#2261));
#5449=EDGE_LOOP('',(#2262,#2263,#2264,#2265));
#5450=EDGE_LOOP('',(#2266,#2267,#2268,#2269));
#5451=EDGE_LOOP('',(#2270));
#5452=EDGE_LOOP('',(#2271,#2272,#2273,#2274,#2275));
#5453=EDGE_LOOP('',(#2276));
#5454=EDGE_LOOP('',(#2277));
#5455=EDGE_LOOP('',(#2278));
#5456=EDGE_LOOP('',(#2279));
#5457=EDGE_LOOP('',(#2280));
#5458=EDGE_LOOP('',(#2281));
#5459=EDGE_LOOP('',(#2282));
#5460=EDGE_LOOP('',(#2283));
#5461=EDGE_LOOP('',(#2284,#2285,#2286,#2287));
#5462=EDGE_LOOP('',(#2288));
#5463=EDGE_LOOP('',(#2289,#2290,#2291,#2292,#2293));
#5464=EDGE_LOOP('',(#2294,#2295,#2296,#2297));
#5465=EDGE_LOOP('',(#2298));
#5466=EDGE_LOOP('',(#2299,#2300,#2301,#2302));
#5467=EDGE_LOOP('',(#2303,#2304,#2305,#2306));
#5468=EDGE_LOOP('',(#2307,#2308,#2309,#2310));
#5469=EDGE_LOOP('',(#2311,#2312,#2313,#2314));
#5470=EDGE_LOOP('',(#2315,#2316,#2317,#2318));
#5471=EDGE_LOOP('',(#2319,#2320,#2321,#2322));
#5472=EDGE_LOOP('',(#2323,#2324,#2325,#2326));
#5473=EDGE_LOOP('',(#2327,#2328,#2329,#2330));
#5474=EDGE_LOOP('',(#2331,#2332,#2333,#2334));
#5475=EDGE_LOOP('',(#2335,#2336,#2337,#2338));
#5476=EDGE_LOOP('',(#2339,#2340,#2341,#2342));
#5477=EDGE_LOOP('',(#2343,#2344,#2345));
#5478=EDGE_LOOP('',(#2346,#2347,#2348));
#5479=EDGE_LOOP('',(#2349,#2350,#2351,#2352));
#5480=EDGE_LOOP('',(#2353,#2354,#2355,#2356));
#5481=EDGE_LOOP('',(#2357));
#5482=EDGE_LOOP('',(#2358,#2359,#2360,#2361));
#5483=EDGE_LOOP('',(#2362));
#5484=EDGE_LOOP('',(#2363));
#5485=EDGE_LOOP('',(#2364));
#5486=EDGE_LOOP('',(#2365));
#5487=EDGE_LOOP('',(#2366,#2367,#2368,#2369));
#5488=EDGE_LOOP('',(#2370,#2371,#2372,#2373,#2374,#2375,#2376));
#5489=EDGE_LOOP('',(#2377,#2378,#2379,#2380));
#5490=EDGE_LOOP('',(#2381,#2382,#2383,#2384,#2385,#2386,#2387));
#5491=EDGE_LOOP('',(#2388));
#5492=EDGE_LOOP('',(#2389));
#5493=EDGE_LOOP('',(#2390,#2391,#2392,#2393));
#5494=EDGE_LOOP('',(#2394,#2395,#2396,#2397));
#5495=EDGE_LOOP('',(#2398));
#5496=EDGE_LOOP('',(#2399));
#5497=EDGE_LOOP('',(#2400,#2401,#2402,#2403));
#5498=EDGE_LOOP('',(#2404));
#5499=EDGE_LOOP('',(#2405,#2406,#2407,#2408));
#5500=EDGE_LOOP('',(#2409));
#5501=EDGE_LOOP('',(#2410));
#5502=EDGE_LOOP('',(#2411));
#5503=EDGE_LOOP('',(#2412));
#5504=EDGE_LOOP('',(#2413));
#5505=EDGE_LOOP('',(#2414));
#5506=EDGE_LOOP('',(#2415,#2416,#2417,#2418));
#5507=EDGE_LOOP('',(#2419,#2420,#2421,#2422));
#5508=EDGE_LOOP('',(#2423,#2424,#2425,#2426));
#5509=EDGE_LOOP('',(#2427,#2428,#2429,#2430));
#5510=EDGE_LOOP('',(#2431,#2432,#2433,#2434));
#5511=EDGE_LOOP('',(#2435));
#5512=EDGE_LOOP('',(#2436));
#5513=EDGE_LOOP('',(#2437));
#5514=EDGE_LOOP('',(#2438));
#5515=EDGE_LOOP('',(#2439));
#5516=EDGE_LOOP('',(#2440));
#5517=EDGE_LOOP('',(#2441));
#5518=EDGE_LOOP('',(#2442));
#5519=EDGE_LOOP('',(#2443));
#5520=EDGE_LOOP('',(#2444,#2445,#2446,#2447));
#5521=EDGE_LOOP('',(#2448));
#5522=EDGE_LOOP('',(#2449,#2450,#2451,#2452));
#5523=EDGE_LOOP('',(#2453));
#5524=EDGE_LOOP('',(#2454,#2455,#2456,#2457));
#5525=EDGE_LOOP('',(#2458));
#5526=EDGE_LOOP('',(#2459,#2460,#2461,#2462));
#5527=EDGE_LOOP('',(#2463));
#5528=EDGE_LOOP('',(#2464));
#5529=EDGE_LOOP('',(#2465));
#5530=EDGE_LOOP('',(#2466));
#5531=EDGE_LOOP('',(#2467));
#5532=EDGE_LOOP('',(#2468));
#5533=EDGE_LOOP('',(#2469));
#5534=EDGE_LOOP('',(#2470));
#5535=EDGE_LOOP('',(#2471));
#5536=EDGE_LOOP('',(#2472));
#5537=EDGE_LOOP('',(#2473));
#5538=EDGE_LOOP('',(#2474));
#5539=EDGE_LOOP('',(#2475));
#5540=EDGE_LOOP('',(#2476));
#5541=EDGE_LOOP('',(#2477));
#5542=EDGE_LOOP('',(#2478));
#5543=EDGE_LOOP('',(#2479));
#5544=EDGE_LOOP('',(#2480));
#5545=EDGE_LOOP('',(#2481));
#5546=EDGE_LOOP('',(#2482));
#5547=EDGE_LOOP('',(#2483));
#5548=EDGE_LOOP('',(#2484));
#5549=EDGE_LOOP('',(#2485));
#5550=EDGE_LOOP('',(#2486));
#5551=EDGE_LOOP('',(#2487));
#5552=EDGE_LOOP('',(#2488));
#5553=EDGE_LOOP('',(#2489));
#5554=EDGE_LOOP('',(#2490));
#5555=EDGE_LOOP('',(#2491));
#5556=EDGE_LOOP('',(#2492));
#5557=EDGE_LOOP('',(#2493));
#5558=EDGE_LOOP('',(#2494));
#5559=EDGE_LOOP('',(#2495,#2496,#2497,#2498,#2499,#2500,#2501,#2502));
#5560=EDGE_LOOP('',(#2503,#2504,#2505,#2506));
#5561=EDGE_LOOP('',(#2507,#2508,#2509,#2510,#2511,#2512,#2513,#2514));
#5562=EDGE_LOOP('',(#2515,#2516,#2517,#2518));
#5563=EDGE_LOOP('',(#2519,#2520,#2521,#2522));
#5564=EDGE_LOOP('',(#2523,#2524,#2525,#2526));
#5565=EDGE_LOOP('',(#2527,#2528,#2529,#2530));
#5566=EDGE_LOOP('',(#2531,#2532,#2533,#2534));
#5567=EDGE_LOOP('',(#2535,#2536,#2537,#2538));
#5568=EDGE_LOOP('',(#2539,#2540,#2541,#2542));
#5569=EDGE_LOOP('',(#2543,#2544,#2545,#2546));
#5570=EDGE_LOOP('',(#2547,#2548,#2549,#2550));
#5571=EDGE_LOOP('',(#2551,#2552,#2553,#2554));
#5572=EDGE_LOOP('',(#2555,#2556,#2557,#2558));
#5573=EDGE_LOOP('',(#2559,#2560,#2561,#2562));
#5574=EDGE_LOOP('',(#2563));
#5575=EDGE_LOOP('',(#2564));
#5576=EDGE_LOOP('',(#2565));
#5577=EDGE_LOOP('',(#2566));
#5578=EDGE_LOOP('',(#2567));
#5579=EDGE_LOOP('',(#2568));
#5580=EDGE_LOOP('',(#2569));
#5581=EDGE_LOOP('',(#2570));
#5582=EDGE_LOOP('',(#2571));
#5583=EDGE_LOOP('',(#2572));
#5584=EDGE_LOOP('',(#2573));
#5585=EDGE_LOOP('',(#2574));
#5586=EDGE_LOOP('',(#2575));
#5587=EDGE_LOOP('',(#2576));
#5588=EDGE_LOOP('',(#2577));
#5589=EDGE_LOOP('',(#2578));
#5590=EDGE_LOOP('',(#2579));
#5591=EDGE_LOOP('',(#2580));
#5592=EDGE_LOOP('',(#2581));
#5593=EDGE_LOOP('',(#2582));
#5594=EDGE_LOOP('',(#2583));
#5595=EDGE_LOOP('',(#2584));
#5596=EDGE_LOOP('',(#2585,#2586,#2587,#2588));
#5597=EDGE_LOOP('',(#2589,#2590,#2591,#2592));
#5598=EDGE_LOOP('',(#2593,#2594,#2595,#2596));
#5599=EDGE_LOOP('',(#2597,#2598,#2599,#2600));
#5600=EDGE_LOOP('',(#2601,#2602,#2603,#2604));
#5601=EDGE_LOOP('',(#2605));
#5602=EDGE_LOOP('',(#2606));
#5603=EDGE_LOOP('',(#2607,#2608,#2609,#2610,#2611,#2612,#2613,#2614,#2615,
#2616,#2617,#2618,#2619,#2620,#2621,#2622,#2623,#2624,#2625,#2626));
#5604=EDGE_LOOP('',(#2627));
#5605=EDGE_LOOP('',(#2628));
#5606=EDGE_LOOP('',(#2629));
#5607=EDGE_LOOP('',(#2630));
#5608=EDGE_LOOP('',(#2631));
#5609=EDGE_LOOP('',(#2632));
#5610=EDGE_LOOP('',(#2633));
#5611=EDGE_LOOP('',(#2634,#2635,#2636,#2637));
#5612=EDGE_LOOP('',(#2638,#2639,#2640,#2641));
#5613=EDGE_LOOP('',(#2642,#2643,#2644,#2645));
#5614=EDGE_LOOP('',(#2646,#2647,#2648,#2649));
#5615=EDGE_LOOP('',(#2650));
#5616=EDGE_LOOP('',(#2651));
#5617=EDGE_LOOP('',(#2652));
#5618=EDGE_LOOP('',(#2653));
#5619=EDGE_LOOP('',(#2654));
#5620=EDGE_LOOP('',(#2655));
#5621=EDGE_LOOP('',(#2656));
#5622=EDGE_LOOP('',(#2657));
#5623=EDGE_LOOP('',(#2658));
#5624=EDGE_LOOP('',(#2659));
#5625=EDGE_LOOP('',(#2660));
#5626=EDGE_LOOP('',(#2661));
#5627=EDGE_LOOP('',(#2662));
#5628=EDGE_LOOP('',(#2663));
#5629=EDGE_LOOP('',(#2664));
#5630=EDGE_LOOP('',(#2665));
#5631=EDGE_LOOP('',(#2666));
#5632=EDGE_LOOP('',(#2667));
#5633=EDGE_LOOP('',(#2668));
#5634=EDGE_LOOP('',(#2669));
#5635=EDGE_LOOP('',(#2670));
#5636=EDGE_LOOP('',(#2671));
#5637=EDGE_LOOP('',(#2672));
#5638=EDGE_LOOP('',(#2673));
#5639=EDGE_LOOP('',(#2674));
#5640=EDGE_LOOP('',(#2675));
#5641=EDGE_LOOP('',(#2676));
#5642=EDGE_LOOP('',(#2677));
#5643=EDGE_LOOP('',(#2678));
#5644=EDGE_LOOP('',(#2679));
#5645=EDGE_LOOP('',(#2680,#2681,#2682,#2683));
#5646=EDGE_LOOP('',(#2684,#2685,#2686,#2687));
#5647=EDGE_LOOP('',(#2688,#2689,#2690,#2691));
#5648=EDGE_LOOP('',(#2692,#2693,#2694,#2695));
#5649=EDGE_LOOP('',(#2696));
#5650=EDGE_LOOP('',(#2697));
#5651=EDGE_LOOP('',(#2698));
#5652=EDGE_LOOP('',(#2699));
#5653=EDGE_LOOP('',(#2700));
#5654=EDGE_LOOP('',(#2701));
#5655=EDGE_LOOP('',(#2702));
#5656=EDGE_LOOP('',(#2703));
#5657=EDGE_LOOP('',(#2704));
#5658=EDGE_LOOP('',(#2705));
#5659=EDGE_LOOP('',(#2706));
#5660=EDGE_LOOP('',(#2707,#2708,#2709,#2710));
#5661=EDGE_LOOP('',(#2711));
#5662=EDGE_LOOP('',(#2712));
#5663=EDGE_LOOP('',(#2713));
#5664=EDGE_LOOP('',(#2714));
#5665=EDGE_LOOP('',(#2715));
#5666=EDGE_LOOP('',(#2716));
#5667=EDGE_LOOP('',(#2717));
#5668=EDGE_LOOP('',(#2718));
#5669=EDGE_LOOP('',(#2719));
#5670=EDGE_LOOP('',(#2720));
#5671=EDGE_LOOP('',(#2721));
#5672=EDGE_LOOP('',(#2722));
#5673=EDGE_LOOP('',(#2723));
#5674=EDGE_LOOP('',(#2724));
#5675=EDGE_LOOP('',(#2725));
#5676=EDGE_LOOP('',(#2726));
#5677=EDGE_LOOP('',(#2727));
#5678=EDGE_LOOP('',(#2728));
#5679=EDGE_LOOP('',(#2729));
#5680=EDGE_LOOP('',(#2730));
#5681=EDGE_LOOP('',(#2731));
#5682=EDGE_LOOP('',(#2732));
#5683=EDGE_LOOP('',(#2733));
#5684=EDGE_LOOP('',(#2734));
#5685=EDGE_LOOP('',(#2735));
#5686=EDGE_LOOP('',(#2736));
#5687=EDGE_LOOP('',(#2737));
#5688=EDGE_LOOP('',(#2738));
#5689=EDGE_LOOP('',(#2739));
#5690=EDGE_LOOP('',(#2740));
#5691=EDGE_LOOP('',(#2741));
#5692=EDGE_LOOP('',(#2742));
#5693=EDGE_LOOP('',(#2743));
#5694=EDGE_LOOP('',(#2744));
#5695=EDGE_LOOP('',(#2745));
#5696=EDGE_LOOP('',(#2746));
#5697=EDGE_LOOP('',(#2747));
#5698=EDGE_LOOP('',(#2748));
#5699=EDGE_LOOP('',(#2749));
#5700=EDGE_LOOP('',(#2750));
#5701=EDGE_LOOP('',(#2751));
#5702=EDGE_LOOP('',(#2752));
#5703=EDGE_LOOP('',(#2753));
#5704=EDGE_LOOP('',(#2754));
#5705=EDGE_LOOP('',(#2755));
#5706=EDGE_LOOP('',(#2756));
#5707=EDGE_LOOP('',(#2757));
#5708=EDGE_LOOP('',(#2758));
#5709=EDGE_LOOP('',(#2759));
#5710=EDGE_LOOP('',(#2760));
#5711=EDGE_LOOP('',(#2761));
#5712=EDGE_LOOP('',(#2762));
#5713=EDGE_LOOP('',(#2763));
#5714=EDGE_LOOP('',(#2764));
#5715=EDGE_LOOP('',(#2765));
#5716=EDGE_LOOP('',(#2766));
#5717=EDGE_LOOP('',(#2767));
#5718=EDGE_LOOP('',(#2768));
#5719=EDGE_LOOP('',(#2769));
#5720=EDGE_LOOP('',(#2770));
#5721=EDGE_LOOP('',(#2771));
#5722=EDGE_LOOP('',(#2772));
#5723=EDGE_LOOP('',(#2773));
#5724=EDGE_LOOP('',(#2774));
#5725=EDGE_LOOP('',(#2775));
#5726=EDGE_LOOP('',(#2776));
#5727=EDGE_LOOP('',(#2777));
#5728=EDGE_LOOP('',(#2778));
#5729=EDGE_LOOP('',(#2779));
#5730=EDGE_LOOP('',(#2780));
#5731=EDGE_LOOP('',(#2781));
#5732=EDGE_LOOP('',(#2782));
#5733=EDGE_LOOP('',(#2783));
#5734=EDGE_LOOP('',(#2784));
#5735=EDGE_LOOP('',(#2785));
#5736=EDGE_LOOP('',(#2786));
#5737=EDGE_LOOP('',(#2787));
#5738=EDGE_LOOP('',(#2788));
#5739=EDGE_LOOP('',(#2789));
#5740=EDGE_LOOP('',(#2790));
#5741=EDGE_LOOP('',(#2791,#2792));
#5742=EDGE_LOOP('',(#2793,#2794));
#5743=EDGE_LOOP('',(#2795,#2796));
#5744=EDGE_LOOP('',(#2797,#2798));
#5745=EDGE_LOOP('',(#2799));
#5746=EDGE_LOOP('',(#2800));
#5747=EDGE_LOOP('',(#2801,#2802,#2803,#2804,#2805,#2806));
#5748=EDGE_LOOP('',(#2807,#2808,#2809,#2810));
#5749=EDGE_LOOP('',(#2811));
#5750=EDGE_LOOP('',(#2812,#2813,#2814,#2815));
#5751=EDGE_LOOP('',(#2816,#2817,#2818,#2819));
#5752=EDGE_LOOP('',(#2820));
#5753=EDGE_LOOP('',(#2821,#2822,#2823,#2824));
#5754=EDGE_LOOP('',(#2825,#2826,#2827,#2828));
#5755=EDGE_LOOP('',(#2829));
#5756=EDGE_LOOP('',(#2830,#2831,#2832,#2833));
#5757=EDGE_LOOP('',(#2834,#2835,#2836,#2837));
#5758=EDGE_LOOP('',(#2838,#2839,#2840,#2841,#2842,#2843,#2844,#2845,#2846,
#2847,#2848));
#5759=EDGE_LOOP('',(#2849,#2850,#2851,#2852,#2853,#2854,#2855,#2856,#2857,
#2858,#2859));
#5760=EDGE_LOOP('',(#2860));
#5761=EDGE_LOOP('',(#2861));
#5762=EDGE_LOOP('',(#2862));
#5763=EDGE_LOOP('',(#2863,#2864));
#5764=EDGE_LOOP('',(#2865));
#5765=EDGE_LOOP('',(#2866));
#5766=EDGE_LOOP('',(#2867,#2868,#2869,#2870,#2871,#2872));
#5767=EDGE_LOOP('',(#2873,#2874,#2875,#2876));
#5768=EDGE_LOOP('',(#2877,#2878,#2879,#2880));
#5769=EDGE_LOOP('',(#2881));
#5770=EDGE_LOOP('',(#2882));
#5771=EDGE_LOOP('',(#2883));
#5772=EDGE_LOOP('',(#2884));
#5773=EDGE_LOOP('',(#2885));
#5774=EDGE_LOOP('',(#2886));
#5775=EDGE_LOOP('',(#2887));
#5776=EDGE_LOOP('',(#2888));
#5777=EDGE_LOOP('',(#2889,#2890,#2891,#2892));
#5778=EDGE_LOOP('',(#2893,#2894,#2895,#2896));
#5779=EDGE_LOOP('',(#2897,#2898,#2899,#2900,#2901,#2902,#2903,#2904,#2905,
#2906,#2907,#2908,#2909,#2910,#2911,#2912));
#5780=EDGE_LOOP('',(#2913,#2914,#2915,#2916,#2917,#2918,#2919,#2920,#2921,
#2922,#2923,#2924,#2925,#2926,#2927,#2928));
#5781=EDGE_LOOP('',(#2929));
#5782=EDGE_LOOP('',(#2930,#2931,#2932,#2933));
#5783=EDGE_LOOP('',(#2934,#2935,#2936,#2937));
#5784=EDGE_LOOP('',(#2938));
#5785=EDGE_LOOP('',(#2939));
#5786=EDGE_LOOP('',(#2940,#2941,#2942,#2943));
#5787=EDGE_LOOP('',(#2944));
#5788=EDGE_LOOP('',(#2945));
#5789=EDGE_LOOP('',(#2946,#2947,#2948,#2949));
#5790=EDGE_LOOP('',(#2950));
#5791=EDGE_LOOP('',(#2951,#2952,#2953,#2954));
#5792=EDGE_LOOP('',(#2955));
#5793=EDGE_LOOP('',(#2956));
#5794=EDGE_LOOP('',(#2957,#2958,#2959,#2960));
#5795=EDGE_LOOP('',(#2961,#2962,#2963,#2964));
#5796=EDGE_LOOP('',(#2965,#2966,#2967,#2968));
#5797=EDGE_LOOP('',(#2969,#2970,#2971,#2972));
#5798=EDGE_LOOP('',(#2973,#2974,#2975,#2976));
#5799=EDGE_LOOP('',(#2977,#2978,#2979,#2980));
#5800=EDGE_LOOP('',(#2981,#2982,#2983,#2984));
#5801=EDGE_LOOP('',(#2985,#2986,#2987,#2988));
#5802=EDGE_LOOP('',(#2989,#2990,#2991,#2992));
#5803=EDGE_LOOP('',(#2993,#2994,#2995,#2996));
#5804=EDGE_LOOP('',(#2997,#2998,#2999,#3000));
#5805=EDGE_LOOP('',(#3001,#3002,#3003,#3004));
#5806=EDGE_LOOP('',(#3005,#3006,#3007,#3008));
#5807=EDGE_LOOP('',(#3009,#3010,#3011,#3012));
#5808=EDGE_LOOP('',(#3013,#3014,#3015,#3016));
#5809=EDGE_LOOP('',(#3017,#3018,#3019,#3020));
#5810=EDGE_LOOP('',(#3021,#3022,#3023,#3024));
#5811=EDGE_LOOP('',(#3025,#3026,#3027,#3028));
#5812=EDGE_LOOP('',(#3029,#3030,#3031,#3032));
#5813=EDGE_LOOP('',(#3033,#3034,#3035,#3036));
#5814=EDGE_LOOP('',(#3037,#3038,#3039,#3040));
#5815=EDGE_LOOP('',(#3041,#3042,#3043,#3044));
#5816=EDGE_LOOP('',(#3045));
#5817=EDGE_LOOP('',(#3046));
#5818=EDGE_LOOP('',(#3047));
#5819=EDGE_LOOP('',(#3048));
#5820=EDGE_LOOP('',(#3049));
#5821=EDGE_LOOP('',(#3050));
#5822=EDGE_LOOP('',(#3051));
#5823=EDGE_LOOP('',(#3052));
#5824=EDGE_LOOP('',(#3053));
#5825=EDGE_LOOP('',(#3054));
#5826=EDGE_LOOP('',(#3055));
#5827=EDGE_LOOP('',(#3056));
#5828=EDGE_LOOP('',(#3057));
#5829=EDGE_LOOP('',(#3058));
#5830=EDGE_LOOP('',(#3059,#3060,#3061,#3062));
#5831=EDGE_LOOP('',(#3063,#3064,#3065,#3066));
#5832=EDGE_LOOP('',(#3067,#3068,#3069,#3070));
#5833=EDGE_LOOP('',(#3071,#3072,#3073,#3074));
#5834=EDGE_LOOP('',(#3075,#3076,#3077,#3078));
#5835=EDGE_LOOP('',(#3079));
#5836=EDGE_LOOP('',(#3080));
#5837=EDGE_LOOP('',(#3081));
#5838=EDGE_LOOP('',(#3082));
#5839=EDGE_LOOP('',(#3083));
#5840=EDGE_LOOP('',(#3084));
#5841=EDGE_LOOP('',(#3085));
#5842=EDGE_LOOP('',(#3086,#3087,#3088,#3089,#3090,#3091,#3092,#3093));
#5843=EDGE_LOOP('',(#3094,#3095,#3096,#3097));
#5844=EDGE_LOOP('',(#3098,#3099,#3100,#3101));
#5845=EDGE_LOOP('',(#3102));
#5846=EDGE_LOOP('',(#3103));
#5847=EDGE_LOOP('',(#3104));
#5848=EDGE_LOOP('',(#3105));
#5849=EDGE_LOOP('',(#3106));
#5850=EDGE_LOOP('',(#3107));
#5851=EDGE_LOOP('',(#3108));
#5852=EDGE_LOOP('',(#3109,#3110,#3111,#3112,#3113,#3114,#3115,#3116));
#5853=FACE_BOUND('',#5072,.T.);
#5854=FACE_BOUND('',#5073,.T.);
#5855=FACE_BOUND('',#5074,.T.);
#5856=FACE_BOUND('',#5075,.T.);
#5857=FACE_BOUND('',#5076,.T.);
#5858=FACE_BOUND('',#5077,.T.);
#5859=FACE_BOUND('',#5078,.T.);
#5860=FACE_BOUND('',#5079,.T.);
#5861=FACE_BOUND('',#5080,.T.);
#5862=FACE_BOUND('',#5081,.T.);
#5863=FACE_BOUND('',#5082,.T.);
#5864=FACE_BOUND('',#5083,.T.);
#5865=FACE_BOUND('',#5084,.T.);
#5866=FACE_BOUND('',#5085,.T.);
#5867=FACE_BOUND('',#5086,.T.);
#5868=FACE_BOUND('',#5087,.T.);
#5869=FACE_BOUND('',#5088,.T.);
#5870=FACE_BOUND('',#5089,.T.);
#5871=FACE_BOUND('',#5090,.T.);
#5872=FACE_BOUND('',#5091,.T.);
#5873=FACE_BOUND('',#5092,.T.);
#5874=FACE_BOUND('',#5093,.T.);
#5875=FACE_BOUND('',#5094,.T.);
#5876=FACE_BOUND('',#5095,.T.);
#5877=FACE_BOUND('',#5096,.T.);
#5878=FACE_BOUND('',#5097,.T.);
#5879=FACE_BOUND('',#5098,.T.);
#5880=FACE_BOUND('',#5099,.T.);
#5881=FACE_BOUND('',#5100,.T.);
#5882=FACE_BOUND('',#5101,.T.);
#5883=FACE_BOUND('',#5102,.T.);
#5884=FACE_BOUND('',#5103,.T.);
#5885=FACE_BOUND('',#5104,.T.);
#5886=FACE_BOUND('',#5105,.T.);
#5887=FACE_BOUND('',#5106,.T.);
#5888=FACE_BOUND('',#5107,.T.);
#5889=FACE_BOUND('',#5108,.T.);
#5890=FACE_BOUND('',#5109,.T.);
#5891=FACE_BOUND('',#5110,.T.);
#5892=FACE_BOUND('',#5111,.T.);
#5893=FACE_BOUND('',#5112,.T.);
#5894=FACE_BOUND('',#5113,.T.);
#5895=FACE_BOUND('',#5114,.T.);
#5896=FACE_BOUND('',#5115,.T.);
#5897=FACE_BOUND('',#5116,.T.);
#5898=FACE_BOUND('',#5117,.T.);
#5899=FACE_BOUND('',#5118,.T.);
#5900=FACE_BOUND('',#5119,.T.);
#5901=FACE_BOUND('',#5120,.T.);
#5902=FACE_BOUND('',#5121,.T.);
#5903=FACE_BOUND('',#5122,.T.);
#5904=FACE_BOUND('',#5123,.T.);
#5905=FACE_BOUND('',#5124,.T.);
#5906=FACE_BOUND('',#5125,.T.);
#5907=FACE_BOUND('',#5126,.T.);
#5908=FACE_BOUND('',#5127,.T.);
#5909=FACE_BOUND('',#5128,.T.);
#5910=FACE_BOUND('',#5129,.T.);
#5911=FACE_BOUND('',#5130,.T.);
#5912=FACE_BOUND('',#5131,.T.);
#5913=FACE_BOUND('',#5132,.T.);
#5914=FACE_BOUND('',#5133,.T.);
#5915=FACE_BOUND('',#5134,.T.);
#5916=FACE_BOUND('',#5135,.T.);
#5917=FACE_BOUND('',#5136,.T.);
#5918=FACE_BOUND('',#5137,.T.);
#5919=FACE_BOUND('',#5138,.T.);
#5920=FACE_BOUND('',#5139,.T.);
#5921=FACE_BOUND('',#5140,.T.);
#5922=FACE_BOUND('',#5141,.T.);
#5923=FACE_BOUND('',#5142,.T.);
#5924=FACE_BOUND('',#5143,.T.);
#5925=FACE_BOUND('',#5144,.T.);
#5926=FACE_BOUND('',#5145,.T.);
#5927=FACE_BOUND('',#5146,.T.);
#5928=FACE_BOUND('',#5147,.T.);
#5929=FACE_BOUND('',#5148,.T.);
#5930=FACE_BOUND('',#5149,.T.);
#5931=FACE_BOUND('',#5150,.T.);
#5932=FACE_BOUND('',#5151,.T.);
#5933=FACE_BOUND('',#5152,.T.);
#5934=FACE_BOUND('',#5153,.T.);
#5935=FACE_BOUND('',#5154,.T.);
#5936=FACE_BOUND('',#5155,.T.);
#5937=FACE_BOUND('',#5156,.T.);
#5938=FACE_BOUND('',#5157,.T.);
#5939=FACE_BOUND('',#5158,.T.);
#5940=FACE_BOUND('',#5159,.T.);
#5941=FACE_BOUND('',#5160,.T.);
#5942=FACE_BOUND('',#5161,.T.);
#5943=FACE_BOUND('',#5162,.T.);
#5944=FACE_BOUND('',#5163,.T.);
#5945=FACE_BOUND('',#5164,.T.);
#5946=FACE_BOUND('',#5165,.T.);
#5947=FACE_BOUND('',#5166,.T.);
#5948=FACE_BOUND('',#5167,.T.);
#5949=FACE_BOUND('',#5168,.T.);
#5950=FACE_BOUND('',#5169,.T.);
#5951=FACE_BOUND('',#5170,.T.);
#5952=FACE_BOUND('',#5171,.T.);
#5953=FACE_BOUND('',#5172,.T.);
#5954=FACE_BOUND('',#5173,.T.);
#5955=FACE_BOUND('',#5174,.T.);
#5956=FACE_BOUND('',#5175,.T.);
#5957=FACE_BOUND('',#5176,.T.);
#5958=FACE_BOUND('',#5177,.T.);
#5959=FACE_BOUND('',#5178,.T.);
#5960=FACE_BOUND('',#5179,.T.);
#5961=FACE_BOUND('',#5180,.T.);
#5962=FACE_BOUND('',#5181,.T.);
#5963=FACE_BOUND('',#5182,.T.);
#5964=FACE_BOUND('',#5183,.T.);
#5965=FACE_BOUND('',#5184,.T.);
#5966=FACE_BOUND('',#5185,.T.);
#5967=FACE_BOUND('',#5186,.T.);
#5968=FACE_BOUND('',#5187,.T.);
#5969=FACE_BOUND('',#5188,.T.);
#5970=FACE_BOUND('',#5189,.T.);
#5971=FACE_BOUND('',#5190,.T.);
#5972=FACE_BOUND('',#5191,.T.);
#5973=FACE_BOUND('',#5192,.T.);
#5974=FACE_BOUND('',#5193,.T.);
#5975=FACE_BOUND('',#5194,.T.);
#5976=FACE_BOUND('',#5195,.T.);
#5977=FACE_BOUND('',#5196,.T.);
#5978=FACE_BOUND('',#5197,.T.);
#5979=FACE_BOUND('',#5198,.T.);
#5980=FACE_BOUND('',#5199,.T.);
#5981=FACE_BOUND('',#5200,.T.);
#5982=FACE_BOUND('',#5201,.T.);
#5983=FACE_BOUND('',#5202,.T.);
#5984=FACE_BOUND('',#5203,.T.);
#5985=FACE_BOUND('',#5204,.T.);
#5986=FACE_BOUND('',#5205,.T.);
#5987=FACE_BOUND('',#5206,.T.);
#5988=FACE_BOUND('',#5207,.T.);
#5989=FACE_BOUND('',#5208,.T.);
#5990=FACE_BOUND('',#5209,.T.);
#5991=FACE_BOUND('',#5210,.T.);
#5992=FACE_BOUND('',#5211,.T.);
#5993=FACE_BOUND('',#5212,.T.);
#5994=FACE_BOUND('',#5213,.T.);
#5995=FACE_BOUND('',#5214,.T.);
#5996=FACE_BOUND('',#5215,.T.);
#5997=FACE_BOUND('',#5216,.T.);
#5998=FACE_BOUND('',#5217,.T.);
#5999=FACE_BOUND('',#5218,.T.);
#6000=FACE_BOUND('',#5219,.T.);
#6001=FACE_BOUND('',#5220,.T.);
#6002=FACE_BOUND('',#5221,.T.);
#6003=FACE_BOUND('',#5222,.T.);
#6004=FACE_BOUND('',#5223,.T.);
#6005=FACE_BOUND('',#5224,.T.);
#6006=FACE_BOUND('',#5225,.T.);
#6007=FACE_BOUND('',#5226,.T.);
#6008=FACE_BOUND('',#5227,.T.);
#6009=FACE_BOUND('',#5228,.T.);
#6010=FACE_BOUND('',#5229,.T.);
#6011=FACE_BOUND('',#5230,.T.);
#6012=FACE_BOUND('',#5231,.T.);
#6013=FACE_BOUND('',#5232,.T.);
#6014=FACE_BOUND('',#5233,.T.);
#6015=FACE_BOUND('',#5234,.T.);
#6016=FACE_BOUND('',#5235,.T.);
#6017=FACE_BOUND('',#5236,.T.);
#6018=FACE_BOUND('',#5237,.T.);
#6019=FACE_BOUND('',#5238,.T.);
#6020=FACE_BOUND('',#5239,.T.);
#6021=FACE_BOUND('',#5240,.T.);
#6022=FACE_BOUND('',#5241,.T.);
#6023=FACE_BOUND('',#5242,.T.);
#6024=FACE_BOUND('',#5243,.T.);
#6025=FACE_BOUND('',#5244,.T.);
#6026=FACE_BOUND('',#5245,.T.);
#6027=FACE_BOUND('',#5246,.T.);
#6028=FACE_BOUND('',#5247,.T.);
#6029=FACE_BOUND('',#5248,.T.);
#6030=FACE_BOUND('',#5249,.T.);
#6031=FACE_BOUND('',#5250,.T.);
#6032=FACE_BOUND('',#5251,.T.);
#6033=FACE_BOUND('',#5252,.T.);
#6034=FACE_BOUND('',#5253,.T.);
#6035=FACE_BOUND('',#5254,.T.);
#6036=FACE_BOUND('',#5255,.T.);
#6037=FACE_BOUND('',#5256,.T.);
#6038=FACE_BOUND('',#5257,.T.);
#6039=FACE_BOUND('',#5258,.T.);
#6040=FACE_BOUND('',#5259,.T.);
#6041=FACE_BOUND('',#5260,.T.);
#6042=FACE_BOUND('',#5261,.T.);
#6043=FACE_BOUND('',#5262,.T.);
#6044=FACE_BOUND('',#5263,.T.);
#6045=FACE_BOUND('',#5264,.T.);
#6046=FACE_BOUND('',#5265,.T.);
#6047=FACE_BOUND('',#5266,.T.);
#6048=FACE_BOUND('',#5267,.T.);
#6049=FACE_BOUND('',#5268,.T.);
#6050=FACE_BOUND('',#5269,.T.);
#6051=FACE_BOUND('',#5270,.T.);
#6052=FACE_BOUND('',#5271,.T.);
#6053=FACE_BOUND('',#5272,.T.);
#6054=FACE_BOUND('',#5273,.T.);
#6055=FACE_BOUND('',#5274,.T.);
#6056=FACE_BOUND('',#5275,.T.);
#6057=FACE_BOUND('',#5276,.T.);
#6058=FACE_BOUND('',#5277,.T.);
#6059=FACE_BOUND('',#5278,.T.);
#6060=FACE_BOUND('',#5279,.T.);
#6061=FACE_BOUND('',#5280,.T.);
#6062=FACE_BOUND('',#5281,.T.);
#6063=FACE_BOUND('',#5282,.T.);
#6064=FACE_BOUND('',#5283,.T.);
#6065=FACE_BOUND('',#5284,.T.);
#6066=FACE_BOUND('',#5285,.T.);
#6067=FACE_BOUND('',#5286,.T.);
#6068=FACE_BOUND('',#5287,.T.);
#6069=FACE_BOUND('',#5288,.T.);
#6070=FACE_BOUND('',#5289,.T.);
#6071=FACE_BOUND('',#5290,.T.);
#6072=FACE_BOUND('',#5291,.T.);
#6073=FACE_BOUND('',#5292,.T.);
#6074=FACE_BOUND('',#5293,.T.);
#6075=FACE_BOUND('',#5294,.T.);
#6076=FACE_BOUND('',#5295,.T.);
#6077=FACE_BOUND('',#5296,.T.);
#6078=FACE_BOUND('',#5297,.T.);
#6079=FACE_BOUND('',#5298,.T.);
#6080=FACE_BOUND('',#5299,.T.);
#6081=FACE_BOUND('',#5300,.T.);
#6082=FACE_BOUND('',#5301,.T.);
#6083=FACE_BOUND('',#5302,.T.);
#6084=FACE_BOUND('',#5303,.T.);
#6085=FACE_BOUND('',#5304,.T.);
#6086=FACE_BOUND('',#5305,.T.);
#6087=FACE_BOUND('',#5306,.T.);
#6088=FACE_BOUND('',#5307,.T.);
#6089=FACE_BOUND('',#5308,.T.);
#6090=FACE_BOUND('',#5309,.T.);
#6091=FACE_BOUND('',#5310,.T.);
#6092=FACE_BOUND('',#5311,.T.);
#6093=FACE_BOUND('',#5312,.T.);
#6094=FACE_BOUND('',#5313,.T.);
#6095=FACE_BOUND('',#5314,.T.);
#6096=FACE_BOUND('',#5315,.T.);
#6097=FACE_BOUND('',#5316,.T.);
#6098=FACE_BOUND('',#5317,.T.);
#6099=FACE_BOUND('',#5318,.T.);
#6100=FACE_BOUND('',#5319,.T.);
#6101=FACE_BOUND('',#5320,.T.);
#6102=FACE_BOUND('',#5321,.T.);
#6103=FACE_BOUND('',#5322,.T.);
#6104=FACE_BOUND('',#5323,.T.);
#6105=FACE_BOUND('',#5324,.T.);
#6106=FACE_BOUND('',#5325,.T.);
#6107=FACE_BOUND('',#5326,.T.);
#6108=FACE_BOUND('',#5327,.T.);
#6109=FACE_BOUND('',#5328,.T.);
#6110=FACE_BOUND('',#5329,.T.);
#6111=FACE_BOUND('',#5330,.T.);
#6112=FACE_BOUND('',#5331,.T.);
#6113=FACE_BOUND('',#5332,.T.);
#6114=FACE_BOUND('',#5333,.T.);
#6115=FACE_BOUND('',#5334,.T.);
#6116=FACE_BOUND('',#5335,.T.);
#6117=FACE_BOUND('',#5336,.T.);
#6118=FACE_BOUND('',#5337,.T.);
#6119=FACE_BOUND('',#5338,.T.);
#6120=FACE_BOUND('',#5339,.T.);
#6121=FACE_BOUND('',#5340,.T.);
#6122=FACE_BOUND('',#5341,.T.);
#6123=FACE_BOUND('',#5342,.T.);
#6124=FACE_BOUND('',#5343,.T.);
#6125=FACE_BOUND('',#5344,.T.);
#6126=FACE_BOUND('',#5345,.T.);
#6127=FACE_BOUND('',#5346,.T.);
#6128=FACE_BOUND('',#5347,.T.);
#6129=FACE_BOUND('',#5348,.T.);
#6130=FACE_BOUND('',#5349,.T.);
#6131=FACE_BOUND('',#5350,.T.);
#6132=FACE_BOUND('',#5351,.T.);
#6133=FACE_BOUND('',#5352,.T.);
#6134=FACE_BOUND('',#5353,.T.);
#6135=FACE_BOUND('',#5354,.T.);
#6136=FACE_BOUND('',#5355,.T.);
#6137=FACE_BOUND('',#5356,.T.);
#6138=FACE_BOUND('',#5357,.T.);
#6139=FACE_BOUND('',#5358,.T.);
#6140=FACE_BOUND('',#5359,.T.);
#6141=FACE_BOUND('',#5360,.T.);
#6142=FACE_BOUND('',#5361,.T.);
#6143=FACE_BOUND('',#5362,.T.);
#6144=FACE_BOUND('',#5363,.T.);
#6145=FACE_BOUND('',#5364,.T.);
#6146=FACE_BOUND('',#5365,.T.);
#6147=FACE_BOUND('',#5366,.T.);
#6148=FACE_BOUND('',#5367,.T.);
#6149=FACE_BOUND('',#5368,.T.);
#6150=FACE_BOUND('',#5369,.T.);
#6151=FACE_BOUND('',#5370,.T.);
#6152=FACE_BOUND('',#5371,.T.);
#6153=FACE_BOUND('',#5372,.T.);
#6154=FACE_BOUND('',#5373,.T.);
#6155=FACE_BOUND('',#5374,.T.);
#6156=FACE_BOUND('',#5375,.T.);
#6157=FACE_BOUND('',#5376,.T.);
#6158=FACE_BOUND('',#5377,.T.);
#6159=FACE_BOUND('',#5378,.T.);
#6160=FACE_BOUND('',#5379,.T.);
#6161=FACE_BOUND('',#5380,.T.);
#6162=FACE_BOUND('',#5381,.T.);
#6163=FACE_BOUND('',#5382,.T.);
#6164=FACE_BOUND('',#5383,.T.);
#6165=FACE_BOUND('',#5384,.T.);
#6166=FACE_BOUND('',#5385,.T.);
#6167=FACE_BOUND('',#5386,.T.);
#6168=FACE_BOUND('',#5387,.T.);
#6169=FACE_BOUND('',#5388,.T.);
#6170=FACE_BOUND('',#5389,.T.);
#6171=FACE_BOUND('',#5390,.T.);
#6172=FACE_BOUND('',#5391,.T.);
#6173=FACE_BOUND('',#5392,.T.);
#6174=FACE_BOUND('',#5393,.T.);
#6175=FACE_BOUND('',#5394,.T.);
#6176=FACE_BOUND('',#5395,.T.);
#6177=FACE_BOUND('',#5396,.T.);
#6178=FACE_BOUND('',#5397,.T.);
#6179=FACE_BOUND('',#5398,.T.);
#6180=FACE_BOUND('',#5399,.T.);
#6181=FACE_BOUND('',#5400,.T.);
#6182=FACE_BOUND('',#5401,.T.);
#6183=FACE_BOUND('',#5402,.T.);
#6184=FACE_BOUND('',#5403,.T.);
#6185=FACE_BOUND('',#5404,.T.);
#6186=FACE_BOUND('',#5405,.T.);
#6187=FACE_BOUND('',#5406,.T.);
#6188=FACE_BOUND('',#5407,.T.);
#6189=FACE_BOUND('',#5408,.T.);
#6190=FACE_BOUND('',#5409,.T.);
#6191=FACE_BOUND('',#5410,.T.);
#6192=FACE_BOUND('',#5411,.T.);
#6193=FACE_BOUND('',#5412,.T.);
#6194=FACE_BOUND('',#5413,.T.);
#6195=FACE_BOUND('',#5414,.T.);
#6196=FACE_BOUND('',#5415,.T.);
#6197=FACE_BOUND('',#5416,.T.);
#6198=FACE_BOUND('',#5417,.T.);
#6199=FACE_BOUND('',#5418,.T.);
#6200=FACE_BOUND('',#5419,.T.);
#6201=FACE_BOUND('',#5420,.T.);
#6202=FACE_BOUND('',#5421,.T.);
#6203=FACE_BOUND('',#5422,.T.);
#6204=FACE_BOUND('',#5423,.T.);
#6205=FACE_BOUND('',#5424,.T.);
#6206=FACE_BOUND('',#5425,.T.);
#6207=FACE_BOUND('',#5426,.T.);
#6208=FACE_BOUND('',#5427,.T.);
#6209=FACE_BOUND('',#5428,.T.);
#6210=FACE_BOUND('',#5429,.T.);
#6211=FACE_BOUND('',#5430,.T.);
#6212=FACE_BOUND('',#5431,.T.);
#6213=FACE_BOUND('',#5432,.T.);
#6214=FACE_BOUND('',#5433,.T.);
#6215=FACE_BOUND('',#5434,.T.);
#6216=FACE_BOUND('',#5435,.T.);
#6217=FACE_BOUND('',#5436,.T.);
#6218=FACE_BOUND('',#5437,.T.);
#6219=FACE_BOUND('',#5438,.T.);
#6220=FACE_BOUND('',#5439,.T.);
#6221=FACE_BOUND('',#5440,.T.);
#6222=FACE_BOUND('',#5441,.T.);
#6223=FACE_BOUND('',#5442,.T.);
#6224=FACE_BOUND('',#5443,.T.);
#6225=FACE_BOUND('',#5444,.T.);
#6226=FACE_BOUND('',#5445,.T.);
#6227=FACE_BOUND('',#5446,.T.);
#6228=FACE_BOUND('',#5447,.T.);
#6229=FACE_BOUND('',#5448,.T.);
#6230=FACE_BOUND('',#5449,.T.);
#6231=FACE_BOUND('',#5450,.T.);
#6232=FACE_BOUND('',#5451,.T.);
#6233=FACE_BOUND('',#5452,.T.);
#6234=FACE_BOUND('',#5453,.T.);
#6235=FACE_BOUND('',#5454,.T.);
#6236=FACE_BOUND('',#5455,.T.);
#6237=FACE_BOUND('',#5456,.T.);
#6238=FACE_BOUND('',#5457,.T.);
#6239=FACE_BOUND('',#5458,.T.);
#6240=FACE_BOUND('',#5459,.T.);
#6241=FACE_BOUND('',#5460,.T.);
#6242=FACE_BOUND('',#5461,.T.);
#6243=FACE_BOUND('',#5462,.T.);
#6244=FACE_BOUND('',#5463,.T.);
#6245=FACE_BOUND('',#5464,.T.);
#6246=FACE_BOUND('',#5465,.T.);
#6247=FACE_BOUND('',#5466,.T.);
#6248=FACE_BOUND('',#5467,.T.);
#6249=FACE_BOUND('',#5468,.T.);
#6250=FACE_BOUND('',#5469,.T.);
#6251=FACE_BOUND('',#5470,.T.);
#6252=FACE_BOUND('',#5471,.T.);
#6253=FACE_BOUND('',#5472,.T.);
#6254=FACE_BOUND('',#5473,.T.);
#6255=FACE_BOUND('',#5474,.T.);
#6256=FACE_BOUND('',#5475,.T.);
#6257=FACE_BOUND('',#5476,.T.);
#6258=FACE_BOUND('',#5477,.T.);
#6259=FACE_BOUND('',#5478,.T.);
#6260=FACE_BOUND('',#5479,.T.);
#6261=FACE_BOUND('',#5480,.T.);
#6262=FACE_BOUND('',#5481,.T.);
#6263=FACE_BOUND('',#5482,.T.);
#6264=FACE_BOUND('',#5483,.T.);
#6265=FACE_BOUND('',#5484,.T.);
#6266=FACE_BOUND('',#5485,.T.);
#6267=FACE_BOUND('',#5486,.T.);
#6268=FACE_BOUND('',#5487,.T.);
#6269=FACE_BOUND('',#5488,.T.);
#6270=FACE_BOUND('',#5489,.T.);
#6271=FACE_BOUND('',#5490,.T.);
#6272=FACE_BOUND('',#5491,.T.);
#6273=FACE_BOUND('',#5492,.T.);
#6274=FACE_BOUND('',#5493,.T.);
#6275=FACE_BOUND('',#5494,.T.);
#6276=FACE_BOUND('',#5495,.T.);
#6277=FACE_BOUND('',#5496,.T.);
#6278=FACE_BOUND('',#5497,.T.);
#6279=FACE_BOUND('',#5498,.T.);
#6280=FACE_BOUND('',#5499,.T.);
#6281=FACE_BOUND('',#5500,.T.);
#6282=FACE_BOUND('',#5501,.T.);
#6283=FACE_BOUND('',#5502,.T.);
#6284=FACE_BOUND('',#5503,.T.);
#6285=FACE_BOUND('',#5504,.T.);
#6286=FACE_BOUND('',#5505,.T.);
#6287=FACE_BOUND('',#5506,.T.);
#6288=FACE_BOUND('',#5507,.T.);
#6289=FACE_BOUND('',#5508,.T.);
#6290=FACE_BOUND('',#5509,.T.);
#6291=FACE_BOUND('',#5510,.T.);
#6292=FACE_BOUND('',#5511,.T.);
#6293=FACE_BOUND('',#5512,.T.);
#6294=FACE_BOUND('',#5513,.T.);
#6295=FACE_BOUND('',#5514,.T.);
#6296=FACE_BOUND('',#5515,.T.);
#6297=FACE_BOUND('',#5516,.T.);
#6298=FACE_BOUND('',#5517,.T.);
#6299=FACE_BOUND('',#5518,.T.);
#6300=FACE_BOUND('',#5519,.T.);
#6301=FACE_BOUND('',#5520,.T.);
#6302=FACE_BOUND('',#5521,.T.);
#6303=FACE_BOUND('',#5522,.T.);
#6304=FACE_BOUND('',#5523,.T.);
#6305=FACE_BOUND('',#5524,.T.);
#6306=FACE_BOUND('',#5525,.T.);
#6307=FACE_BOUND('',#5526,.T.);
#6308=FACE_BOUND('',#5527,.T.);
#6309=FACE_BOUND('',#5528,.T.);
#6310=FACE_BOUND('',#5529,.T.);
#6311=FACE_BOUND('',#5530,.T.);
#6312=FACE_BOUND('',#5531,.T.);
#6313=FACE_BOUND('',#5532,.T.);
#6314=FACE_BOUND('',#5533,.T.);
#6315=FACE_BOUND('',#5534,.T.);
#6316=FACE_BOUND('',#5535,.T.);
#6317=FACE_BOUND('',#5536,.T.);
#6318=FACE_BOUND('',#5537,.T.);
#6319=FACE_BOUND('',#5538,.T.);
#6320=FACE_BOUND('',#5539,.T.);
#6321=FACE_BOUND('',#5540,.T.);
#6322=FACE_BOUND('',#5541,.T.);
#6323=FACE_BOUND('',#5542,.T.);
#6324=FACE_BOUND('',#5543,.T.);
#6325=FACE_BOUND('',#5544,.T.);
#6326=FACE_BOUND('',#5545,.T.);
#6327=FACE_BOUND('',#5546,.T.);
#6328=FACE_BOUND('',#5547,.T.);
#6329=FACE_BOUND('',#5548,.T.);
#6330=FACE_BOUND('',#5549,.T.);
#6331=FACE_BOUND('',#5550,.T.);
#6332=FACE_BOUND('',#5551,.T.);
#6333=FACE_BOUND('',#5552,.T.);
#6334=FACE_BOUND('',#5553,.T.);
#6335=FACE_BOUND('',#5554,.T.);
#6336=FACE_BOUND('',#5555,.T.);
#6337=FACE_BOUND('',#5556,.T.);
#6338=FACE_BOUND('',#5557,.T.);
#6339=FACE_BOUND('',#5558,.T.);
#6340=FACE_BOUND('',#5559,.T.);
#6341=FACE_BOUND('',#5560,.T.);
#6342=FACE_BOUND('',#5561,.T.);
#6343=FACE_BOUND('',#5562,.T.);
#6344=FACE_BOUND('',#5563,.T.);
#6345=FACE_BOUND('',#5564,.T.);
#6346=FACE_BOUND('',#5565,.T.);
#6347=FACE_BOUND('',#5566,.T.);
#6348=FACE_BOUND('',#5567,.T.);
#6349=FACE_BOUND('',#5568,.T.);
#6350=FACE_BOUND('',#5569,.T.);
#6351=FACE_BOUND('',#5570,.T.);
#6352=FACE_BOUND('',#5571,.T.);
#6353=FACE_BOUND('',#5572,.T.);
#6354=FACE_BOUND('',#5573,.T.);
#6355=FACE_BOUND('',#5574,.T.);
#6356=FACE_BOUND('',#5575,.T.);
#6357=FACE_BOUND('',#5576,.T.);
#6358=FACE_BOUND('',#5577,.T.);
#6359=FACE_BOUND('',#5578,.T.);
#6360=FACE_BOUND('',#5579,.T.);
#6361=FACE_BOUND('',#5580,.T.);
#6362=FACE_BOUND('',#5581,.T.);
#6363=FACE_BOUND('',#5582,.T.);
#6364=FACE_BOUND('',#5583,.T.);
#6365=FACE_BOUND('',#5584,.T.);
#6366=FACE_BOUND('',#5585,.T.);
#6367=FACE_BOUND('',#5586,.T.);
#6368=FACE_BOUND('',#5587,.T.);
#6369=FACE_BOUND('',#5588,.T.);
#6370=FACE_BOUND('',#5589,.T.);
#6371=FACE_BOUND('',#5590,.T.);
#6372=FACE_BOUND('',#5591,.T.);
#6373=FACE_BOUND('',#5592,.T.);
#6374=FACE_BOUND('',#5593,.T.);
#6375=FACE_BOUND('',#5594,.T.);
#6376=FACE_BOUND('',#5595,.T.);
#6377=FACE_BOUND('',#5596,.T.);
#6378=FACE_BOUND('',#5597,.T.);
#6379=FACE_BOUND('',#5598,.T.);
#6380=FACE_BOUND('',#5599,.T.);
#6381=FACE_BOUND('',#5600,.T.);
#6382=FACE_BOUND('',#5601,.T.);
#6383=FACE_BOUND('',#5602,.T.);
#6384=FACE_BOUND('',#5603,.T.);
#6385=FACE_BOUND('',#5604,.T.);
#6386=FACE_BOUND('',#5605,.T.);
#6387=FACE_BOUND('',#5606,.T.);
#6388=FACE_BOUND('',#5607,.T.);
#6389=FACE_BOUND('',#5608,.T.);
#6390=FACE_BOUND('',#5609,.T.);
#6391=FACE_BOUND('',#5610,.T.);
#6392=FACE_BOUND('',#5611,.T.);
#6393=FACE_BOUND('',#5612,.T.);
#6394=FACE_BOUND('',#5613,.T.);
#6395=FACE_BOUND('',#5614,.T.);
#6396=FACE_BOUND('',#5615,.T.);
#6397=FACE_BOUND('',#5616,.T.);
#6398=FACE_BOUND('',#5617,.T.);
#6399=FACE_BOUND('',#5618,.T.);
#6400=FACE_BOUND('',#5619,.T.);
#6401=FACE_BOUND('',#5620,.T.);
#6402=FACE_BOUND('',#5621,.T.);
#6403=FACE_BOUND('',#5622,.T.);
#6404=FACE_BOUND('',#5623,.T.);
#6405=FACE_BOUND('',#5624,.T.);
#6406=FACE_BOUND('',#5625,.T.);
#6407=FACE_BOUND('',#5626,.T.);
#6408=FACE_BOUND('',#5627,.T.);
#6409=FACE_BOUND('',#5628,.T.);
#6410=FACE_BOUND('',#5629,.T.);
#6411=FACE_BOUND('',#5630,.T.);
#6412=FACE_BOUND('',#5631,.T.);
#6413=FACE_BOUND('',#5632,.T.);
#6414=FACE_BOUND('',#5633,.T.);
#6415=FACE_BOUND('',#5634,.T.);
#6416=FACE_BOUND('',#5635,.T.);
#6417=FACE_BOUND('',#5636,.T.);
#6418=FACE_BOUND('',#5637,.T.);
#6419=FACE_BOUND('',#5638,.T.);
#6420=FACE_BOUND('',#5639,.T.);
#6421=FACE_BOUND('',#5640,.T.);
#6422=FACE_BOUND('',#5641,.T.);
#6423=FACE_BOUND('',#5642,.T.);
#6424=FACE_BOUND('',#5643,.T.);
#6425=FACE_BOUND('',#5644,.T.);
#6426=FACE_BOUND('',#5645,.T.);
#6427=FACE_BOUND('',#5646,.T.);
#6428=FACE_BOUND('',#5647,.T.);
#6429=FACE_BOUND('',#5648,.T.);
#6430=FACE_BOUND('',#5649,.T.);
#6431=FACE_BOUND('',#5650,.T.);
#6432=FACE_BOUND('',#5651,.T.);
#6433=FACE_BOUND('',#5652,.T.);
#6434=FACE_BOUND('',#5653,.T.);
#6435=FACE_BOUND('',#5654,.T.);
#6436=FACE_BOUND('',#5655,.T.);
#6437=FACE_BOUND('',#5656,.T.);
#6438=FACE_BOUND('',#5657,.T.);
#6439=FACE_BOUND('',#5658,.T.);
#6440=FACE_BOUND('',#5659,.T.);
#6441=FACE_BOUND('',#5660,.T.);
#6442=FACE_BOUND('',#5661,.T.);
#6443=FACE_BOUND('',#5662,.T.);
#6444=FACE_BOUND('',#5663,.T.);
#6445=FACE_BOUND('',#5664,.T.);
#6446=FACE_BOUND('',#5665,.T.);
#6447=FACE_BOUND('',#5666,.T.);
#6448=FACE_BOUND('',#5667,.T.);
#6449=FACE_BOUND('',#5668,.T.);
#6450=FACE_BOUND('',#5669,.T.);
#6451=FACE_BOUND('',#5670,.T.);
#6452=FACE_BOUND('',#5671,.T.);
#6453=FACE_BOUND('',#5672,.T.);
#6454=FACE_BOUND('',#5673,.T.);
#6455=FACE_BOUND('',#5674,.T.);
#6456=FACE_BOUND('',#5675,.T.);
#6457=FACE_BOUND('',#5676,.T.);
#6458=FACE_BOUND('',#5677,.T.);
#6459=FACE_BOUND('',#5678,.T.);
#6460=FACE_BOUND('',#5679,.T.);
#6461=FACE_BOUND('',#5680,.T.);
#6462=FACE_BOUND('',#5681,.T.);
#6463=FACE_BOUND('',#5682,.T.);
#6464=FACE_BOUND('',#5683,.T.);
#6465=FACE_BOUND('',#5684,.T.);
#6466=FACE_BOUND('',#5685,.T.);
#6467=FACE_BOUND('',#5686,.T.);
#6468=FACE_BOUND('',#5687,.T.);
#6469=FACE_BOUND('',#5688,.T.);
#6470=FACE_BOUND('',#5689,.T.);
#6471=FACE_BOUND('',#5690,.T.);
#6472=FACE_BOUND('',#5691,.T.);
#6473=FACE_BOUND('',#5692,.T.);
#6474=FACE_BOUND('',#5693,.T.);
#6475=FACE_BOUND('',#5694,.T.);
#6476=FACE_BOUND('',#5695,.T.);
#6477=FACE_BOUND('',#5696,.T.);
#6478=FACE_BOUND('',#5697,.T.);
#6479=FACE_BOUND('',#5698,.T.);
#6480=FACE_BOUND('',#5699,.T.);
#6481=FACE_BOUND('',#5700,.T.);
#6482=FACE_BOUND('',#5701,.T.);
#6483=FACE_BOUND('',#5702,.T.);
#6484=FACE_BOUND('',#5703,.T.);
#6485=FACE_BOUND('',#5704,.T.);
#6486=FACE_BOUND('',#5705,.T.);
#6487=FACE_BOUND('',#5706,.T.);
#6488=FACE_BOUND('',#5707,.T.);
#6489=FACE_BOUND('',#5708,.T.);
#6490=FACE_BOUND('',#5709,.T.);
#6491=FACE_BOUND('',#5710,.T.);
#6492=FACE_BOUND('',#5711,.T.);
#6493=FACE_BOUND('',#5712,.T.);
#6494=FACE_BOUND('',#5713,.T.);
#6495=FACE_BOUND('',#5714,.T.);
#6496=FACE_BOUND('',#5715,.T.);
#6497=FACE_BOUND('',#5716,.T.);
#6498=FACE_BOUND('',#5717,.T.);
#6499=FACE_BOUND('',#5718,.T.);
#6500=FACE_BOUND('',#5719,.T.);
#6501=FACE_BOUND('',#5720,.T.);
#6502=FACE_BOUND('',#5721,.T.);
#6503=FACE_BOUND('',#5722,.T.);
#6504=FACE_BOUND('',#5723,.T.);
#6505=FACE_BOUND('',#5724,.T.);
#6506=FACE_BOUND('',#5725,.T.);
#6507=FACE_BOUND('',#5726,.T.);
#6508=FACE_BOUND('',#5727,.T.);
#6509=FACE_BOUND('',#5728,.T.);
#6510=FACE_BOUND('',#5729,.T.);
#6511=FACE_BOUND('',#5730,.T.);
#6512=FACE_BOUND('',#5731,.T.);
#6513=FACE_BOUND('',#5732,.T.);
#6514=FACE_BOUND('',#5733,.T.);
#6515=FACE_BOUND('',#5734,.T.);
#6516=FACE_BOUND('',#5735,.T.);
#6517=FACE_BOUND('',#5736,.T.);
#6518=FACE_BOUND('',#5737,.T.);
#6519=FACE_BOUND('',#5738,.T.);
#6520=FACE_BOUND('',#5739,.T.);
#6521=FACE_BOUND('',#5740,.T.);
#6522=FACE_BOUND('',#5741,.T.);
#6523=FACE_BOUND('',#5742,.T.);
#6524=FACE_BOUND('',#5743,.T.);
#6525=FACE_BOUND('',#5744,.T.);
#6526=FACE_BOUND('',#5745,.T.);
#6527=FACE_BOUND('',#5746,.T.);
#6528=FACE_BOUND('',#5747,.T.);
#6529=FACE_BOUND('',#5748,.T.);
#6530=FACE_BOUND('',#5749,.T.);
#6531=FACE_BOUND('',#5750,.T.);
#6532=FACE_BOUND('',#5751,.T.);
#6533=FACE_BOUND('',#5752,.T.);
#6534=FACE_BOUND('',#5753,.T.);
#6535=FACE_BOUND('',#5754,.T.);
#6536=FACE_BOUND('',#5755,.T.);
#6537=FACE_BOUND('',#5756,.T.);
#6538=FACE_BOUND('',#5757,.T.);
#6539=FACE_BOUND('',#5758,.T.);
#6540=FACE_BOUND('',#5759,.T.);
#6541=FACE_BOUND('',#5760,.T.);
#6542=FACE_BOUND('',#5761,.T.);
#6543=FACE_BOUND('',#5762,.T.);
#6544=FACE_BOUND('',#5763,.T.);
#6545=FACE_BOUND('',#5764,.T.);
#6546=FACE_BOUND('',#5765,.T.);
#6547=FACE_BOUND('',#5766,.T.);
#6548=FACE_BOUND('',#5767,.T.);
#6549=FACE_BOUND('',#5768,.T.);
#6550=FACE_BOUND('',#5769,.T.);
#6551=FACE_BOUND('',#5770,.T.);
#6552=FACE_BOUND('',#5771,.T.);
#6553=FACE_BOUND('',#5772,.T.);
#6554=FACE_BOUND('',#5773,.T.);
#6555=FACE_BOUND('',#5774,.T.);
#6556=FACE_BOUND('',#5775,.T.);
#6557=FACE_BOUND('',#5776,.T.);
#6558=FACE_BOUND('',#5777,.T.);
#6559=FACE_BOUND('',#5778,.T.);
#6560=FACE_BOUND('',#5779,.T.);
#6561=FACE_BOUND('',#5780,.T.);
#6562=FACE_BOUND('',#5781,.T.);
#6563=FACE_BOUND('',#5782,.T.);
#6564=FACE_BOUND('',#5783,.T.);
#6565=FACE_BOUND('',#5784,.T.);
#6566=FACE_BOUND('',#5785,.T.);
#6567=FACE_BOUND('',#5786,.T.);
#6568=FACE_BOUND('',#5787,.T.);
#6569=FACE_BOUND('',#5788,.T.);
#6570=FACE_BOUND('',#5789,.T.);
#6571=FACE_BOUND('',#5790,.T.);
#6572=FACE_BOUND('',#5791,.T.);
#6573=FACE_BOUND('',#5792,.T.);
#6574=FACE_BOUND('',#5793,.T.);
#6575=FACE_BOUND('',#5794,.T.);
#6576=FACE_BOUND('',#5795,.T.);
#6577=FACE_BOUND('',#5796,.T.);
#6578=FACE_BOUND('',#5797,.T.);
#6579=FACE_BOUND('',#5798,.T.);
#6580=FACE_BOUND('',#5799,.T.);
#6581=FACE_BOUND('',#5800,.T.);
#6582=FACE_BOUND('',#5801,.T.);
#6583=FACE_BOUND('',#5802,.T.);
#6584=FACE_BOUND('',#5803,.T.);
#6585=FACE_BOUND('',#5804,.T.);
#6586=FACE_BOUND('',#5805,.T.);
#6587=FACE_BOUND('',#5806,.T.);
#6588=FACE_BOUND('',#5807,.T.);
#6589=FACE_BOUND('',#5808,.T.);
#6590=FACE_BOUND('',#5809,.T.);
#6591=FACE_BOUND('',#5810,.T.);
#6592=FACE_BOUND('',#5811,.T.);
#6593=FACE_BOUND('',#5812,.T.);
#6594=FACE_BOUND('',#5813,.T.);
#6595=FACE_BOUND('',#5814,.T.);
#6596=FACE_BOUND('',#5815,.T.);
#6597=FACE_BOUND('',#5816,.T.);
#6598=FACE_BOUND('',#5817,.T.);
#6599=FACE_BOUND('',#5818,.T.);
#6600=FACE_BOUND('',#5819,.T.);
#6601=FACE_BOUND('',#5820,.T.);
#6602=FACE_BOUND('',#5821,.T.);
#6603=FACE_BOUND('',#5822,.T.);
#6604=FACE_BOUND('',#5823,.T.);
#6605=FACE_BOUND('',#5824,.T.);
#6606=FACE_BOUND('',#5825,.T.);
#6607=FACE_BOUND('',#5826,.T.);
#6608=FACE_BOUND('',#5827,.T.);
#6609=FACE_BOUND('',#5828,.T.);
#6610=FACE_BOUND('',#5829,.T.);
#6611=FACE_BOUND('',#5830,.T.);
#6612=FACE_BOUND('',#5831,.T.);
#6613=FACE_BOUND('',#5832,.T.);
#6614=FACE_BOUND('',#5833,.T.);
#6615=FACE_BOUND('',#5834,.T.);
#6616=FACE_BOUND('',#5835,.T.);
#6617=FACE_BOUND('',#5836,.T.);
#6618=FACE_BOUND('',#5837,.T.);
#6619=FACE_BOUND('',#5838,.T.);
#6620=FACE_BOUND('',#5839,.T.);
#6621=FACE_BOUND('',#5840,.T.);
#6622=FACE_BOUND('',#5841,.T.);
#6623=FACE_BOUND('',#5842,.T.);
#6624=FACE_BOUND('',#5843,.T.);
#6625=FACE_BOUND('',#5844,.T.);
#6626=FACE_BOUND('',#5845,.T.);
#6627=FACE_BOUND('',#5846,.T.);
#6628=FACE_BOUND('',#5847,.T.);
#6629=FACE_BOUND('',#5848,.T.);
#6630=FACE_BOUND('',#5849,.T.);
#6631=FACE_BOUND('',#5850,.T.);
#6632=FACE_BOUND('',#5851,.T.);
#6633=FACE_BOUND('',#5852,.T.);
#6634=CYLINDRICAL_SURFACE('',#7496,0.001625);
#6635=CYLINDRICAL_SURFACE('',#7499,0.001625);
#6636=CYLINDRICAL_SURFACE('',#7508,0.005);
#6637=CYLINDRICAL_SURFACE('',#7511,0.005);
#6638=CYLINDRICAL_SURFACE('',#7518,0.0035);
#6639=CYLINDRICAL_SURFACE('',#7523,0.0075);
#6640=CYLINDRICAL_SURFACE('',#7524,0.002875);
#6641=CYLINDRICAL_SURFACE('',#7527,0.002875);
#6642=CYLINDRICAL_SURFACE('',#7550,0.0016);
#6643=CYLINDRICAL_SURFACE('',#7553,0.00137499999999999);
#6644=CYLINDRICAL_SURFACE('',#7556,0.001375);
#6645=CYLINDRICAL_SURFACE('',#7559,0.001375);
#6646=CYLINDRICAL_SURFACE('',#7562,0.00137499999999999);
#6647=CYLINDRICAL_SURFACE('',#7565,0.00137499999999999);
#6648=CYLINDRICAL_SURFACE('',#7568,0.00137499999999999);
#6649=CYLINDRICAL_SURFACE('',#7572,0.0265);
#6650=CYLINDRICAL_SURFACE('',#7578,0.06);
#6651=CYLINDRICAL_SURFACE('',#7581,0.0265);
#6652=CYLINDRICAL_SURFACE('',#7583,0.0016);
#6653=CYLINDRICAL_SURFACE('',#7585,0.0016);
#6654=CYLINDRICAL_SURFACE('',#7587,0.06);
#6655=CYLINDRICAL_SURFACE('',#7590,0.0195);
#6656=CYLINDRICAL_SURFACE('',#7601,0.00225);
#6657=CYLINDRICAL_SURFACE('',#7604,0.00225);
#6658=CYLINDRICAL_SURFACE('',#7607,0.00225);
#6659=CYLINDRICAL_SURFACE('',#7610,0.00225);
#6660=CYLINDRICAL_SURFACE('',#7613,0.00225);
#6661=CYLINDRICAL_SURFACE('',#7616,0.00225);
#6662=CYLINDRICAL_SURFACE('',#7619,0.002875);
#6663=CYLINDRICAL_SURFACE('',#7622,0.0016);
#6664=CYLINDRICAL_SURFACE('',#7625,0.0016);
#6665=CYLINDRICAL_SURFACE('',#7628,0.0016);
#6666=CYLINDRICAL_SURFACE('',#7632,0.008);
#6667=CYLINDRICAL_SURFACE('',#7635,0.00335315905811977);
#6668=CYLINDRICAL_SURFACE('',#7639,0.004);
#6669=CYLINDRICAL_SURFACE('',#7640,0.00205);
#6670=CYLINDRICAL_SURFACE('',#7643,0.00205);
#6671=CYLINDRICAL_SURFACE('',#7657,0.0265);
#6672=CYLINDRICAL_SURFACE('',#7663,0.0185);
#6673=CYLINDRICAL_SURFACE('',#7668,0.00305315905811977);
#6674=CYLINDRICAL_SURFACE('',#7674,0.0077);
#6675=CYLINDRICAL_SURFACE('',#7681,0.0185);
#6676=CYLINDRICAL_SURFACE('',#7695,0.001625);
#6677=CYLINDRICAL_SURFACE('',#7698,0.001625);
#6678=CYLINDRICAL_SURFACE('',#7701,0.001625);
#6679=CYLINDRICAL_SURFACE('',#7704,0.001625);
#6680=CYLINDRICAL_SURFACE('',#7705,0.001625);
#6681=CYLINDRICAL_SURFACE('',#7706,0.001625);
#6682=CYLINDRICAL_SURFACE('',#7711,0.00125);
#6683=CYLINDRICAL_SURFACE('',#7720,0.00305);
#6684=CYLINDRICAL_SURFACE('',#7733,0.001625);
#6685=CYLINDRICAL_SURFACE('',#7736,0.001625);
#6686=CYLINDRICAL_SURFACE('',#7739,0.001625);
#6687=CYLINDRICAL_SURFACE('',#7748,0.01);
#6688=CYLINDRICAL_SURFACE('',#7751,0.01);
#6689=CYLINDRICAL_SURFACE('',#7763,0.05);
#6690=CYLINDRICAL_SURFACE('',#7766,0.0265);
#6691=CYLINDRICAL_SURFACE('',#7768,0.05);
#6692=CYLINDRICAL_SURFACE('',#7794,0.002875);
#6693=CYLINDRICAL_SURFACE('',#7797,0.002875);
#6694=CYLINDRICAL_SURFACE('',#7800,0.002875);
#6695=CYLINDRICAL_SURFACE('',#7804,0.01);
#6696=CYLINDRICAL_SURFACE('',#7807,0.00420111722919678);
#6697=CYLINDRICAL_SURFACE('',#7814,0.00395111723263308);
#6698=CYLINDRICAL_SURFACE('',#7818,0.00975);
#6699=CYLINDRICAL_SURFACE('',#7825,0.001625);
#6700=CYLINDRICAL_SURFACE('',#7828,0.001625);
#6701=CYLINDRICAL_SURFACE('',#7831,0.001625);
#6702=CYLINDRICAL_SURFACE('',#7834,0.001625);
#6703=CYLINDRICAL_SURFACE('',#7838,0.0265);
#6704=CYLINDRICAL_SURFACE('',#7842,0.001625);
#6705=CYLINDRICAL_SURFACE('',#7857,0.0185);
#6706=CYLINDRICAL_SURFACE('',#7863,0.001625);
#6707=CYLINDRICAL_SURFACE('',#7866,0.001625);
#6708=CYLINDRICAL_SURFACE('',#7869,0.001625);
#6709=CYLINDRICAL_SURFACE('',#7872,0.002875);
#6710=CYLINDRICAL_SURFACE('',#7875,0.002875);
#6711=CYLINDRICAL_SURFACE('',#7878,0.002875);
#6712=CYLINDRICAL_SURFACE('',#7881,0.002875);
#6713=CYLINDRICAL_SURFACE('',#7884,0.005);
#6714=CYLINDRICAL_SURFACE('',#7885,0.005);
#6715=CYLINDRICAL_SURFACE('',#7887,0.0265);
#6716=CYLINDRICAL_SURFACE('',#7911,0.0265);
#6717=CYLINDRICAL_SURFACE('',#7917,0.001625);
#6718=CYLINDRICAL_SURFACE('',#7920,0.001625);
#6719=CYLINDRICAL_SURFACE('',#7923,0.001625);
#6720=CYLINDRICAL_SURFACE('',#7926,0.001625);
#6721=CYLINDRICAL_SURFACE('',#7929,0.001625);
#6722=CYLINDRICAL_SURFACE('',#7932,0.001625);
#6723=CYLINDRICAL_SURFACE('',#7941,0.018);
#6724=CYLINDRICAL_SURFACE('',#7946,0.001625);
#6725=CYLINDRICAL_SURFACE('',#7948,0.003625);
#6726=CYLINDRICAL_SURFACE('',#7951,0.00205);
#6727=CYLINDRICAL_SURFACE('',#7954,0.00205);
#6728=CYLINDRICAL_SURFACE('',#7957,0.002875);
#6729=CYLINDRICAL_SURFACE('',#7962,0.002875);
#6730=CYLINDRICAL_SURFACE('',#7967,0.002875);
#6731=CYLINDRICAL_SURFACE('',#7970,0.002875);
#6732=CYLINDRICAL_SURFACE('',#7973,0.002875);
#6733=CYLINDRICAL_SURFACE('',#7978,0.002875);
#6734=CYLINDRICAL_SURFACE('',#7983,0.002);
#6735=CYLINDRICAL_SURFACE('',#7984,0.002);
#6736=CYLINDRICAL_SURFACE('',#7985,0.002);
#6737=CYLINDRICAL_SURFACE('',#7986,0.002);
#6738=CYLINDRICAL_SURFACE('',#7987,0.002);
#6739=CYLINDRICAL_SURFACE('',#7988,0.002);
#6740=CYLINDRICAL_SURFACE('',#7989,0.002);
#6741=CYLINDRICAL_SURFACE('',#7990,0.002);
#6742=CYLINDRICAL_SURFACE('',#7991,0.005);
#6743=CYLINDRICAL_SURFACE('',#7993,0.005);
#6744=CYLINDRICAL_SURFACE('',#7995,0.005);
#6745=CYLINDRICAL_SURFACE('',#7996,0.005);
#6746=CYLINDRICAL_SURFACE('',#8001,0.0021);
#6747=CYLINDRICAL_SURFACE('',#8010,0.006);
#6748=CYLINDRICAL_SURFACE('',#8014,0.003375);
#6749=CYLINDRICAL_SURFACE('',#8023,0.001625);
#6750=CYLINDRICAL_SURFACE('',#8025,0.002875);
#6751=CYLINDRICAL_SURFACE('',#8032,0.003);
#6752=CYLINDRICAL_SURFACE('',#8078,0.001325);
#6753=CYLINDRICAL_SURFACE('',#8081,0.001325);
#6754=CYLINDRICAL_SURFACE('',#8084,0.001325);
#6755=CYLINDRICAL_SURFACE('',#8087,0.001325);
#6756=CYLINDRICAL_SURFACE('',#8106,0.002625);
#6757=CYLINDRICAL_SURFACE('',#8109,0.002625);
#6758=CYLINDRICAL_SURFACE('',#8112,0.002625);
#6759=CYLINDRICAL_SURFACE('',#8115,0.002625);
#6760=CYLINDRICAL_SURFACE('',#8118,0.001325);
#6761=CYLINDRICAL_SURFACE('',#8121,0.001325);
#6762=CYLINDRICAL_SURFACE('',#8124,0.001325);
#6763=CYLINDRICAL_SURFACE('',#8127,0.001325);
#6764=CYLINDRICAL_SURFACE('',#8130,0.001325);
#6765=CYLINDRICAL_SURFACE('',#8133,0.001325);
#6766=CYLINDRICAL_SURFACE('',#8136,0.001325);
#6767=CYLINDRICAL_SURFACE('',#8139,0.001325);
#6768=CYLINDRICAL_SURFACE('',#8151,0.0315);
#6769=CYLINDRICAL_SURFACE('',#8156,0.00205);
#6770=CYLINDRICAL_SURFACE('',#8160,0.00205);
#6771=CYLINDRICAL_SURFACE('',#8164,0.00205);
#6772=CYLINDRICAL_SURFACE('',#8167,0.0035);
#6773=CYLINDRICAL_SURFACE('',#8171,0.0035);
#6774=CYLINDRICAL_SURFACE('',#8174,0.0035);
#6775=CYLINDRICAL_SURFACE('',#8178,0.0035);
#6776=CYLINDRICAL_SURFACE('',#8181,0.02);
#6777=CYLINDRICAL_SURFACE('',#8184,0.00205);
#6778=CYLINDRICAL_SURFACE('',#8187,0.00205);
#6779=CYLINDRICAL_SURFACE('',#8190,0.00205);
#6780=CYLINDRICAL_SURFACE('',#8193,0.00205);
#6781=CYLINDRICAL_SURFACE('',#8196,0.00205);
#6782=CYLINDRICAL_SURFACE('',#8199,0.00205);
#6783=CYLINDRICAL_SURFACE('',#8202,0.00205);
#6784=CYLINDRICAL_SURFACE('',#8205,0.00205);
#6785=CYLINDRICAL_SURFACE('',#8208,0.00205);
#6786=CYLINDRICAL_SURFACE('',#8211,0.02);
#6787=CYLINDRICAL_SURFACE('',#8214,0.00205);
#6788=CYLINDRICAL_SURFACE('',#8220,0.0315);
#6789=CYLINDRICAL_SURFACE('',#8245,0.006075);
#6790=CYLINDRICAL_SURFACE('',#8248,0.006075);
#6791=CYLINDRICAL_SURFACE('',#8251,0.006075);
#6792=CYLINDRICAL_SURFACE('',#8254,0.006075);
#6793=CYLINDRICAL_SURFACE('',#8257,0.00225);
#6794=CYLINDRICAL_SURFACE('',#8260,0.00225);
#6795=CYLINDRICAL_SURFACE('',#8263,0.00225);
#6796=CYLINDRICAL_SURFACE('',#8266,0.00225);
#6797=CYLINDRICAL_SURFACE('',#8269,0.00225);
#6798=CYLINDRICAL_SURFACE('',#8272,0.00225);
#6799=CYLINDRICAL_SURFACE('',#8275,0.00225);
#6800=CYLINDRICAL_SURFACE('',#8278,0.00225);
#6801=CYLINDRICAL_SURFACE('',#8281,0.00225);
#6802=CYLINDRICAL_SURFACE('',#8284,0.00225);
#6803=CYLINDRICAL_SURFACE('',#8287,0.00225);
#6804=CYLINDRICAL_SURFACE('',#8290,0.00225);
#6805=CYLINDRICAL_SURFACE('',#8293,0.00475);
#6806=CYLINDRICAL_SURFACE('',#8296,0.00475);
#6807=CYLINDRICAL_SURFACE('',#8299,0.00475);
#6808=CYLINDRICAL_SURFACE('',#8302,0.00475);
#6809=CYLINDRICAL_SURFACE('',#8305,0.02675);
#6810=CYLINDRICAL_SURFACE('',#8306,0.02675);
#6811=CYLINDRICAL_SURFACE('',#8307,0.02675);
#6812=CYLINDRICAL_SURFACE('',#8308,0.02675);
#6813=CYLINDRICAL_SURFACE('',#8310,0.001625);
#6814=CYLINDRICAL_SURFACE('',#8321,0.00625);
#6815=CYLINDRICAL_SURFACE('',#8334,0.0022);
#6816=CYLINDRICAL_SURFACE('',#8335,0.002875);
#6817=CYLINDRICAL_SURFACE('',#8338,0.005);
#6818=CYLINDRICAL_SURFACE('',#8339,0.005);
#6819=CYLINDRICAL_SURFACE('',#8340,0.005);
#6820=CYLINDRICAL_SURFACE('',#8343,0.005);
#6821=CYLINDRICAL_SURFACE('',#8346,0.006);
#6822=CYLINDRICAL_SURFACE('',#8364,0.004);
#6823=CYLINDRICAL_SURFACE('',#8366,0.001625);
#6824=CYLINDRICAL_SURFACE('',#8368,0.004);
#6825=CYLINDRICAL_SURFACE('',#8371,0.001625);
#6826=CYLINDRICAL_SURFACE('',#8390,0.003);
#6827=CYLINDRICAL_SURFACE('',#8394,0.003);
#6828=CYLINDRICAL_SURFACE('',#8398,0.003);
#6829=CYLINDRICAL_SURFACE('',#8403,0.0015);
#6830=CYLINDRICAL_SURFACE('',#8408,0.0015);
#6831=CYLINDRICAL_SURFACE('',#8412,0.001625);
#6832=CYLINDRICAL_SURFACE('',#8415,0.001625);
#6833=CYLINDRICAL_SURFACE('',#8418,0.001625);
#6834=CYLINDRICAL_SURFACE('',#8421,0.001625);
#6835=CYLINDRICAL_SURFACE('',#8424,0.001625);
#6836=CYLINDRICAL_SURFACE('',#8427,0.001625);
#6837=CYLINDRICAL_SURFACE('',#8430,0.001625);
#6838=CYLINDRICAL_SURFACE('',#8433,0.0015);
#6839=CYLINDRICAL_SURFACE('',#8436,0.0015);
#6840=CYLINDRICAL_SURFACE('',#8439,0.003);
#6841=ADVANCED_FACE('',(#5853,#5854),#6634,.F.);
#6842=ADVANCED_FACE('',(#5855,#5856),#6635,.F.);
#6843=ADVANCED_FACE('',(#5857),#1203,.F.);
#6844=ADVANCED_FACE('',(#5858),#1204,.T.);
#6845=ADVANCED_FACE('',(#5859),#6636,.T.);
#6846=ADVANCED_FACE('',(#5860),#6637,.T.);
#6847=ADVANCED_FACE('',(#5861,#5862),#1205,.F.);
#6848=ADVANCED_FACE('',(#5863,#5864),#1206,.F.);
#6849=ADVANCED_FACE('',(#5865),#1207,.T.);
#6850=ADVANCED_FACE('',(#5866),#1208,.F.);
#6851=ADVANCED_FACE('',(#5867),#6638,.F.);
#6852=ADVANCED_FACE('',(#5868,#5869),#1209,.T.);
#6853=ADVANCED_FACE('',(#5870,#5871),#1210,.T.);
#6854=ADVANCED_FACE('',(#5872),#6639,.T.);
#6855=ADVANCED_FACE('',(#5873,#5874),#6640,.F.);
#6856=ADVANCED_FACE('',(#5875,#5876),#1211,.T.);
#6857=ADVANCED_FACE('',(#5877,#5878),#6641,.F.);
#6858=ADVANCED_FACE('',(#5879,#5880),#1212,.T.);
#6859=ADVANCED_FACE('',(#5881,#5882,#5883,#5884,#5885,#5886,#5887,#5888,
#5889,#5890),#1213,.T.);
#6860=ADVANCED_FACE('',(#5891,#5892),#6642,.F.);
#6861=ADVANCED_FACE('',(#5893,#5894),#6643,.F.);
#6862=ADVANCED_FACE('',(#5895,#5896),#6644,.F.);
#6863=ADVANCED_FACE('',(#5897,#5898),#6645,.F.);
#6864=ADVANCED_FACE('',(#5899,#5900),#6646,.F.);
#6865=ADVANCED_FACE('',(#5901,#5902),#6647,.F.);
#6866=ADVANCED_FACE('',(#5903,#5904),#6648,.F.);
#6867=ADVANCED_FACE('',(#5905),#1214,.T.);
#6868=ADVANCED_FACE('',(#5906),#6649,.T.);
#6869=ADVANCED_FACE('',(#5907),#1215,.F.);
#6870=ADVANCED_FACE('',(#5908),#6650,.F.);
#6871=ADVANCED_FACE('',(#5909),#6651,.T.);
#6872=ADVANCED_FACE('',(#5910,#5911),#6652,.F.);
#6873=ADVANCED_FACE('',(#5912,#5913),#6653,.F.);
#6874=ADVANCED_FACE('',(#5914),#6654,.F.);
#6875=ADVANCED_FACE('',(#5915,#5916),#6655,.F.);
#6876=ADVANCED_FACE('',(#5917,#5918,#5919,#5920,#5921,#5922,#5923,#5924,
#5925,#5926,#5927,#5928,#5929,#5930,#5931,#5932,#5933),#1216,.F.);
#6877=ADVANCED_FACE('',(#5934,#5935),#6656,.F.);
#6878=ADVANCED_FACE('',(#5936,#5937),#1217,.T.);
#6879=ADVANCED_FACE('',(#5938,#5939),#6657,.F.);
#6880=ADVANCED_FACE('',(#5940,#5941),#1218,.T.);
#6881=ADVANCED_FACE('',(#5942,#5943),#6658,.F.);
#6882=ADVANCED_FACE('',(#5944,#5945),#1219,.T.);
#6883=ADVANCED_FACE('',(#5946,#5947),#6659,.F.);
#6884=ADVANCED_FACE('',(#5948,#5949),#1220,.T.);
#6885=ADVANCED_FACE('',(#5950,#5951),#6660,.F.);
#6886=ADVANCED_FACE('',(#5952,#5953),#1221,.T.);
#6887=ADVANCED_FACE('',(#5954,#5955),#6661,.F.);
#6888=ADVANCED_FACE('',(#5956,#5957),#1222,.T.);
#6889=ADVANCED_FACE('',(#5958,#5959),#6662,.F.);
#6890=ADVANCED_FACE('',(#5960,#5961),#1223,.T.);
#6891=ADVANCED_FACE('',(#5962,#5963),#6663,.F.);
#6892=ADVANCED_FACE('',(#5964),#1224,.F.);
#6893=ADVANCED_FACE('',(#5965,#5966),#6664,.F.);
#6894=ADVANCED_FACE('',(#5967),#1225,.F.);
#6895=ADVANCED_FACE('',(#5968,#5969),#6665,.F.);
#6896=ADVANCED_FACE('',(#5970),#1226,.F.);
#6897=ADVANCED_FACE('',(#5971),#1227,.T.);
#6898=ADVANCED_FACE('',(#5972),#6666,.F.);
#6899=ADVANCED_FACE('',(#5973),#1228,.T.);
#6900=ADVANCED_FACE('',(#5974),#6667,.F.);
#6901=ADVANCED_FACE('',(#5975,#5976),#1229,.T.);
#6902=ADVANCED_FACE('',(#5977,#5978),#6668,.F.);
#6903=ADVANCED_FACE('',(#5979,#5980),#6669,.F.);
#6904=ADVANCED_FACE('',(#5981),#1230,.T.);
#6905=ADVANCED_FACE('',(#5982,#5983),#6670,.F.);
#6906=ADVANCED_FACE('',(#5984),#1231,.T.);
#6907=ADVANCED_FACE('',(#5985),#16,.F.);
#6908=ADVANCED_FACE('',(#5986),#1232,.F.);
#6909=ADVANCED_FACE('',(#5987),#17,.T.);
#6910=ADVANCED_FACE('',(#5988),#1233,.T.);
#6911=ADVANCED_FACE('',(#5989),#18,.F.);
#6912=ADVANCED_FACE('',(#5990),#1234,.T.);
#6913=ADVANCED_FACE('',(#5991),#19,.F.);
#6914=ADVANCED_FACE('',(#5992),#1235,.F.);
#6915=ADVANCED_FACE('',(#5993),#20,.F.);
#6916=ADVANCED_FACE('',(#5994,#5995),#6671,.T.);
#6917=ADVANCED_FACE('',(#5996,#5997),#1236,.T.);
#6918=ADVANCED_FACE('',(#5998),#1237,.F.);
#6919=ADVANCED_FACE('',(#5999,#6000),#6672,.T.);
#6920=ADVANCED_FACE('',(#6001),#1238,.T.);
#6921=ADVANCED_FACE('',(#6002),#1239,.T.);
#6922=ADVANCED_FACE('',(#6003),#6673,.T.);
#6923=ADVANCED_FACE('',(#6004),#1240,.T.);
#6924=ADVANCED_FACE('',(#6005,#6006),#12,.T.);
#6925=ADVANCED_FACE('',(#6007),#6674,.T.);
#6926=ADVANCED_FACE('',(#6008,#6009),#1241,.T.);
#6927=ADVANCED_FACE('',(#6010,#6011),#1242,.F.);
#6928=ADVANCED_FACE('',(#6012,#6013),#6675,.T.);
#6929=ADVANCED_FACE('',(#6014,#6015,#6016,#6017),#1243,.T.);
#6930=ADVANCED_FACE('',(#6018,#6019,#6020,#6021,#6022,#6023,#6024),#1244,
 .F.);
#6931=ADVANCED_FACE('',(#6025,#6026),#6676,.F.);
#6932=ADVANCED_FACE('',(#6027),#1245,.T.);
#6933=ADVANCED_FACE('',(#6028,#6029),#6677,.F.);
#6934=ADVANCED_FACE('',(#6030),#1246,.T.);
#6935=ADVANCED_FACE('',(#6031,#6032),#6678,.F.);
#6936=ADVANCED_FACE('',(#6033),#1247,.T.);
#6937=ADVANCED_FACE('',(#6034,#6035),#6679,.F.);
#6938=ADVANCED_FACE('',(#6036,#6037),#6680,.F.);
#6939=ADVANCED_FACE('',(#6038,#6039),#6681,.F.);
#6940=ADVANCED_FACE('',(#6040,#6041),#10,.T.);
#6941=ADVANCED_FACE('',(#6042,#6043),#6682,.F.);
#6942=ADVANCED_FACE('',(#6044),#11,.F.);
#6943=ADVANCED_FACE('',(#6045),#6683,.F.);
#6944=ADVANCED_FACE('',(#6046),#1248,.T.);
#6945=ADVANCED_FACE('',(#6047,#6048,#6049,#6050),#1249,.T.);
#6946=ADVANCED_FACE('',(#6051),#1250,.T.);
#6947=ADVANCED_FACE('',(#6052,#6053),#6684,.F.);
#6948=ADVANCED_FACE('',(#6054,#6055),#6685,.F.);
#6949=ADVANCED_FACE('',(#6056,#6057),#6686,.F.);
#6950=ADVANCED_FACE('',(#6058,#6059,#6060,#6061),#1251,.F.);
#6951=ADVANCED_FACE('',(#6062),#6687,.T.);
#6952=ADVANCED_FACE('',(#6063),#6688,.T.);
#6953=ADVANCED_FACE('',(#6064),#1252,.T.);
#6954=ADVANCED_FACE('',(#6065),#21,.T.);
#6955=ADVANCED_FACE('',(#6066),#22,.T.);
#6956=ADVANCED_FACE('',(#6067),#23,.T.);
#6957=ADVANCED_FACE('',(#6068),#24,.T.);
#6958=ADVANCED_FACE('',(#6069),#1253,.T.);
#6959=ADVANCED_FACE('',(#6070),#1254,.T.);
#6960=ADVANCED_FACE('',(#6071),#6689,.F.);
#6961=ADVANCED_FACE('',(#6072),#6690,.T.);
#6962=ADVANCED_FACE('',(#6073),#6691,.F.);
#6963=ADVANCED_FACE('',(#6074),#1255,.F.);
#6964=ADVANCED_FACE('',(#6075),#1256,.T.);
#6965=ADVANCED_FACE('',(#6076),#1257,.F.);
#6966=ADVANCED_FACE('',(#6077),#1258,.F.);
#6967=ADVANCED_FACE('',(#6078),#1259,.T.);
#6968=ADVANCED_FACE('',(#6079),#1260,.T.);
#6969=ADVANCED_FACE('',(#6080),#1261,.F.);
#6970=ADVANCED_FACE('',(#6081),#1262,.F.);
#6971=ADVANCED_FACE('',(#6082),#25,.F.);
#6972=ADVANCED_FACE('',(#6083),#26,.T.);
#6973=ADVANCED_FACE('',(#6084),#1263,.T.);
#6974=ADVANCED_FACE('',(#6085),#27,.F.);
#6975=ADVANCED_FACE('',(#6086),#1264,.T.);
#6976=ADVANCED_FACE('',(#6087),#1265,.F.);
#6977=ADVANCED_FACE('',(#6088),#1266,.T.);
#6978=ADVANCED_FACE('',(#6089),#1267,.F.);
#6979=ADVANCED_FACE('',(#6090),#1268,.F.);
#6980=ADVANCED_FACE('',(#6091),#28,.F.);
#6981=ADVANCED_FACE('',(#6092),#1269,.T.);
#6982=ADVANCED_FACE('',(#6093),#1270,.F.);
#6983=ADVANCED_FACE('',(#6094),#29,.F.);
#6984=ADVANCED_FACE('',(#6095),#1271,.T.);
#6985=ADVANCED_FACE('',(#6096),#1272,.T.);
#6986=ADVANCED_FACE('',(#6097,#6098),#6692,.F.);
#6987=ADVANCED_FACE('',(#6099,#6100),#1273,.T.);
#6988=ADVANCED_FACE('',(#6101,#6102),#6693,.F.);
#6989=ADVANCED_FACE('',(#6103,#6104),#1274,.T.);
#6990=ADVANCED_FACE('',(#6105,#6106),#6694,.F.);
#6991=ADVANCED_FACE('',(#6107,#6108),#1275,.T.);
#6992=ADVANCED_FACE('',(#6109),#1276,.T.);
#6993=ADVANCED_FACE('',(#6110),#6695,.F.);
#6994=ADVANCED_FACE('',(#6111),#1277,.F.);
#6995=ADVANCED_FACE('',(#6112),#6696,.F.);
#6996=ADVANCED_FACE('',(#6113),#1278,.T.);
#6997=ADVANCED_FACE('',(#6114),#1279,.F.);
#6998=ADVANCED_FACE('',(#6115),#1280,.T.);
#6999=ADVANCED_FACE('',(#6116),#1281,.T.);
#7000=ADVANCED_FACE('',(#6117),#6697,.T.);
#7001=ADVANCED_FACE('',(#6118),#1282,.T.);
#7002=ADVANCED_FACE('',(#6119),#6698,.T.);
#7003=ADVANCED_FACE('',(#6120),#1283,.T.);
#7004=ADVANCED_FACE('',(#6121),#1284,.F.);
#7005=ADVANCED_FACE('',(#6122,#6123),#6699,.F.);
#7006=ADVANCED_FACE('',(#6124,#6125),#6700,.F.);
#7007=ADVANCED_FACE('',(#6126,#6127),#6701,.F.);
#7008=ADVANCED_FACE('',(#6128,#6129),#6702,.F.);
#7009=ADVANCED_FACE('',(#6130),#1285,.T.);
#7010=ADVANCED_FACE('',(#6131),#6703,.T.);
#7011=ADVANCED_FACE('',(#6132),#1286,.T.);
#7012=ADVANCED_FACE('',(#6133,#6134),#6704,.F.);
#7013=ADVANCED_FACE('',(#6135),#1287,.T.);
#7014=ADVANCED_FACE('',(#6136,#6137,#6138),#1288,.T.);
#7015=ADVANCED_FACE('',(#6139,#6140,#6141,#6142,#6143,#6144),#1289,.F.);
#7016=ADVANCED_FACE('',(#6145,#6146),#6705,.T.);
#7017=ADVANCED_FACE('',(#6147,#6148,#6149,#6150,#6151,#6152,#6153),#1290,
 .T.);
#7018=ADVANCED_FACE('',(#6154,#6155),#6706,.F.);
#7019=ADVANCED_FACE('',(#6156),#1291,.T.);
#7020=ADVANCED_FACE('',(#6157,#6158),#6707,.F.);
#7021=ADVANCED_FACE('',(#6159),#1292,.T.);
#7022=ADVANCED_FACE('',(#6160,#6161),#6708,.F.);
#7023=ADVANCED_FACE('',(#6162),#1293,.T.);
#7024=ADVANCED_FACE('',(#6163,#6164),#6709,.F.);
#7025=ADVANCED_FACE('',(#6165,#6166),#1294,.T.);
#7026=ADVANCED_FACE('',(#6167,#6168),#6710,.F.);
#7027=ADVANCED_FACE('',(#6169,#6170),#1295,.T.);
#7028=ADVANCED_FACE('',(#6171,#6172),#6711,.F.);
#7029=ADVANCED_FACE('',(#6173,#6174),#1296,.T.);
#7030=ADVANCED_FACE('',(#6175,#6176),#6712,.F.);
#7031=ADVANCED_FACE('',(#6177,#6178),#1297,.T.);
#7032=ADVANCED_FACE('',(#6179),#6713,.T.);
#7033=ADVANCED_FACE('',(#6180),#6714,.T.);
#7034=ADVANCED_FACE('',(#6181),#6715,.T.);
#7035=ADVANCED_FACE('',(#6182,#6183,#6184,#6185),#1298,.T.);
#7036=ADVANCED_FACE('',(#6186),#6716,.T.);
#7037=ADVANCED_FACE('',(#6187),#1299,.F.);
#7038=ADVANCED_FACE('',(#6188,#6189),#6717,.F.);
#7039=ADVANCED_FACE('',(#6190,#6191),#6718,.F.);
#7040=ADVANCED_FACE('',(#6192,#6193),#6719,.F.);
#7041=ADVANCED_FACE('',(#6194,#6195),#6720,.F.);
#7042=ADVANCED_FACE('',(#6196,#6197),#6721,.F.);
#7043=ADVANCED_FACE('',(#6198,#6199),#6722,.F.);
#7044=ADVANCED_FACE('',(#6200,#6201,#6202,#6203),#1300,.F.);
#7045=ADVANCED_FACE('',(#6204,#6205,#6206),#6723,.F.);
#7046=ADVANCED_FACE('',(#6207),#1301,.F.);
#7047=ADVANCED_FACE('',(#6208,#6209,#6210,#6211,#6212,#6213,#6214,#6215),
#1302,.F.);
#7048=ADVANCED_FACE('',(#6216,#6217),#6724,.F.);
#7049=ADVANCED_FACE('',(#6218,#6219),#6725,.F.);
#7050=ADVANCED_FACE('',(#6220,#6221),#1303,.F.);
#7051=ADVANCED_FACE('',(#6222,#6223),#6726,.F.);
#7052=ADVANCED_FACE('',(#6224),#1304,.T.);
#7053=ADVANCED_FACE('',(#6225,#6226),#6727,.F.);
#7054=ADVANCED_FACE('',(#6227),#1305,.T.);
#7055=ADVANCED_FACE('',(#6228),#6728,.F.);
#7056=ADVANCED_FACE('',(#6229,#6230),#1306,.T.);
#7057=ADVANCED_FACE('',(#6231),#6729,.F.);
#7058=ADVANCED_FACE('',(#6232,#6233),#1307,.T.);
#7059=ADVANCED_FACE('',(#6234,#6235),#6730,.F.);
#7060=ADVANCED_FACE('',(#6236,#6237),#1308,.T.);
#7061=ADVANCED_FACE('',(#6238,#6239),#6731,.F.);
#7062=ADVANCED_FACE('',(#6240,#6241),#1309,.T.);
#7063=ADVANCED_FACE('',(#6242),#6732,.F.);
#7064=ADVANCED_FACE('',(#6243,#6244),#1310,.T.);
#7065=ADVANCED_FACE('',(#6245),#6733,.F.);
#7066=ADVANCED_FACE('',(#6246,#6247),#1311,.T.);
#7067=ADVANCED_FACE('',(#6248),#6734,.T.);
#7068=ADVANCED_FACE('',(#6249),#6735,.T.);
#7069=ADVANCED_FACE('',(#6250),#6736,.T.);
#7070=ADVANCED_FACE('',(#6251),#6737,.T.);
#7071=ADVANCED_FACE('',(#6252),#6738,.T.);
#7072=ADVANCED_FACE('',(#6253),#6739,.T.);
#7073=ADVANCED_FACE('',(#6254),#6740,.T.);
#7074=ADVANCED_FACE('',(#6255),#6741,.T.);
#7075=ADVANCED_FACE('',(#6256),#6742,.T.);
#7076=ADVANCED_FACE('',(#6257),#6743,.T.);
#7077=ADVANCED_FACE('',(#6258),#6744,.T.);
#7078=ADVANCED_FACE('',(#6259),#6745,.T.);
#7079=ADVANCED_FACE('',(#6260),#1312,.T.);
#7080=ADVANCED_FACE('',(#6261),#1313,.T.);
#7081=ADVANCED_FACE('',(#6262,#6263),#1314,.F.);
#7082=ADVANCED_FACE('',(#6264,#6265),#6746,.F.);
#7083=ADVANCED_FACE('',(#6266),#1315,.T.);
#7084=ADVANCED_FACE('',(#6267,#6268),#1316,.T.);
#7085=ADVANCED_FACE('',(#6269),#1317,.T.);
#7086=ADVANCED_FACE('',(#6270),#6747,.T.);
#7087=ADVANCED_FACE('',(#6271),#1318,.F.);
#7088=ADVANCED_FACE('',(#6272,#6273),#6748,.F.);
#7089=ADVANCED_FACE('',(#6274),#1319,.T.);
#7090=ADVANCED_FACE('',(#6275,#6276,#6277),#1320,.F.);
#7091=ADVANCED_FACE('',(#6278),#1321,.T.);
#7092=ADVANCED_FACE('',(#6279,#6280),#1322,.T.);
#7093=ADVANCED_FACE('',(#6281,#6282),#6749,.F.);
#7094=ADVANCED_FACE('',(#6283,#6284),#6750,.F.);
#7095=ADVANCED_FACE('',(#6285,#6286),#1323,.F.);
#7096=ADVANCED_FACE('',(#6287),#30,.T.);
#7097=ADVANCED_FACE('',(#6288),#1324,.T.);
#7098=ADVANCED_FACE('',(#6289),#1325,.F.);
#7099=ADVANCED_FACE('',(#6290),#1326,.T.);
#7100=ADVANCED_FACE('',(#6291),#6751,.F.);
#7101=ADVANCED_FACE('',(#6292,#6293),#6752,.F.);
#7102=ADVANCED_FACE('',(#6294,#6295),#6753,.F.);
#7103=ADVANCED_FACE('',(#6296,#6297),#6754,.F.);
#7104=ADVANCED_FACE('',(#6298,#6299),#6755,.F.);
#7105=ADVANCED_FACE('',(#6300,#6301),#31,.T.);
#7106=ADVANCED_FACE('',(#6302,#6303),#32,.T.);
#7107=ADVANCED_FACE('',(#6304,#6305),#33,.T.);
#7108=ADVANCED_FACE('',(#6306,#6307),#34,.T.);
#7109=ADVANCED_FACE('',(#6308,#6309),#6756,.F.);
#7110=ADVANCED_FACE('',(#6310,#6311),#6757,.F.);
#7111=ADVANCED_FACE('',(#6312,#6313),#6758,.F.);
#7112=ADVANCED_FACE('',(#6314,#6315),#6759,.F.);
#7113=ADVANCED_FACE('',(#6316,#6317),#6760,.F.);
#7114=ADVANCED_FACE('',(#6318,#6319),#6761,.F.);
#7115=ADVANCED_FACE('',(#6320,#6321),#6762,.F.);
#7116=ADVANCED_FACE('',(#6322,#6323),#6763,.F.);
#7117=ADVANCED_FACE('',(#6324,#6325),#6764,.F.);
#7118=ADVANCED_FACE('',(#6326,#6327),#6765,.F.);
#7119=ADVANCED_FACE('',(#6328,#6329),#6766,.F.);
#7120=ADVANCED_FACE('',(#6330,#6331),#6767,.F.);
#7121=ADVANCED_FACE('',(#6332,#6333),#1327,.T.);
#7122=ADVANCED_FACE('',(#6334,#6335),#1328,.T.);
#7123=ADVANCED_FACE('',(#6336,#6337),#1329,.T.);
#7124=ADVANCED_FACE('',(#6338,#6339),#1330,.T.);
#7125=ADVANCED_FACE('',(#6340),#1331,.T.);
#7126=ADVANCED_FACE('',(#6341),#6768,.T.);
#7127=ADVANCED_FACE('',(#6342),#1332,.F.);
#7128=ADVANCED_FACE('',(#6343),#1333,.F.);
#7129=ADVANCED_FACE('',(#6344),#6769,.F.);
#7130=ADVANCED_FACE('',(#6345),#1334,.T.);
#7131=ADVANCED_FACE('',(#6346),#6770,.F.);
#7132=ADVANCED_FACE('',(#6347),#1335,.F.);
#7133=ADVANCED_FACE('',(#6348),#6771,.F.);
#7134=ADVANCED_FACE('',(#6349),#6772,.F.);
#7135=ADVANCED_FACE('',(#6350),#1336,.F.);
#7136=ADVANCED_FACE('',(#6351),#6773,.F.);
#7137=ADVANCED_FACE('',(#6352),#6774,.F.);
#7138=ADVANCED_FACE('',(#6353),#1337,.F.);
#7139=ADVANCED_FACE('',(#6354),#6775,.F.);
#7140=ADVANCED_FACE('',(#6355,#6356),#6776,.F.);
#7141=ADVANCED_FACE('',(#6357,#6358),#6777,.F.);
#7142=ADVANCED_FACE('',(#6359,#6360),#6778,.F.);
#7143=ADVANCED_FACE('',(#6361,#6362),#6779,.F.);
#7144=ADVANCED_FACE('',(#6363,#6364),#6780,.F.);
#7145=ADVANCED_FACE('',(#6365,#6366),#6781,.F.);
#7146=ADVANCED_FACE('',(#6367,#6368),#6782,.F.);
#7147=ADVANCED_FACE('',(#6369,#6370),#6783,.F.);
#7148=ADVANCED_FACE('',(#6371,#6372),#6784,.F.);
#7149=ADVANCED_FACE('',(#6373,#6374),#6785,.F.);
#7150=ADVANCED_FACE('',(#6375,#6376),#6786,.F.);
#7151=ADVANCED_FACE('',(#6377),#6787,.F.);
#7152=ADVANCED_FACE('',(#6378),#1338,.T.);
#7153=ADVANCED_FACE('',(#6379),#1339,.T.);
#7154=ADVANCED_FACE('',(#6380),#1340,.T.);
#7155=ADVANCED_FACE('',(#6381),#6788,.T.);
#7156=ADVANCED_FACE('',(#6382,#6383,#6384,#6385,#6386,#6387,#6388,#6389,
#6390,#6391,#6392,#6393,#6394,#6395,#6396,#6397,#6398,#6399,#6400,#6401,
#6402,#6403,#6404,#6405,#6406,#6407,#6408,#6409),#1341,.T.);
#7157=ADVANCED_FACE('',(#6410,#6411,#6412,#6413,#6414,#6415,#6416,#6417,
#6418,#6419,#6420,#6421,#6422,#6423,#6424,#6425,#6426,#6427,#6428,#6429,
#6430,#6431,#6432,#6433,#6434,#6435,#6436,#6437,#6438,#6439,#6440,#6441),
#1342,.F.);
#7158=ADVANCED_FACE('',(#6442,#6443),#6789,.F.);
#7159=ADVANCED_FACE('',(#6444,#6445),#1343,.T.);
#7160=ADVANCED_FACE('',(#6446,#6447),#6790,.F.);
#7161=ADVANCED_FACE('',(#6448,#6449),#1344,.T.);
#7162=ADVANCED_FACE('',(#6450,#6451),#6791,.F.);
#7163=ADVANCED_FACE('',(#6452,#6453),#1345,.T.);
#7164=ADVANCED_FACE('',(#6454,#6455),#6792,.F.);
#7165=ADVANCED_FACE('',(#6456,#6457),#1346,.T.);
#7166=ADVANCED_FACE('',(#6458,#6459),#6793,.F.);
#7167=ADVANCED_FACE('',(#6460,#6461),#1347,.T.);
#7168=ADVANCED_FACE('',(#6462,#6463),#6794,.F.);
#7169=ADVANCED_FACE('',(#6464,#6465),#1348,.T.);
#7170=ADVANCED_FACE('',(#6466,#6467),#6795,.F.);
#7171=ADVANCED_FACE('',(#6468,#6469),#1349,.T.);
#7172=ADVANCED_FACE('',(#6470,#6471),#6796,.F.);
#7173=ADVANCED_FACE('',(#6472,#6473),#1350,.T.);
#7174=ADVANCED_FACE('',(#6474,#6475),#6797,.F.);
#7175=ADVANCED_FACE('',(#6476,#6477),#1351,.T.);
#7176=ADVANCED_FACE('',(#6478,#6479),#6798,.F.);
#7177=ADVANCED_FACE('',(#6480,#6481),#1352,.T.);
#7178=ADVANCED_FACE('',(#6482,#6483),#6799,.F.);
#7179=ADVANCED_FACE('',(#6484,#6485),#1353,.T.);
#7180=ADVANCED_FACE('',(#6486,#6487),#6800,.F.);
#7181=ADVANCED_FACE('',(#6488,#6489),#1354,.T.);
#7182=ADVANCED_FACE('',(#6490,#6491),#6801,.F.);
#7183=ADVANCED_FACE('',(#6492,#6493),#1355,.T.);
#7184=ADVANCED_FACE('',(#6494,#6495),#6802,.F.);
#7185=ADVANCED_FACE('',(#6496,#6497),#1356,.T.);
#7186=ADVANCED_FACE('',(#6498,#6499),#6803,.F.);
#7187=ADVANCED_FACE('',(#6500,#6501),#1357,.T.);
#7188=ADVANCED_FACE('',(#6502,#6503),#6804,.F.);
#7189=ADVANCED_FACE('',(#6504,#6505),#1358,.T.);
#7190=ADVANCED_FACE('',(#6506,#6507),#6805,.F.);
#7191=ADVANCED_FACE('',(#6508,#6509),#1359,.T.);
#7192=ADVANCED_FACE('',(#6510,#6511),#6806,.F.);
#7193=ADVANCED_FACE('',(#6512,#6513),#1360,.T.);
#7194=ADVANCED_FACE('',(#6514,#6515),#6807,.F.);
#7195=ADVANCED_FACE('',(#6516,#6517),#1361,.T.);
#7196=ADVANCED_FACE('',(#6518,#6519),#6808,.F.);
#7197=ADVANCED_FACE('',(#6520,#6521),#1362,.T.);
#7198=ADVANCED_FACE('',(#6522),#6809,.F.);
#7199=ADVANCED_FACE('',(#6523),#6810,.F.);
#7200=ADVANCED_FACE('',(#6524),#6811,.F.);
#7201=ADVANCED_FACE('',(#6525),#6812,.F.);
#7202=ADVANCED_FACE('',(#6526,#6527),#6813,.F.);
#7203=ADVANCED_FACE('',(#6528),#1363,.T.);
#7204=ADVANCED_FACE('',(#6529),#1364,.F.);
#7205=ADVANCED_FACE('',(#6530,#6531),#1365,.F.);
#7206=ADVANCED_FACE('',(#6532),#1366,.T.);
#7207=ADVANCED_FACE('',(#6533,#6534),#1367,.T.);
#7208=ADVANCED_FACE('',(#6535),#6814,.F.);
#7209=ADVANCED_FACE('',(#6536,#6537),#1368,.F.);
#7210=ADVANCED_FACE('',(#6538),#1369,.T.);
#7211=ADVANCED_FACE('',(#6539),#1370,.T.);
#7212=ADVANCED_FACE('',(#6540),#1371,.F.);
#7213=ADVANCED_FACE('',(#6541,#6542),#6815,.F.);
#7214=ADVANCED_FACE('',(#6543,#6544),#6816,.F.);
#7215=ADVANCED_FACE('',(#6545,#6546),#1372,.T.);
#7216=ADVANCED_FACE('',(#6547),#6817,.T.);
#7217=ADVANCED_FACE('',(#6548),#6818,.T.);
#7218=ADVANCED_FACE('',(#6549),#6819,.T.);
#7219=ADVANCED_FACE('',(#6550,#6551),#6820,.F.);
#7220=ADVANCED_FACE('',(#6552,#6553),#6821,.T.);
#7221=ADVANCED_FACE('',(#6554,#6555),#1373,.T.);
#7222=ADVANCED_FACE('',(#6556,#6557),#1374,.F.);
#7223=ADVANCED_FACE('',(#6558),#1375,.T.);
#7224=ADVANCED_FACE('',(#6559),#1376,.F.);
#7225=ADVANCED_FACE('',(#6560),#1377,.T.);
#7226=ADVANCED_FACE('',(#6561),#1378,.F.);
#7227=ADVANCED_FACE('',(#6562,#6563),#1379,.T.);
#7228=ADVANCED_FACE('',(#6564),#6822,.T.);
#7229=ADVANCED_FACE('',(#6565,#6566),#6823,.F.);
#7230=ADVANCED_FACE('',(#6567),#6824,.T.);
#7231=ADVANCED_FACE('',(#6568,#6569),#6825,.F.);
#7232=ADVANCED_FACE('',(#6570,#6571),#1380,.T.);
#7233=ADVANCED_FACE('',(#6572,#6573,#6574),#1381,.F.);
#7234=ADVANCED_FACE('',(#6575),#1382,.T.);
#7235=ADVANCED_FACE('',(#6576),#1383,.F.);
#7236=ADVANCED_FACE('',(#6577),#1384,.T.);
#7237=ADVANCED_FACE('',(#6578),#1385,.T.);
#7238=ADVANCED_FACE('',(#6579),#1386,.F.);
#7239=ADVANCED_FACE('',(#6580),#1387,.T.);
#7240=ADVANCED_FACE('',(#6581),#1388,.F.);
#7241=ADVANCED_FACE('',(#6582),#1389,.F.);
#7242=ADVANCED_FACE('',(#6583),#1390,.T.);
#7243=ADVANCED_FACE('',(#6584),#1391,.T.);
#7244=ADVANCED_FACE('',(#6585),#6826,.T.);
#7245=ADVANCED_FACE('',(#6586),#1392,.T.);
#7246=ADVANCED_FACE('',(#6587),#6827,.T.);
#7247=ADVANCED_FACE('',(#6588),#1393,.F.);
#7248=ADVANCED_FACE('',(#6589),#6828,.T.);
#7249=ADVANCED_FACE('',(#6590),#1394,.F.);
#7250=ADVANCED_FACE('',(#6591),#1395,.T.);
#7251=ADVANCED_FACE('',(#6592),#6829,.F.);
#7252=ADVANCED_FACE('',(#6593),#1396,.F.);
#7253=ADVANCED_FACE('',(#6594),#1397,.T.);
#7254=ADVANCED_FACE('',(#6595),#6830,.F.);
#7255=ADVANCED_FACE('',(#6596),#1398,.F.);
#7256=ADVANCED_FACE('',(#6597,#6598),#6831,.F.);
#7257=ADVANCED_FACE('',(#6599,#6600),#6832,.F.);
#7258=ADVANCED_FACE('',(#6601,#6602),#6833,.F.);
#7259=ADVANCED_FACE('',(#6603,#6604),#6834,.F.);
#7260=ADVANCED_FACE('',(#6605,#6606),#6835,.F.);
#7261=ADVANCED_FACE('',(#6607,#6608),#6836,.F.);
#7262=ADVANCED_FACE('',(#6609,#6610),#6837,.F.);
#7263=ADVANCED_FACE('',(#6611),#6838,.F.);
#7264=ADVANCED_FACE('',(#6612),#6839,.F.);
#7265=ADVANCED_FACE('',(#6613),#6840,.T.);
#7266=ADVANCED_FACE('',(#6614,#6615,#6616,#6617,#6618,#6619,#6620,#6621,
#6622,#6623),#1399,.T.);
#7267=ADVANCED_FACE('',(#6624,#6625,#6626,#6627,#6628,#6629,#6630,#6631,
#6632,#6633),#1400,.F.);
#7268=CLOSED_SHELL('',(#6841,#6842,#6843,#6844,#6845,#6846,#6847,#6848,
#6849,#6850,#6851,#6852,#6853,#6854,#6855,#6856,#6857,#6858));
#7269=CLOSED_SHELL('',(#6859,#6860,#6861,#6862,#6863,#6864,#6865,#6866,
#6867,#6868,#6869,#6870,#6871,#6872,#6873,#6874,#6875,#6876,#6877,#6878,
#6879,#6880,#6881,#6882,#6883,#6884,#6885,#6886,#6887,#6888,#6889,#6890,
#6891,#6892,#6893,#6894,#6895,#6896,#6897,#6898,#6899,#6900,#6901,#6902,
#6903,#6904,#6905,#6906,#6907,#6908,#6909,#6910,#6911,#6912,#6913,#6914,
#6915));
#7270=CLOSED_SHELL('',(#6916,#6917,#6918,#6919,#6920));
#7271=CLOSED_SHELL('',(#6921,#6922,#6923,#6924,#6925,#6926,#6927));
#7272=CLOSED_SHELL('',(#6928,#6929,#6930,#6931,#6932,#6933,#6934,#6935,
#6936,#6937,#6938,#6939));
#7273=CLOSED_SHELL('',(#6940,#6941));
#7274=CLOSED_SHELL('',(#6942,#6943,#6944,#6945,#6946,#6947,#6948,#6949,
#6950,#6951,#6952,#6953,#6954,#6955,#6956,#6957,#6958,#6959,#6960,#6961,
#6962,#6963,#6964,#6965,#6966,#6967,#6968,#6969,#6970,#6971,#6972,#6973,
#6974,#6975,#6976,#6977,#6978,#6979,#6980,#6981,#6982,#6983,#6984,#6985,
#6986,#6987,#6988,#6989,#6990,#6991,#6992,#6993,#6994,#6995,#6996,#6997,
#6998));
#7275=CLOSED_SHELL('',(#6999,#7000,#7001,#7002,#7003,#7004));
#7276=CLOSED_SHELL('',(#7005,#7006,#7007,#7008,#7009,#7010,#7011,#7012,
#7013,#7014,#7015,#7016,#7017,#7018,#7019,#7020,#7021,#7022,#7023,#7024,
#7025,#7026,#7027,#7028,#7029,#7030,#7031,#7032,#7033));
#7277=CLOSED_SHELL('',(#7034,#7035,#7036,#7037,#7038,#7039,#7040,#7041,
#7042,#7043,#7044,#7045,#7046,#7047,#7048,#7049,#7050,#7051,#7052,#7053,
#7054,#7055,#7056,#7057,#7058,#7059,#7060,#7061,#7062,#7063,#7064,#7065,
#7066,#7067,#7068,#7069,#7070,#7071,#7072,#7073,#7074,#7075,#7076,#7077,
#7078,#7079,#7080,#7081,#7082,#7083));
#7278=CLOSED_SHELL('',(#7084,#7085,#7086,#7087,#7088,#7089,#7090,#7091,
#7092,#7093,#7094,#7095,#7096,#7097,#7098,#7099,#7100));
#7279=CLOSED_SHELL('',(#7101,#7102,#7103,#7104,#7105,#7106,#7107,#7108,
#7109,#7110,#7111,#7112,#7113,#7114,#7115,#7116,#7117,#7118,#7119,#7120,
#7121,#7122,#7123,#7124,#7125,#7126,#7127,#7128,#7129,#7130,#7131,#7132,
#7133,#7134,#7135,#7136,#7137,#7138,#7139,#7140,#7141,#7142,#7143,#7144,
#7145,#7146,#7147,#7148,#7149,#7150,#7151,#7152,#7153,#7154,#7155,#7156,
#7157,#7158,#7159,#7160,#7161,#7162,#7163,#7164,#7165,#7166,#7167,#7168,
#7169,#7170,#7171,#7172,#7173,#7174,#7175,#7176,#7177,#7178,#7179,#7180,
#7181,#7182,#7183,#7184,#7185,#7186,#7187,#7188,#7189,#7190,#7191,#7192,
#7193,#7194,#7195,#7196,#7197,#7198,#7199,#7200,#7201));
#7280=CLOSED_SHELL('',(#7202,#7203,#7204,#7205,#7206,#7207,#7208,#7209,
#7210,#7211,#7212,#7213,#7214,#7215,#7216,#7217,#7218));
#7281=CLOSED_SHELL('',(#7219,#7220,#7221,#7222));
#7282=CLOSED_SHELL('',(#7223,#7224,#7225,#7226,#7227,#7228,#7229,#7230,
#7231,#7232,#7233,#7234,#7235,#7236,#7237,#7238,#7239,#7240,#7241,#7242));
#7283=CLOSED_SHELL('',(#7243,#7244,#7245,#7246,#7247,#7248,#7249,#7250,
#7251,#7252,#7253,#7254,#7255,#7256,#7257,#7258,#7259,#7260,#7261,#7262,
#7263,#7264,#7265,#7266,#7267));
#7284=STYLED_ITEM('',(#7300),#7419);
#7285=STYLED_ITEM('',(#7301),#7420);
#7286=STYLED_ITEM('',(#7302),#7421);
#7287=STYLED_ITEM('',(#7305),#7422);
#7288=STYLED_ITEM('',(#7306),#7423);
#7289=STYLED_ITEM('',(#7307),#7424);
#7290=STYLED_ITEM('',(#7309),#7425);
#7291=STYLED_ITEM('',(#7310),#7426);
#7292=STYLED_ITEM('',(#7311),#7427);
#7293=STYLED_ITEM('',(#7312),#7428);
#7294=STYLED_ITEM('',(#7313),#7429);
#7295=STYLED_ITEM('',(#7314),#7430);
#7296=STYLED_ITEM('',(#7315),#7431);
#7297=STYLED_ITEM('',(#7316),#7432);
#7298=STYLED_ITEM('',(#7317),#7433);
#7299=STYLED_ITEM('',(#7318),#7434);
#7300=PRESENTATION_STYLE_ASSIGNMENT((#7319));
#7301=PRESENTATION_STYLE_ASSIGNMENT((#7320));
#7302=PRESENTATION_STYLE_ASSIGNMENT((#7321));
#7303=PRESENTATION_STYLE_ASSIGNMENT((#7322));
#7304=PRESENTATION_STYLE_ASSIGNMENT((#7323));
#7305=PRESENTATION_STYLE_ASSIGNMENT((#7324));
#7306=PRESENTATION_STYLE_ASSIGNMENT((#7325));
#7307=PRESENTATION_STYLE_ASSIGNMENT((#7326));
#7308=PRESENTATION_STYLE_ASSIGNMENT((#7327));
#7309=PRESENTATION_STYLE_ASSIGNMENT((#7328));
#7310=PRESENTATION_STYLE_ASSIGNMENT((#7329));
#7311=PRESENTATION_STYLE_ASSIGNMENT((#7330));
#7312=PRESENTATION_STYLE_ASSIGNMENT((#7331));
#7313=PRESENTATION_STYLE_ASSIGNMENT((#7332));
#7314=PRESENTATION_STYLE_ASSIGNMENT((#7333));
#7315=PRESENTATION_STYLE_ASSIGNMENT((#7334));
#7316=PRESENTATION_STYLE_ASSIGNMENT((#7335));
#7317=PRESENTATION_STYLE_ASSIGNMENT((#7336));
#7318=PRESENTATION_STYLE_ASSIGNMENT((#7337));
#7319=SURFACE_STYLE_USAGE(.BOTH.,#7338);
#7320=SURFACE_STYLE_USAGE(.BOTH.,#7339);
#7321=SURFACE_STYLE_USAGE(.BOTH.,#7340);
#7322=SURFACE_STYLE_USAGE(.BOTH.,#7341);
#7323=SURFACE_STYLE_USAGE(.BOTH.,#7342);
#7324=SURFACE_STYLE_USAGE(.BOTH.,#7343);
#7325=SURFACE_STYLE_USAGE(.BOTH.,#7344);
#7326=SURFACE_STYLE_USAGE(.BOTH.,#7345);
#7327=SURFACE_STYLE_USAGE(.BOTH.,#7346);
#7328=SURFACE_STYLE_USAGE(.BOTH.,#7347);
#7329=SURFACE_STYLE_USAGE(.BOTH.,#7348);
#7330=SURFACE_STYLE_USAGE(.BOTH.,#7349);
#7331=SURFACE_STYLE_USAGE(.BOTH.,#7350);
#7332=SURFACE_STYLE_USAGE(.BOTH.,#7351);
#7333=SURFACE_STYLE_USAGE(.BOTH.,#7352);
#7334=SURFACE_STYLE_USAGE(.BOTH.,#7353);
#7335=SURFACE_STYLE_USAGE(.BOTH.,#7354);
#7336=SURFACE_STYLE_USAGE(.BOTH.,#7355);
#7337=SURFACE_STYLE_USAGE(.BOTH.,#7356);
#7338=SURFACE_SIDE_STYLE('',(#7357));
#7339=SURFACE_SIDE_STYLE('',(#7358));
#7340=SURFACE_SIDE_STYLE('',(#7359));
#7341=SURFACE_SIDE_STYLE('',(#7360));
#7342=SURFACE_SIDE_STYLE('',(#7361));
#7343=SURFACE_SIDE_STYLE('',(#7362));
#7344=SURFACE_SIDE_STYLE('',(#7363));
#7345=SURFACE_SIDE_STYLE('',(#7364));
#7346=SURFACE_SIDE_STYLE('',(#7365));
#7347=SURFACE_SIDE_STYLE('',(#7366));
#7348=SURFACE_SIDE_STYLE('',(#7367));
#7349=SURFACE_SIDE_STYLE('',(#7368));
#7350=SURFACE_SIDE_STYLE('',(#7369));
#7351=SURFACE_SIDE_STYLE('',(#7370));
#7352=SURFACE_SIDE_STYLE('',(#7371));
#7353=SURFACE_SIDE_STYLE('',(#7372));
#7354=SURFACE_SIDE_STYLE('',(#7373));
#7355=SURFACE_SIDE_STYLE('',(#7374));
#7356=SURFACE_SIDE_STYLE('',(#7375));
#7357=SURFACE_STYLE_FILL_AREA(#7376);
#7358=SURFACE_STYLE_FILL_AREA(#7377);
#7359=SURFACE_STYLE_FILL_AREA(#7378);
#7360=SURFACE_STYLE_FILL_AREA(#7379);
#7361=SURFACE_STYLE_FILL_AREA(#7380);
#7362=SURFACE_STYLE_FILL_AREA(#7381);
#7363=SURFACE_STYLE_FILL_AREA(#7382);
#7364=SURFACE_STYLE_FILL_AREA(#7383);
#7365=SURFACE_STYLE_FILL_AREA(#7384);
#7366=SURFACE_STYLE_FILL_AREA(#7385);
#7367=SURFACE_STYLE_FILL_AREA(#7386);
#7368=SURFACE_STYLE_FILL_AREA(#7387);
#7369=SURFACE_STYLE_FILL_AREA(#7388);
#7370=SURFACE_STYLE_FILL_AREA(#7389);
#7371=SURFACE_STYLE_FILL_AREA(#7390);
#7372=SURFACE_STYLE_FILL_AREA(#7391);
#7373=SURFACE_STYLE_FILL_AREA(#7392);
#7374=SURFACE_STYLE_FILL_AREA(#7393);
#7375=SURFACE_STYLE_FILL_AREA(#7394);
#7376=FILL_AREA_STYLE('',(#7395));
#7377=FILL_AREA_STYLE('',(#7396));
#7378=FILL_AREA_STYLE('',(#7397));
#7379=FILL_AREA_STYLE('',(#7398));
#7380=FILL_AREA_STYLE('',(#7399));
#7381=FILL_AREA_STYLE('',(#7400));
#7382=FILL_AREA_STYLE('',(#7401));
#7383=FILL_AREA_STYLE('',(#7402));
#7384=FILL_AREA_STYLE('',(#7403));
#7385=FILL_AREA_STYLE('',(#7404));
#7386=FILL_AREA_STYLE('',(#7405));
#7387=FILL_AREA_STYLE('',(#7406));
#7388=FILL_AREA_STYLE('',(#7407));
#7389=FILL_AREA_STYLE('',(#7408));
#7390=FILL_AREA_STYLE('',(#7409));
#7391=FILL_AREA_STYLE('',(#7410));
#7392=FILL_AREA_STYLE('',(#7411));
#7393=FILL_AREA_STYLE('',(#7412));
#7394=FILL_AREA_STYLE('',(#7413));
#7395=FILL_AREA_STYLE_COLOUR('',#7414);
#7396=FILL_AREA_STYLE_COLOUR('',#68);
#7397=FILL_AREA_STYLE_COLOUR('',#7415);
#7398=FILL_AREA_STYLE_COLOUR('',#7416);
#7399=FILL_AREA_STYLE_COLOUR('',#7416);
#7400=FILL_AREA_STYLE_COLOUR('',#7415);
#7401=FILL_AREA_STYLE_COLOUR('',#68);
#7402=FILL_AREA_STYLE_COLOUR('',#7417);
#7403=FILL_AREA_STYLE_COLOUR('',#7415);
#7404=FILL_AREA_STYLE_COLOUR('',#68);
#7405=FILL_AREA_STYLE_COLOUR('',#7414);
#7406=FILL_AREA_STYLE_COLOUR('',#68);
#7407=FILL_AREA_STYLE_COLOUR('',#68);
#7408=FILL_AREA_STYLE_COLOUR('',#68);
#7409=FILL_AREA_STYLE_COLOUR('',#68);
#7410=FILL_AREA_STYLE_COLOUR('',#68);
#7411=FILL_AREA_STYLE_COLOUR('',#7415);
#7412=FILL_AREA_STYLE_COLOUR('',#7414);
#7413=FILL_AREA_STYLE_COLOUR('',#7418);
#7414=COLOUR_RGB('',0.262745098039216,0.282352941176471,0.301960784313725);
#7415=COLOUR_RGB('',0.349019607843138,0.376470588235294,0.4);
#7416=COLOUR_RGB('',0.701960784313725,0.701960784313725,0.701960784313725);
#7417=COLOUR_RGB('',0.615686274509804,0.811764705882353,0.929411764705882);
#7418=COLOUR_RGB('',0.282352941176471,0.549019607843137,0.16078431372549);
#7419=MANIFOLD_SOLID_BREP('Wire Clamp - Upper Leg - Top',#7268);
#7420=MANIFOLD_SOLID_BREP('Upper Leg',#7269);
#7421=MANIFOLD_SOLID_BREP('MG4010E-i10v3',#7270);
#7422=MANIFOLD_SOLID_BREP('Accent',#7271);
#7423=MANIFOLD_SOLID_BREP('Lower Leg - Leg Inteface',#7272);
#7424=MANIFOLD_SOLID_BREP('Foot - Ball',#7273);
#7425=MANIFOLD_SOLID_BREP('Part 1',#7274);
#7426=MANIFOLD_SOLID_BREP('Leg Accent',#7275);
#7427=MANIFOLD_SOLID_BREP('Hip Motor Bracket - Base',#7276);
#7428=MANIFOLD_SOLID_BREP('Hip Motor Bracket - Riser',#7277);
#7429=MANIFOLD_SOLID_BREP('Hip Wire Clip',#7278);
#7430=MANIFOLD_SOLID_BREP('Hip Plate',#7279);
#7431=MANIFOLD_SOLID_BREP('PCB to Tube Clip',#7280);
#7432=MANIFOLD_SOLID_BREP('Carbon Fiber Tube 12mm OD 10mm ID',#7281);
#7433=MANIFOLD_SOLID_BREP('Splitloom Clip',#7282);
#7434=MANIFOLD_SOLID_BREP('PCB Footprint',#7283);
#7435=SHAPE_DEFINITION_REPRESENTATION(#13044,#7465);
#7436=SHAPE_DEFINITION_REPRESENTATION(#13045,#7466);
#7437=SHAPE_DEFINITION_REPRESENTATION(#13046,#7467);
#7438=SHAPE_DEFINITION_REPRESENTATION(#13048,#7468);
#7439=SHAPE_DEFINITION_REPRESENTATION(#13051,#7469);
#7440=SHAPE_DEFINITION_REPRESENTATION(#13053,#7470);
#7441=SHAPE_DEFINITION_REPRESENTATION(#13056,#7471);
#7442=SHAPE_DEFINITION_REPRESENTATION(#13057,#7472);
#7443=SHAPE_DEFINITION_REPRESENTATION(#13059,#7473);
#7444=SHAPE_DEFINITION_REPRESENTATION(#13061,#7474);
#7445=SHAPE_DEFINITION_REPRESENTATION(#13063,#7475);
#7446=SHAPE_DEFINITION_REPRESENTATION(#13066,#7476);
#7447=SHAPE_DEFINITION_REPRESENTATION(#13067,#7477);
#7448=SHAPE_DEFINITION_REPRESENTATION(#13069,#7478);
#7449=SHAPE_DEFINITION_REPRESENTATION(#13071,#7479);
#7450=SHAPE_DEFINITION_REPRESENTATION(#13075,#7480);
#7451=SHAPE_DEFINITION_REPRESENTATION(#13081,#7481);
#7452=SHAPE_DEFINITION_REPRESENTATION(#13087,#7482);
#7453=SHAPE_DEFINITION_REPRESENTATION(#13094,#7483);
#7454=SHAPE_DEFINITION_REPRESENTATION(#13101,#7484);
#7455=SHAPE_DEFINITION_REPRESENTATION(#13107,#7485);
#7456=SHAPE_DEFINITION_REPRESENTATION(#13113,#7486);
#7457=SHAPE_DEFINITION_REPRESENTATION(#13119,#7487);
#7458=SHAPE_DEFINITION_REPRESENTATION(#13125,#7488);
#7459=SHAPE_DEFINITION_REPRESENTATION(#13126,#7489);
#7460=SHAPE_DEFINITION_REPRESENTATION(#13128,#7490);
#7461=SHAPE_DEFINITION_REPRESENTATION(#13131,#7491);
#7462=SHAPE_DEFINITION_REPRESENTATION(#13138,#7492);
#7463=SHAPE_DEFINITION_REPRESENTATION(#13143,#7493);
#7464=SHAPE_DEFINITION_REPRESENTATION(#13151,#7494);
#7465=SHAPE_REPRESENTATION('Main',(#7495,#7680,#7824,#8035,#8040,#8045,
#8051,#8057,#8062,#8067,#8072,#8077,#8450,#8456),#12981);
#7466=SHAPE_REPRESENTATION('Upper Leg <1>',(#7495,#7530,#7655,#7656,#7666,
#7679),#12982);
#7467=SHAPE_REPRESENTATION('Wire Clamp - Upper Leg - Top',(#7495),#12983);
#7468=SHAPE_REPRESENTATION('Upper Leg',(#7495),#12984);
#7469=SHAPE_REPRESENTATION('MG4010E-i10v3',(#7495),#12985);
#7470=SHAPE_REPRESENTATION('Accent',(#7495),#12986);
#7471=SHAPE_REPRESENTATION('Lower Leg <4>',(#7495,#7707,#7712,#7812,#7823),
#12987);
#7472=SHAPE_REPRESENTATION('Lower Leg - Leg Inteface',(#7495),#12988);
#7473=SHAPE_REPRESENTATION('Foot - Ball',(#7495),#12989);
#7474=SHAPE_REPRESENTATION('Part 1',(#7495),#12990);
#7475=SHAPE_REPRESENTATION('Leg Accent',(#7495),#12991);
#7476=SHAPE_REPRESENTATION('Hip <2>',(#7495,#7886,#8004,#8033,#8034),#12992);
#7477=SHAPE_REPRESENTATION('Hip Motor Bracket - Base',(#7495),#12993);
#7478=SHAPE_REPRESENTATION('Hip Motor Bracket - Riser',(#7495),#12994);
#7479=SHAPE_REPRESENTATION('Hip Wire Clip',(#7495),#12995);
#7480=SHAPE_REPRESENTATION('Lower Leg <1>',(#7495,#8036,#8037,#8038,#8039),
#12996);
#7481=SHAPE_REPRESENTATION('Hip <4>',(#7495,#8041,#8042,#8043,#8044),#12997);
#7482=SHAPE_REPRESENTATION('Upper Leg <2>',(#7495,#8046,#8047,#8048,#8049,
#8050),#12998);
#7483=SHAPE_REPRESENTATION('Upper Leg <3>',(#7495,#8052,#8053,#8054,#8055,
#8056),#12999);
#7484=SHAPE_REPRESENTATION('Hip <1>',(#7495,#8058,#8059,#8060,#8061),#13000);
#7485=SHAPE_REPRESENTATION('Lower Leg <2>',(#7495,#8063,#8064,#8065,#8066),
#13001);
#7486=SHAPE_REPRESENTATION('Lower Leg <3>',(#7495,#8068,#8069,#8070,#8071),
#13002);
#7487=SHAPE_REPRESENTATION('Hip <3>',(#7495,#8073,#8074,#8075,#8076),#13003);
#7488=SHAPE_REPRESENTATION('Body <1>',(#7495,#8309,#8341,#8342,#8351,#8352,
#8353,#8354,#8355,#8356,#8385,#8386,#8387,#8388,#8444,#8445,#8446,#8447,
#8448,#8449),#13004);
#7489=SHAPE_REPRESENTATION('Hip Plate',(#7495),#13005);
#7490=SHAPE_REPRESENTATION('PCB to Tube Clip',(#7495),#13006);
#7491=SHAPE_REPRESENTATION('Carbon Fiber Tube 12mm OD 10mm ID',(#7495),
#13007);
#7492=SHAPE_REPRESENTATION('Splitloom Clip',(#7495),#13008);
#7493=SHAPE_REPRESENTATION('PCB Footprint',(#7495),#13009);
#7494=SHAPE_REPRESENTATION('Upper Leg <4>',(#7495,#8451,#8452,#8453,#8454,
#8455),#13010);
#7495=AXIS2_PLACEMENT_3D('',#10764,#8457,#8458);
#7496=AXIS2_PLACEMENT_3D('',#10765,#8459,#8460);
#7497=AXIS2_PLACEMENT_3D('',#10766,#8461,#8462);
#7498=AXIS2_PLACEMENT_3D('',#10768,#8463,#8464);
#7499=AXIS2_PLACEMENT_3D('',#10770,#8465,#8466);
#7500=AXIS2_PLACEMENT_3D('',#10771,#8467,#8468);
#7501=AXIS2_PLACEMENT_3D('',#10773,#8469,#8470);
#7502=AXIS2_PLACEMENT_3D('',#10775,#8471,#8472);
#7503=AXIS2_PLACEMENT_3D('',#10776,#8473,#8474);
#7504=AXIS2_PLACEMENT_3D('',#10787,#8479,#8480);
#7505=AXIS2_PLACEMENT_3D('',#10796,#8485,#8486);
#7506=AXIS2_PLACEMENT_3D('',#10800,#8488,#8489);
#7507=AXIS2_PLACEMENT_3D('',#10810,#8494,#8495);
#7508=AXIS2_PLACEMENT_3D('',#10817,#8499,#8500);
#7509=AXIS2_PLACEMENT_3D('',#10818,#8501,#8502);
#7510=AXIS2_PLACEMENT_3D('',#10819,#8503,#8504);
#7511=AXIS2_PLACEMENT_3D('',#10820,#8505,#8506);
#7512=AXIS2_PLACEMENT_3D('',#10821,#8507,#8508);
#7513=AXIS2_PLACEMENT_3D('',#10822,#8509,#8510);
#7514=AXIS2_PLACEMENT_3D('',#10823,#8511,#8512);
#7515=AXIS2_PLACEMENT_3D('',#10825,#8514,#8515);
#7516=AXIS2_PLACEMENT_3D('',#10827,#8517,#8518);
#7517=AXIS2_PLACEMENT_3D('',#10829,#8520,#8521);
#7518=AXIS2_PLACEMENT_3D('',#10831,#8523,#8524);
#7519=AXIS2_PLACEMENT_3D('',#10832,#8525,#8526);
#7520=AXIS2_PLACEMENT_3D('',#10833,#8527,#8528);
#7521=AXIS2_PLACEMENT_3D('',#10836,#8530,#8531);
#7522=AXIS2_PLACEMENT_3D('',#10837,#8532,#8533);
#7523=AXIS2_PLACEMENT_3D('',#10840,#8535,#8536);
#7524=AXIS2_PLACEMENT_3D('',#10841,#8537,#8538);
#7525=AXIS2_PLACEMENT_3D('',#10842,#8539,#8540);
#7526=AXIS2_PLACEMENT_3D('',#10844,#8541,#8542);
#7527=AXIS2_PLACEMENT_3D('',#10845,#8543,#8544);
#7528=AXIS2_PLACEMENT_3D('',#10846,#8545,#8546);
#7529=AXIS2_PLACEMENT_3D('',#10848,#8547,#8548);
#7530=AXIS2_PLACEMENT_3D('',#10849,#8549,#8550);
#7531=AXIS2_PLACEMENT_3D('',#10850,#8551,#8552);
#7532=AXIS2_PLACEMENT_3D('',#10851,#8553,#8554);
#7533=AXIS2_PLACEMENT_3D('',#10853,#8555,#8556);
#7534=AXIS2_PLACEMENT_3D('',#10855,#8557,#8558);
#7535=AXIS2_PLACEMENT_3D('',#10857,#8559,#8560);
#7536=AXIS2_PLACEMENT_3D('',#10859,#8561,#8562);
#7537=AXIS2_PLACEMENT_3D('',#10861,#8563,#8564);
#7538=AXIS2_PLACEMENT_3D('',#10864,#8565,#8566);
#7539=AXIS2_PLACEMENT_3D('',#10866,#8567,#8568);
#7540=AXIS2_PLACEMENT_3D('',#10868,#8569,#8570);
#7541=AXIS2_PLACEMENT_3D('',#10870,#8571,#8572);
#7542=AXIS2_PLACEMENT_3D('',#10872,#8573,#8574);
#7543=AXIS2_PLACEMENT_3D('',#10876,#8576,#8577);
#7544=AXIS2_PLACEMENT_3D('',#10880,#8579,#8580);
#7545=AXIS2_PLACEMENT_3D('',#10881,#8581,#8582);
#7546=AXIS2_PLACEMENT_3D('',#10883,#8583,#8584);
#7547=AXIS2_PLACEMENT_3D('',#10885,#8585,#8586);
#7548=AXIS2_PLACEMENT_3D('',#10887,#8587,#8588);
#7549=AXIS2_PLACEMENT_3D('',#10892,#8590,#8591);
#7550=AXIS2_PLACEMENT_3D('',#10895,#8593,#8594);
#7551=AXIS2_PLACEMENT_3D('',#10896,#8595,#8596);
#7552=AXIS2_PLACEMENT_3D('',#10898,#8597,#8598);
#7553=AXIS2_PLACEMENT_3D('',#10900,#8599,#8600);
#7554=AXIS2_PLACEMENT_3D('',#10901,#8601,#8602);
#7555=AXIS2_PLACEMENT_3D('',#10903,#8603,#8604);
#7556=AXIS2_PLACEMENT_3D('',#10905,#8605,#8606);
#7557=AXIS2_PLACEMENT_3D('',#10906,#8607,#8608);
#7558=AXIS2_PLACEMENT_3D('',#10908,#8609,#8610);
#7559=AXIS2_PLACEMENT_3D('',#10910,#8611,#8612);
#7560=AXIS2_PLACEMENT_3D('',#10911,#8613,#8614);
#7561=AXIS2_PLACEMENT_3D('',#10913,#8615,#8616);
#7562=AXIS2_PLACEMENT_3D('',#10915,#8617,#8618);
#7563=AXIS2_PLACEMENT_3D('',#10916,#8619,#8620);
#7564=AXIS2_PLACEMENT_3D('',#10918,#8621,#8622);
#7565=AXIS2_PLACEMENT_3D('',#10920,#8623,#8624);
#7566=AXIS2_PLACEMENT_3D('',#10921,#8625,#8626);
#7567=AXIS2_PLACEMENT_3D('',#10923,#8627,#8628);
#7568=AXIS2_PLACEMENT_3D('',#10925,#8629,#8630);
#7569=AXIS2_PLACEMENT_3D('',#10926,#8631,#8632);
#7570=AXIS2_PLACEMENT_3D('',#10928,#8633,#8634);
#7571=AXIS2_PLACEMENT_3D('',#10930,#8635,#8636);
#7572=AXIS2_PLACEMENT_3D('',#10939,#8641,#8642);
#7573=AXIS2_PLACEMENT_3D('',#10940,#8643,#8644);
#7574=AXIS2_PLACEMENT_3D('',#10942,#8645,#8646);
#7575=AXIS2_PLACEMENT_3D('',#10944,#8647,#8648);
#7576=AXIS2_PLACEMENT_3D('',#10948,#8650,#8651);
#7577=AXIS2_PLACEMENT_3D('',#10949,#8652,#8653);
#7578=AXIS2_PLACEMENT_3D('',#10955,#8657,#8658);
#7579=AXIS2_PLACEMENT_3D('',#10956,#8659,#8660);
#7580=AXIS2_PLACEMENT_3D('',#10960,#8662,#8663);
#7581=AXIS2_PLACEMENT_3D('',#10961,#8664,#8665);
#7582=AXIS2_PLACEMENT_3D('',#10962,#8666,#8667);
#7583=AXIS2_PLACEMENT_3D('',#10992,#8669,#8670);
#7584=AXIS2_PLACEMENT_3D('',#10993,#8671,#8672);
#7585=AXIS2_PLACEMENT_3D('',#10995,#8673,#8674);
#7586=AXIS2_PLACEMENT_3D('',#10996,#8675,#8676);
#7587=AXIS2_PLACEMENT_3D('',#10998,#8677,#8678);
#7588=AXIS2_PLACEMENT_3D('',#10999,#8679,#8680);
#7589=AXIS2_PLACEMENT_3D('',#11000,#8681,#8682);
#7590=AXIS2_PLACEMENT_3D('',#11001,#8683,#8684);
#7591=AXIS2_PLACEMENT_3D('',#11002,#8685,#8686);
#7592=AXIS2_PLACEMENT_3D('',#11004,#8687,#8688);
#7593=AXIS2_PLACEMENT_3D('',#11005,#8689,#8690);
#7594=AXIS2_PLACEMENT_3D('',#11007,#8691,#8692);
#7595=AXIS2_PLACEMENT_3D('',#11009,#8693,#8694);
#7596=AXIS2_PLACEMENT_3D('',#11011,#8695,#8696);
#7597=AXIS2_PLACEMENT_3D('',#11013,#8697,#8698);
#7598=AXIS2_PLACEMENT_3D('',#11015,#8699,#8700);
#7599=AXIS2_PLACEMENT_3D('',#11019,#8702,#8703);
#7600=AXIS2_PLACEMENT_3D('',#11020,#8704,#8705);
#7601=AXIS2_PLACEMENT_3D('',#11023,#8707,#8708);
#7602=AXIS2_PLACEMENT_3D('',#11024,#8709,#8710);
#7603=AXIS2_PLACEMENT_3D('',#11026,#8711,#8712);
#7604=AXIS2_PLACEMENT_3D('',#11027,#8713,#8714);
#7605=AXIS2_PLACEMENT_3D('',#11028,#8715,#8716);
#7606=AXIS2_PLACEMENT_3D('',#11034,#8717,#8718);
#7607=AXIS2_PLACEMENT_3D('',#11035,#8719,#8720);
#7608=AXIS2_PLACEMENT_3D('',#11036,#8721,#8722);
#7609=AXIS2_PLACEMENT_3D('',#11038,#8723,#8724);
#7610=AXIS2_PLACEMENT_3D('',#11039,#8725,#8726);
#7611=AXIS2_PLACEMENT_3D('',#11040,#8727,#8728);
#7612=AXIS2_PLACEMENT_3D('',#11042,#8729,#8730);
#7613=AXIS2_PLACEMENT_3D('',#11043,#8731,#8732);
#7614=AXIS2_PLACEMENT_3D('',#11044,#8733,#8734);
#7615=AXIS2_PLACEMENT_3D('',#11050,#8735,#8736);
#7616=AXIS2_PLACEMENT_3D('',#11051,#8737,#8738);
#7617=AXIS2_PLACEMENT_3D('',#11052,#8739,#8740);
#7618=AXIS2_PLACEMENT_3D('',#11054,#8741,#8742);
#7619=AXIS2_PLACEMENT_3D('',#11055,#8743,#8744);
#7620=AXIS2_PLACEMENT_3D('',#11056,#8745,#8746);
#7621=AXIS2_PLACEMENT_3D('',#11058,#8747,#8748);
#7622=AXIS2_PLACEMENT_3D('',#11059,#8749,#8750);
#7623=AXIS2_PLACEMENT_3D('',#11060,#8751,#8752);
#7624=AXIS2_PLACEMENT_3D('',#11062,#8753,#8754);
#7625=AXIS2_PLACEMENT_3D('',#11063,#8755,#8756);
#7626=AXIS2_PLACEMENT_3D('',#11064,#8757,#8758);
#7627=AXIS2_PLACEMENT_3D('',#11066,#8759,#8760);
#7628=AXIS2_PLACEMENT_3D('',#11067,#8761,#8762);
#7629=AXIS2_PLACEMENT_3D('',#11068,#8763,#8764);
#7630=AXIS2_PLACEMENT_3D('',#11070,#8765,#8766);
#7631=AXIS2_PLACEMENT_3D('',#11071,#8767,#8768);
#7632=AXIS2_PLACEMENT_3D('',#11077,#8772,#8773);
#7633=AXIS2_PLACEMENT_3D('',#11080,#8775,#8776);
#7634=AXIS2_PLACEMENT_3D('',#11081,#8777,#8778);
#7635=AXIS2_PLACEMENT_3D('',#11085,#8781,#8782);
#7636=AXIS2_PLACEMENT_3D('',#11086,#8783,#8784);
#7637=AXIS2_PLACEMENT_3D('',#11087,#8785,#8786);
#7638=AXIS2_PLACEMENT_3D('',#11088,#8787,#8788);
#7639=AXIS2_PLACEMENT_3D('',#11090,#8789,#8790);
#7640=AXIS2_PLACEMENT_3D('',#11091,#8791,#8792);
#7641=AXIS2_PLACEMENT_3D('',#11092,#8793,#8794);
#7642=AXIS2_PLACEMENT_3D('',#11094,#8795,#8796);
#7643=AXIS2_PLACEMENT_3D('',#11095,#8797,#8798);
#7644=AXIS2_PLACEMENT_3D('',#11096,#8799,#8800);
#7645=AXIS2_PLACEMENT_3D('',#11098,#8801,#8802);
#7646=AXIS2_PLACEMENT_3D('',#11099,#8803,#8804);
#7647=AXIS2_PLACEMENT_3D('',#11101,#8806,#8807);
#7648=AXIS2_PLACEMENT_3D('',#11103,#8809,#8810);
#7649=AXIS2_PLACEMENT_3D('',#11105,#8812,#8813);
#7650=AXIS2_PLACEMENT_3D('',#11107,#8815,#8816);
#7651=AXIS2_PLACEMENT_3D('',#11108,#8817,#8818);
#7652=AXIS2_PLACEMENT_3D('',#11110,#8820,#8821);
#7653=AXIS2_PLACEMENT_3D('',#11111,#8822,#8823);
#7654=AXIS2_PLACEMENT_3D('',#11113,#8825,#8826);
#7655=AXIS2_PLACEMENT_3D('',#11114,#8827,#8828);
#7656=AXIS2_PLACEMENT_3D('',#11115,#8829,#8830);
#7657=AXIS2_PLACEMENT_3D('',#11116,#8831,#8832);
#7658=AXIS2_PLACEMENT_3D('',#11117,#8833,#8834);
#7659=AXIS2_PLACEMENT_3D('',#11119,#8835,#8836);
#7660=AXIS2_PLACEMENT_3D('',#11121,#8837,#8838);
#7661=AXIS2_PLACEMENT_3D('',#11122,#8839,#8840);
#7662=AXIS2_PLACEMENT_3D('',#11124,#8841,#8842);
#7663=AXIS2_PLACEMENT_3D('',#11125,#8843,#8844);
#7664=AXIS2_PLACEMENT_3D('',#11126,#8845,#8846);
#7665=AXIS2_PLACEMENT_3D('',#11128,#8847,#8848);
#7666=AXIS2_PLACEMENT_3D('',#11129,#8849,#8850);
#7667=AXIS2_PLACEMENT_3D('',#11130,#8851,#8852);
#7668=AXIS2_PLACEMENT_3D('',#11139,#8857,#8858);
#7669=AXIS2_PLACEMENT_3D('',#11140,#8859,#8860);
#7670=AXIS2_PLACEMENT_3D('',#11144,#8862,#8863);
#7671=AXIS2_PLACEMENT_3D('',#11145,#8864,#8865);
#7672=AXIS2_PLACEMENT_3D('',#11189,#8869,#8870);
#7673=AXIS2_PLACEMENT_3D('',#11191,#8871,#8872);
#7674=AXIS2_PLACEMENT_3D('',#11193,#8873,#8874);
#7675=AXIS2_PLACEMENT_3D('',#11194,#8875,#8876);
#7676=AXIS2_PLACEMENT_3D('',#11195,#8877,#8878);
#7677=AXIS2_PLACEMENT_3D('',#11196,#8879,#8880);
#7678=AXIS2_PLACEMENT_3D('',#11197,#8881,#8882);
#7679=AXIS2_PLACEMENT_3D('',#11198,#8883,#8884);
#7680=AXIS2_PLACEMENT_3D('',#11199,#8885,#8886);
#7681=AXIS2_PLACEMENT_3D('',#11200,#8887,#8888);
#7682=AXIS2_PLACEMENT_3D('',#11201,#8889,#8890);
#7683=AXIS2_PLACEMENT_3D('',#11203,#8891,#8892);
#7684=AXIS2_PLACEMENT_3D('',#11205,#8893,#8894);
#7685=AXIS2_PLACEMENT_3D('',#11206,#8895,#8896);
#7686=AXIS2_PLACEMENT_3D('',#11208,#8897,#8898);
#7687=AXIS2_PLACEMENT_3D('',#11210,#8899,#8900);
#7688=AXIS2_PLACEMENT_3D('',#11212,#8901,#8902);
#7689=AXIS2_PLACEMENT_3D('',#11213,#8903,#8904);
#7690=AXIS2_PLACEMENT_3D('',#11215,#8905,#8906);
#7691=AXIS2_PLACEMENT_3D('',#11217,#8907,#8908);
#7692=AXIS2_PLACEMENT_3D('',#11219,#8909,#8910);
#7693=AXIS2_PLACEMENT_3D('',#11221,#8911,#8912);
#7694=AXIS2_PLACEMENT_3D('',#11223,#8913,#8914);
#7695=AXIS2_PLACEMENT_3D('',#11225,#8915,#8916);
#7696=AXIS2_PLACEMENT_3D('',#11226,#8917,#8918);
#7697=AXIS2_PLACEMENT_3D('',#11228,#8919,#8920);
#7698=AXIS2_PLACEMENT_3D('',#11229,#8921,#8922);
#7699=AXIS2_PLACEMENT_3D('',#11230,#8923,#8924);
#7700=AXIS2_PLACEMENT_3D('',#11232,#8925,#8926);
#7701=AXIS2_PLACEMENT_3D('',#11233,#8927,#8928);
#7702=AXIS2_PLACEMENT_3D('',#11234,#8929,#8930);
#7703=AXIS2_PLACEMENT_3D('',#11236,#8931,#8932);
#7704=AXIS2_PLACEMENT_3D('',#11237,#8933,#8934);
#7705=AXIS2_PLACEMENT_3D('',#11238,#8935,#8936);
#7706=AXIS2_PLACEMENT_3D('',#11239,#8937,#8938);
#7707=AXIS2_PLACEMENT_3D('',#11240,#8939,#8940);
#7708=AXIS2_PLACEMENT_3D('',#11241,#8941,#8942);
#7709=AXIS2_PLACEMENT_3D('',#11242,#8943,#8944);
#7710=AXIS2_PLACEMENT_3D('',#11244,#8945,#8946);
#7711=AXIS2_PLACEMENT_3D('',#11246,#8947,#8948);
#7712=AXIS2_PLACEMENT_3D('',#11247,#8949,#8950);
#7713=AXIS2_PLACEMENT_3D('',#11248,#8951,#8952);
#7714=AXIS2_PLACEMENT_3D('',#11249,#8953,#8954);
#7715=AXIS2_PLACEMENT_3D('',#11252,#8955,#8956);
#7716=AXIS2_PLACEMENT_3D('',#11254,#8957,#8958);
#7717=AXIS2_PLACEMENT_3D('',#11256,#8959,#8960);
#7718=AXIS2_PLACEMENT_3D('',#11264,#8961,#8962);
#7719=AXIS2_PLACEMENT_3D('',#11272,#8963,#8964);
#7720=AXIS2_PLACEMENT_3D('',#11273,#8965,#8966);
#7721=AXIS2_PLACEMENT_3D('',#11276,#8968,#8969);
#7722=AXIS2_PLACEMENT_3D('',#11279,#8971,#8972);
#7723=AXIS2_PLACEMENT_3D('',#11290,#8976,#8977);
#7724=AXIS2_PLACEMENT_3D('',#11291,#8978,#8979);
#7725=AXIS2_PLACEMENT_3D('',#11293,#8980,#8981);
#7726=AXIS2_PLACEMENT_3D('',#11295,#8982,#8983);
#7727=AXIS2_PLACEMENT_3D('',#11297,#8984,#8985);
#7728=AXIS2_PLACEMENT_3D('',#11308,#8990,#8991);
#7729=AXIS2_PLACEMENT_3D('',#11310,#8992,#8993);
#7730=AXIS2_PLACEMENT_3D('',#11312,#8994,#8995);
#7731=AXIS2_PLACEMENT_3D('',#11321,#9000,#9001);
#7732=AXIS2_PLACEMENT_3D('',#11324,#9003,#9004);
#7733=AXIS2_PLACEMENT_3D('',#11332,#9009,#9010);
#7734=AXIS2_PLACEMENT_3D('',#11333,#9011,#9012);
#7735=AXIS2_PLACEMENT_3D('',#11335,#9013,#9014);
#7736=AXIS2_PLACEMENT_3D('',#11337,#9015,#9016);
#7737=AXIS2_PLACEMENT_3D('',#11338,#9017,#9018);
#7738=AXIS2_PLACEMENT_3D('',#11340,#9019,#9020);
#7739=AXIS2_PLACEMENT_3D('',#11342,#9021,#9022);
#7740=AXIS2_PLACEMENT_3D('',#11343,#9023,#9024);
#7741=AXIS2_PLACEMENT_3D('',#11345,#9025,#9026);
#7742=AXIS2_PLACEMENT_3D('',#11347,#9027,#9028);
#7743=AXIS2_PLACEMENT_3D('',#11355,#9032,#9033);
#7744=AXIS2_PLACEMENT_3D('',#11359,#9035,#9036);
#7745=AXIS2_PLACEMENT_3D('',#11361,#9037,#9038);
#7746=AXIS2_PLACEMENT_3D('',#11363,#9039,#9040);
#7747=AXIS2_PLACEMENT_3D('',#11367,#9042,#9043);
#7748=AXIS2_PLACEMENT_3D('',#11377,#9049,#9050);
#7749=AXIS2_PLACEMENT_3D('',#11378,#9051,#9052);
#7750=AXIS2_PLACEMENT_3D('',#11382,#9054,#9055);
#7751=AXIS2_PLACEMENT_3D('',#11385,#9057,#9058);
#7752=AXIS2_PLACEMENT_3D('',#11388,#9060,#9061);
#7753=AXIS2_PLACEMENT_3D('',#11392,#9063,#9064);
#7754=AXIS2_PLACEMENT_3D('',#11395,#9066,#9067);
#7755=AXIS2_PLACEMENT_3D('',#11396,#9068,#9069);
#7756=AXIS2_PLACEMENT_3D('',#11401,#9071,#9072);
#7757=AXIS2_PLACEMENT_3D('',#11409,#9077,#9078);
#7758=AXIS2_PLACEMENT_3D('',#11415,#9080,#9081);
#7759=AXIS2_PLACEMENT_3D('',#11421,#9083,#9084);
#7760=AXIS2_PLACEMENT_3D('',#11423,#9086,#9087);
#7761=AXIS2_PLACEMENT_3D('',#11429,#9089,#9090);
#7762=AXIS2_PLACEMENT_3D('',#11438,#9095,#9096);
#7763=AXIS2_PLACEMENT_3D('',#11448,#9102,#9103);
#7764=AXIS2_PLACEMENT_3D('',#11449,#9104,#9105);
#7765=AXIS2_PLACEMENT_3D('',#11453,#9107,#9108);
#7766=AXIS2_PLACEMENT_3D('',#11454,#9109,#9110);
#7767=AXIS2_PLACEMENT_3D('',#11464,#9112,#9113);
#7768=AXIS2_PLACEMENT_3D('',#11471,#9114,#9115);
#7769=AXIS2_PLACEMENT_3D('',#11472,#9116,#9117);
#7770=AXIS2_PLACEMENT_3D('',#11476,#9119,#9120);
#7771=AXIS2_PLACEMENT_3D('',#11477,#9121,#9122);
#7772=AXIS2_PLACEMENT_3D('',#11484,#9127,#9128);
#7773=AXIS2_PLACEMENT_3D('',#11490,#9132,#9133);
#7774=AXIS2_PLACEMENT_3D('',#11499,#9140,#9141);
#7775=AXIS2_PLACEMENT_3D('',#11501,#9143,#9144);
#7776=AXIS2_PLACEMENT_3D('',#11507,#9148,#9149);
#7777=AXIS2_PLACEMENT_3D('',#11509,#9151,#9152);
#7778=AXIS2_PLACEMENT_3D('',#11511,#9154,#9155);
#7779=AXIS2_PLACEMENT_3D('',#11512,#9156,#9157);
#7780=AXIS2_PLACEMENT_3D('',#11515,#9160,#9161);
#7781=AXIS2_PLACEMENT_3D('',#11517,#9163,#9164);
#7782=AXIS2_PLACEMENT_3D('',#11519,#9166,#9167);
#7783=AXIS2_PLACEMENT_3D('',#11521,#9169,#9170);
#7784=AXIS2_PLACEMENT_3D('',#11523,#9172,#9173);
#7785=AXIS2_PLACEMENT_3D('',#11525,#9175,#9176);
#7786=AXIS2_PLACEMENT_3D('',#11526,#9177,#9178);
#7787=AXIS2_PLACEMENT_3D('',#11528,#9180,#9181);
#7788=AXIS2_PLACEMENT_3D('',#11529,#9182,#9183);
#7789=AXIS2_PLACEMENT_3D('',#11531,#9185,#9186);
#7790=AXIS2_PLACEMENT_3D('',#11532,#9187,#9188);
#7791=AXIS2_PLACEMENT_3D('',#11534,#9190,#9191);
#7792=AXIS2_PLACEMENT_3D('',#11535,#9192,#9193);
#7793=AXIS2_PLACEMENT_3D('',#11537,#9195,#9196);
#7794=AXIS2_PLACEMENT_3D('',#11538,#9197,#9198);
#7795=AXIS2_PLACEMENT_3D('',#11539,#9199,#9200);
#7796=AXIS2_PLACEMENT_3D('',#11541,#9201,#9202);
#7797=AXIS2_PLACEMENT_3D('',#11542,#9203,#9204);
#7798=AXIS2_PLACEMENT_3D('',#11543,#9205,#9206);
#7799=AXIS2_PLACEMENT_3D('',#11545,#9207,#9208);
#7800=AXIS2_PLACEMENT_3D('',#11546,#9209,#9210);
#7801=AXIS2_PLACEMENT_3D('',#11547,#9211,#9212);
#7802=AXIS2_PLACEMENT_3D('',#11549,#9213,#9214);
#7803=AXIS2_PLACEMENT_3D('',#11550,#9215,#9216);
#7804=AXIS2_PLACEMENT_3D('',#11556,#9220,#9221);
#7805=AXIS2_PLACEMENT_3D('',#11559,#9223,#9224);
#7806=AXIS2_PLACEMENT_3D('',#11560,#9225,#9226);
#7807=AXIS2_PLACEMENT_3D('',#11564,#9229,#9230);
#7808=AXIS2_PLACEMENT_3D('',#11565,#9231,#9232);
#7809=AXIS2_PLACEMENT_3D('',#11566,#9233,#9234);
#7810=AXIS2_PLACEMENT_3D('',#11567,#9235,#9236);
#7811=AXIS2_PLACEMENT_3D('',#11568,#9237,#9238);
#7812=AXIS2_PLACEMENT_3D('',#11569,#9239,#9240);
#7813=AXIS2_PLACEMENT_3D('',#11570,#9241,#9242);
#7814=AXIS2_PLACEMENT_3D('',#11579,#9247,#9248);
#7815=AXIS2_PLACEMENT_3D('',#11580,#9249,#9250);
#7816=AXIS2_PLACEMENT_3D('',#11584,#9252,#9253);
#7817=AXIS2_PLACEMENT_3D('',#11585,#9254,#9255);
#7818=AXIS2_PLACEMENT_3D('',#11591,#9259,#9260);
#7819=AXIS2_PLACEMENT_3D('',#11592,#9261,#9262);
#7820=AXIS2_PLACEMENT_3D('',#11593,#9263,#9264);
#7821=AXIS2_PLACEMENT_3D('',#11594,#9265,#9266);
#7822=AXIS2_PLACEMENT_3D('',#11595,#9267,#9268);
#7823=AXIS2_PLACEMENT_3D('',#11596,#9269,#9270);
#7824=AXIS2_PLACEMENT_3D('',#11597,#9271,#9272);
#7825=AXIS2_PLACEMENT_3D('',#11598,#9273,#9274);
#7826=AXIS2_PLACEMENT_3D('',#11599,#9275,#9276);
#7827=AXIS2_PLACEMENT_3D('',#11601,#9277,#9278);
#7828=AXIS2_PLACEMENT_3D('',#11603,#9279,#9280);
#7829=AXIS2_PLACEMENT_3D('',#11604,#9281,#9282);
#7830=AXIS2_PLACEMENT_3D('',#11606,#9283,#9284);
#7831=AXIS2_PLACEMENT_3D('',#11608,#9285,#9286);
#7832=AXIS2_PLACEMENT_3D('',#11609,#9287,#9288);
#7833=AXIS2_PLACEMENT_3D('',#11611,#9289,#9290);
#7834=AXIS2_PLACEMENT_3D('',#11613,#9291,#9292);
#7835=AXIS2_PLACEMENT_3D('',#11614,#9293,#9294);
#7836=AXIS2_PLACEMENT_3D('',#11616,#9295,#9296);
#7837=AXIS2_PLACEMENT_3D('',#11618,#9297,#9298);
#7838=AXIS2_PLACEMENT_3D('',#11627,#9303,#9304);
#7839=AXIS2_PLACEMENT_3D('',#11628,#9305,#9306);
#7840=AXIS2_PLACEMENT_3D('',#11632,#9308,#9309);
#7841=AXIS2_PLACEMENT_3D('',#11633,#9310,#9311);
#7842=AXIS2_PLACEMENT_3D('',#11639,#9315,#9316);
#7843=AXIS2_PLACEMENT_3D('',#11640,#9317,#9318);
#7844=AXIS2_PLACEMENT_3D('',#11642,#9319,#9320);
#7845=AXIS2_PLACEMENT_3D('',#11644,#9321,#9322);
#7846=AXIS2_PLACEMENT_3D('',#11655,#9328,#9329);
#7847=AXIS2_PLACEMENT_3D('',#11656,#9330,#9331);
#7848=AXIS2_PLACEMENT_3D('',#11658,#9332,#9333);
#7849=AXIS2_PLACEMENT_3D('',#11660,#9334,#9335);
#7850=AXIS2_PLACEMENT_3D('',#11661,#9336,#9337);
#7851=AXIS2_PLACEMENT_3D('',#11662,#9338,#9339);
#7852=AXIS2_PLACEMENT_3D('',#11663,#9340,#9341);
#7853=AXIS2_PLACEMENT_3D('',#11664,#9342,#9343);
#7854=AXIS2_PLACEMENT_3D('',#11666,#9344,#9345);
#7855=AXIS2_PLACEMENT_3D('',#11668,#9346,#9347);
#7856=AXIS2_PLACEMENT_3D('',#11669,#9348,#9349);
#7857=AXIS2_PLACEMENT_3D('',#11670,#9350,#9351);
#7858=AXIS2_PLACEMENT_3D('',#11671,#9352,#9353);
#7859=AXIS2_PLACEMENT_3D('',#11673,#9354,#9355);
#7860=AXIS2_PLACEMENT_3D('',#11674,#9356,#9357);
#7861=AXIS2_PLACEMENT_3D('',#11676,#9358,#9359);
#7862=AXIS2_PLACEMENT_3D('',#11678,#9360,#9361);
#7863=AXIS2_PLACEMENT_3D('',#11680,#9362,#9363);
#7864=AXIS2_PLACEMENT_3D('',#11681,#9364,#9365);
#7865=AXIS2_PLACEMENT_3D('',#11683,#9366,#9367);
#7866=AXIS2_PLACEMENT_3D('',#11684,#9368,#9369);
#7867=AXIS2_PLACEMENT_3D('',#11685,#9370,#9371);
#7868=AXIS2_PLACEMENT_3D('',#11687,#9372,#9373);
#7869=AXIS2_PLACEMENT_3D('',#11688,#9374,#9375);
#7870=AXIS2_PLACEMENT_3D('',#11689,#9376,#9377);
#7871=AXIS2_PLACEMENT_3D('',#11691,#9378,#9379);
#7872=AXIS2_PLACEMENT_3D('',#11692,#9380,#9381);
#7873=AXIS2_PLACEMENT_3D('',#11693,#9382,#9383);
#7874=AXIS2_PLACEMENT_3D('',#11695,#9384,#9385);
#7875=AXIS2_PLACEMENT_3D('',#11696,#9386,#9387);
#7876=AXIS2_PLACEMENT_3D('',#11697,#9388,#9389);
#7877=AXIS2_PLACEMENT_3D('',#11699,#9390,#9391);
#7878=AXIS2_PLACEMENT_3D('',#11700,#9392,#9393);
#7879=AXIS2_PLACEMENT_3D('',#11701,#9394,#9395);
#7880=AXIS2_PLACEMENT_3D('',#11703,#9396,#9397);
#7881=AXIS2_PLACEMENT_3D('',#11704,#9398,#9399);
#7882=AXIS2_PLACEMENT_3D('',#11705,#9400,#9401);
#7883=AXIS2_PLACEMENT_3D('',#11707,#9402,#9403);
#7884=AXIS2_PLACEMENT_3D('',#11708,#9404,#9405);
#7885=AXIS2_PLACEMENT_3D('',#11709,#9406,#9407);
#7886=AXIS2_PLACEMENT_3D('',#11710,#9408,#9409);
#7887=AXIS2_PLACEMENT_3D('',#11711,#9410,#9411);
#7888=AXIS2_PLACEMENT_3D('',#11715,#9413,#9414);
#7889=AXIS2_PLACEMENT_3D('',#11719,#9416,#9417);
#7890=AXIS2_PLACEMENT_3D('',#11723,#9419,#9420);
#7891=AXIS2_PLACEMENT_3D('',#11727,#9422,#9423);
#7892=AXIS2_PLACEMENT_3D('',#11731,#9425,#9426);
#7893=AXIS2_PLACEMENT_3D('',#11732,#9427,#9428);
#7894=AXIS2_PLACEMENT_3D('',#11733,#9429,#9430);
#7895=AXIS2_PLACEMENT_3D('',#11735,#9431,#9432);
#7896=AXIS2_PLACEMENT_3D('',#11737,#9433,#9434);
#7897=AXIS2_PLACEMENT_3D('',#11739,#9435,#9436);
#7898=AXIS2_PLACEMENT_3D('',#11747,#9440,#9441);
#7899=AXIS2_PLACEMENT_3D('',#11749,#9442,#9443);
#7900=AXIS2_PLACEMENT_3D('',#11751,#9444,#9445);
#7901=AXIS2_PLACEMENT_3D('',#11752,#9446,#9447);
#7902=AXIS2_PLACEMENT_3D('',#11754,#9448,#9449);
#7903=AXIS2_PLACEMENT_3D('',#11756,#9450,#9451);
#7904=AXIS2_PLACEMENT_3D('',#11772,#9459,#9460);
#7905=AXIS2_PLACEMENT_3D('',#11774,#9461,#9462);
#7906=AXIS2_PLACEMENT_3D('',#11776,#9463,#9464);
#7907=AXIS2_PLACEMENT_3D('',#11778,#9465,#9466);
#7908=AXIS2_PLACEMENT_3D('',#11780,#9467,#9468);
#7909=AXIS2_PLACEMENT_3D('',#11782,#9469,#9470);
#7910=AXIS2_PLACEMENT_3D('',#11784,#9471,#9472);
#7911=AXIS2_PLACEMENT_3D('',#11785,#9473,#9474);
#7912=AXIS2_PLACEMENT_3D('',#11786,#9475,#9476);
#7913=AXIS2_PLACEMENT_3D('',#11792,#9479,#9480);
#7914=AXIS2_PLACEMENT_3D('',#11797,#9483,#9484);
#7915=AXIS2_PLACEMENT_3D('',#11800,#9486,#9487);
#7916=AXIS2_PLACEMENT_3D('',#11804,#9489,#9490);
#7917=AXIS2_PLACEMENT_3D('',#11811,#9495,#9496);
#7918=AXIS2_PLACEMENT_3D('',#11812,#9497,#9498);
#7919=AXIS2_PLACEMENT_3D('',#11814,#9499,#9500);
#7920=AXIS2_PLACEMENT_3D('',#11816,#9501,#9502);
#7921=AXIS2_PLACEMENT_3D('',#11817,#9503,#9504);
#7922=AXIS2_PLACEMENT_3D('',#11819,#9505,#9506);
#7923=AXIS2_PLACEMENT_3D('',#11821,#9507,#9508);
#7924=AXIS2_PLACEMENT_3D('',#11822,#9509,#9510);
#7925=AXIS2_PLACEMENT_3D('',#11824,#9511,#9512);
#7926=AXIS2_PLACEMENT_3D('',#11826,#9513,#9514);
#7927=AXIS2_PLACEMENT_3D('',#11827,#9515,#9516);
#7928=AXIS2_PLACEMENT_3D('',#11829,#9517,#9518);
#7929=AXIS2_PLACEMENT_3D('',#11831,#9519,#9520);
#7930=AXIS2_PLACEMENT_3D('',#11832,#9521,#9522);
#7931=AXIS2_PLACEMENT_3D('',#11834,#9523,#9524);
#7932=AXIS2_PLACEMENT_3D('',#11836,#9525,#9526);
#7933=AXIS2_PLACEMENT_3D('',#11837,#9527,#9528);
#7934=AXIS2_PLACEMENT_3D('',#11839,#9529,#9530);
#7935=AXIS2_PLACEMENT_3D('',#11841,#9531,#9532);
#7936=AXIS2_PLACEMENT_3D('',#11842,#9533,#9534);
#7937=AXIS2_PLACEMENT_3D('',#11844,#9535,#9536);
#7938=AXIS2_PLACEMENT_3D('',#11846,#9537,#9538);
#7939=AXIS2_PLACEMENT_3D('',#11848,#9539,#9540);
#7940=AXIS2_PLACEMENT_3D('',#11853,#9543,#9544);
#7941=AXIS2_PLACEMENT_3D('',#11854,#9545,#9546);
#7942=AXIS2_PLACEMENT_3D('',#11867,#9547,#9548);
#7943=AXIS2_PLACEMENT_3D('',#11869,#9549,#9550);
#7944=AXIS2_PLACEMENT_3D('',#11870,#9551,#9552);
#7945=AXIS2_PLACEMENT_3D('',#11877,#9557,#9558);
#7946=AXIS2_PLACEMENT_3D('',#11883,#9562,#9563);
#7947=AXIS2_PLACEMENT_3D('',#11884,#9564,#9565);
#7948=AXIS2_PLACEMENT_3D('',#11886,#9566,#9567);
#7949=AXIS2_PLACEMENT_3D('',#11887,#9568,#9569);
#7950=AXIS2_PLACEMENT_3D('',#11889,#9570,#9571);
#7951=AXIS2_PLACEMENT_3D('',#11890,#9572,#9573);
#7952=AXIS2_PLACEMENT_3D('',#11891,#9574,#9575);
#7953=AXIS2_PLACEMENT_3D('',#11893,#9576,#9577);
#7954=AXIS2_PLACEMENT_3D('',#11894,#9578,#9579);
#7955=AXIS2_PLACEMENT_3D('',#11895,#9580,#9581);
#7956=AXIS2_PLACEMENT_3D('',#11897,#9582,#9583);
#7957=AXIS2_PLACEMENT_3D('',#11898,#9584,#9585);
#7958=AXIS2_PLACEMENT_3D('',#11901,#9587,#9588);
#7959=AXIS2_PLACEMENT_3D('',#11904,#9590,#9591);
#7960=AXIS2_PLACEMENT_3D('',#11905,#9592,#9593);
#7961=AXIS2_PLACEMENT_3D('',#11906,#9594,#9595);
#7962=AXIS2_PLACEMENT_3D('',#11907,#9596,#9597);
#7963=AXIS2_PLACEMENT_3D('',#11908,#9598,#9599);
#7964=AXIS2_PLACEMENT_3D('',#11913,#9602,#9603);
#7965=AXIS2_PLACEMENT_3D('',#11914,#9604,#9605);
#7966=AXIS2_PLACEMENT_3D('',#11915,#9606,#9607);
#7967=AXIS2_PLACEMENT_3D('',#11916,#9608,#9609);
#7968=AXIS2_PLACEMENT_3D('',#11917,#9610,#9611);
#7969=AXIS2_PLACEMENT_3D('',#11919,#9612,#9613);
#7970=AXIS2_PLACEMENT_3D('',#11920,#9614,#9615);
#7971=AXIS2_PLACEMENT_3D('',#11921,#9616,#9617);
#7972=AXIS2_PLACEMENT_3D('',#11923,#9618,#9619);
#7973=AXIS2_PLACEMENT_3D('',#11924,#9620,#9621);
#7974=AXIS2_PLACEMENT_3D('',#11927,#9623,#9624);
#7975=AXIS2_PLACEMENT_3D('',#11930,#9626,#9627);
#7976=AXIS2_PLACEMENT_3D('',#11931,#9628,#9629);
#7977=AXIS2_PLACEMENT_3D('',#11932,#9630,#9631);
#7978=AXIS2_PLACEMENT_3D('',#11933,#9632,#9633);
#7979=AXIS2_PLACEMENT_3D('',#11934,#9634,#9635);
#7980=AXIS2_PLACEMENT_3D('',#11939,#9638,#9639);
#7981=AXIS2_PLACEMENT_3D('',#11940,#9640,#9641);
#7982=AXIS2_PLACEMENT_3D('',#11941,#9642,#9643);
#7983=AXIS2_PLACEMENT_3D('',#11942,#9644,#9645);
#7984=AXIS2_PLACEMENT_3D('',#11943,#9646,#9647);
#7985=AXIS2_PLACEMENT_3D('',#11944,#9648,#9649);
#7986=AXIS2_PLACEMENT_3D('',#11945,#9650,#9651);
#7987=AXIS2_PLACEMENT_3D('',#11946,#9652,#9653);
#7988=AXIS2_PLACEMENT_3D('',#11947,#9654,#9655);
#7989=AXIS2_PLACEMENT_3D('',#11948,#9656,#9657);
#7990=AXIS2_PLACEMENT_3D('',#11949,#9658,#9659);
#7991=AXIS2_PLACEMENT_3D('',#11950,#9660,#9661);
#7992=AXIS2_PLACEMENT_3D('',#11951,#9662,#9663);
#7993=AXIS2_PLACEMENT_3D('',#11952,#9664,#9665);
#7994=AXIS2_PLACEMENT_3D('',#11953,#9666,#9667);
#7995=AXIS2_PLACEMENT_3D('',#11954,#9668,#9669);
#7996=AXIS2_PLACEMENT_3D('',#11955,#9670,#9671);
#7997=AXIS2_PLACEMENT_3D('',#11956,#9672,#9673);
#7998=AXIS2_PLACEMENT_3D('',#11958,#9675,#9676);
#7999=AXIS2_PLACEMENT_3D('',#11960,#9678,#9679);
#8000=AXIS2_PLACEMENT_3D('',#11961,#9680,#9681);
#8001=AXIS2_PLACEMENT_3D('',#11963,#9682,#9683);
#8002=AXIS2_PLACEMENT_3D('',#11964,#9684,#9685);
#8003=AXIS2_PLACEMENT_3D('',#11966,#9686,#9687);
#8004=AXIS2_PLACEMENT_3D('',#11967,#9688,#9689);
#8005=AXIS2_PLACEMENT_3D('',#11968,#9690,#9691);
#8006=AXIS2_PLACEMENT_3D('',#11969,#9692,#9693);
#8007=AXIS2_PLACEMENT_3D('',#11978,#9697,#9698);
#8008=AXIS2_PLACEMENT_3D('',#11979,#9699,#9700);
#8009=AXIS2_PLACEMENT_3D('',#11986,#9704,#9705);
#8010=AXIS2_PLACEMENT_3D('',#11991,#9708,#9709);
#8011=AXIS2_PLACEMENT_3D('',#11992,#9710,#9711);
#8012=AXIS2_PLACEMENT_3D('',#11995,#9713,#9714);
#8013=AXIS2_PLACEMENT_3D('',#12004,#9719,#9720);
#8014=AXIS2_PLACEMENT_3D('',#12005,#9721,#9722);
#8015=AXIS2_PLACEMENT_3D('',#12006,#9723,#9724);
#8016=AXIS2_PLACEMENT_3D('',#12008,#9725,#9726);
#8017=AXIS2_PLACEMENT_3D('',#12011,#9729,#9730);
#8018=AXIS2_PLACEMENT_3D('',#12019,#9734,#9735);
#8019=AXIS2_PLACEMENT_3D('',#12020,#9736,#9737);
#8020=AXIS2_PLACEMENT_3D('',#12022,#9738,#9739);
#8021=AXIS2_PLACEMENT_3D('',#12025,#9742,#9743);
#8022=AXIS2_PLACEMENT_3D('',#12026,#9744,#9745);
#8023=AXIS2_PLACEMENT_3D('',#12028,#9746,#9747);
#8024=AXIS2_PLACEMENT_3D('',#12029,#9748,#9749);
#8025=AXIS2_PLACEMENT_3D('',#12031,#9750,#9751);
#8026=AXIS2_PLACEMENT_3D('',#12032,#9752,#9753);
#8027=AXIS2_PLACEMENT_3D('',#12034,#9754,#9755);
#8028=AXIS2_PLACEMENT_3D('',#12035,#9756,#9757);
#8029=AXIS2_PLACEMENT_3D('',#12038,#9760,#9761);
#8030=AXIS2_PLACEMENT_3D('',#12040,#9763,#9764);
#8031=AXIS2_PLACEMENT_3D('',#12042,#9766,#9767);
#8032=AXIS2_PLACEMENT_3D('',#12043,#9768,#9769);
#8033=AXIS2_PLACEMENT_3D('',#12044,#9770,#9771);
#8034=AXIS2_PLACEMENT_3D('',#12045,#9772,#9773);
#8035=AXIS2_PLACEMENT_3D('',#12046,#9774,#9775);
#8036=AXIS2_PLACEMENT_3D('',#12047,#9776,#9777);
#8037=AXIS2_PLACEMENT_3D('',#12048,#9778,#9779);
#8038=AXIS2_PLACEMENT_3D('',#12049,#9780,#9781);
#8039=AXIS2_PLACEMENT_3D('',#12050,#9782,#9783);
#8040=AXIS2_PLACEMENT_3D('',#12051,#9784,#9785);
#8041=AXIS2_PLACEMENT_3D('',#12052,#9786,#9787);
#8042=AXIS2_PLACEMENT_3D('',#12053,#9788,#9789);
#8043=AXIS2_PLACEMENT_3D('',#12054,#9790,#9791);
#8044=AXIS2_PLACEMENT_3D('',#12055,#9792,#9793);
#8045=AXIS2_PLACEMENT_3D('',#12056,#9794,#9795);
#8046=AXIS2_PLACEMENT_3D('',#12057,#9796,#9797);
#8047=AXIS2_PLACEMENT_3D('',#12058,#9798,#9799);
#8048=AXIS2_PLACEMENT_3D('',#12059,#9800,#9801);
#8049=AXIS2_PLACEMENT_3D('',#12060,#9802,#9803);
#8050=AXIS2_PLACEMENT_3D('',#12061,#9804,#9805);
#8051=AXIS2_PLACEMENT_3D('',#12062,#9806,#9807);
#8052=AXIS2_PLACEMENT_3D('',#12063,#9808,#9809);
#8053=AXIS2_PLACEMENT_3D('',#12064,#9810,#9811);
#8054=AXIS2_PLACEMENT_3D('',#12065,#9812,#9813);
#8055=AXIS2_PLACEMENT_3D('',#12066,#9814,#9815);
#8056=AXIS2_PLACEMENT_3D('',#12067,#9816,#9817);
#8057=AXIS2_PLACEMENT_3D('',#12068,#9818,#9819);
#8058=AXIS2_PLACEMENT_3D('',#12069,#9820,#9821);
#8059=AXIS2_PLACEMENT_3D('',#12070,#9822,#9823);
#8060=AXIS2_PLACEMENT_3D('',#12071,#9824,#9825);
#8061=AXIS2_PLACEMENT_3D('',#12072,#9826,#9827);
#8062=AXIS2_PLACEMENT_3D('',#12073,#9828,#9829);
#8063=AXIS2_PLACEMENT_3D('',#12074,#9830,#9831);
#8064=AXIS2_PLACEMENT_3D('',#12075,#9832,#9833);
#8065=AXIS2_PLACEMENT_3D('',#12076,#9834,#9835);
#8066=AXIS2_PLACEMENT_3D('',#12077,#9836,#9837);
#8067=AXIS2_PLACEMENT_3D('',#12078,#9838,#9839);
#8068=AXIS2_PLACEMENT_3D('',#12079,#9840,#9841);
#8069=AXIS2_PLACEMENT_3D('',#12080,#9842,#9843);
#8070=AXIS2_PLACEMENT_3D('',#12081,#9844,#9845);
#8071=AXIS2_PLACEMENT_3D('',#12082,#9846,#9847);
#8072=AXIS2_PLACEMENT_3D('',#12083,#9848,#9849);
#8073=AXIS2_PLACEMENT_3D('',#12084,#9850,#9851);
#8074=AXIS2_PLACEMENT_3D('',#12085,#9852,#9853);
#8075=AXIS2_PLACEMENT_3D('',#12086,#9854,#9855);
#8076=AXIS2_PLACEMENT_3D('',#12087,#9856,#9857);
#8077=AXIS2_PLACEMENT_3D('',#12088,#9858,#9859);
#8078=AXIS2_PLACEMENT_3D('',#12089,#9860,#9861);
#8079=AXIS2_PLACEMENT_3D('',#12090,#9862,#9863);
#8080=AXIS2_PLACEMENT_3D('',#12092,#9864,#9865);
#8081=AXIS2_PLACEMENT_3D('',#12094,#9866,#9867);
#8082=AXIS2_PLACEMENT_3D('',#12095,#9868,#9869);
#8083=AXIS2_PLACEMENT_3D('',#12097,#9870,#9871);
#8084=AXIS2_PLACEMENT_3D('',#12099,#9872,#9873);
#8085=AXIS2_PLACEMENT_3D('',#12100,#9874,#9875);
#8086=AXIS2_PLACEMENT_3D('',#12102,#9876,#9877);
#8087=AXIS2_PLACEMENT_3D('',#12104,#9878,#9879);
#8088=AXIS2_PLACEMENT_3D('',#12105,#9880,#9881);
#8089=AXIS2_PLACEMENT_3D('',#12107,#9882,#9883);
#8090=AXIS2_PLACEMENT_3D('',#12109,#9884,#9885);
#8091=AXIS2_PLACEMENT_3D('',#12110,#9886,#9887);
#8092=AXIS2_PLACEMENT_3D('',#12123,#9888,#9889);
#8093=AXIS2_PLACEMENT_3D('',#12138,#9890,#9891);
#8094=AXIS2_PLACEMENT_3D('',#12139,#9892,#9893);
#8095=AXIS2_PLACEMENT_3D('',#12140,#9894,#9895);
#8096=AXIS2_PLACEMENT_3D('',#12153,#9896,#9897);
#8097=AXIS2_PLACEMENT_3D('',#12168,#9898,#9899);
#8098=AXIS2_PLACEMENT_3D('',#12169,#9900,#9901);
#8099=AXIS2_PLACEMENT_3D('',#12170,#9902,#9903);
#8100=AXIS2_PLACEMENT_3D('',#12183,#9904,#9905);
#8101=AXIS2_PLACEMENT_3D('',#12198,#9906,#9907);
#8102=AXIS2_PLACEMENT_3D('',#12199,#9908,#9909);
#8103=AXIS2_PLACEMENT_3D('',#12200,#9910,#9911);
#8104=AXIS2_PLACEMENT_3D('',#12213,#9912,#9913);
#8105=AXIS2_PLACEMENT_3D('',#12228,#9914,#9915);
#8106=AXIS2_PLACEMENT_3D('',#12229,#9916,#9917);
#8107=AXIS2_PLACEMENT_3D('',#12230,#9918,#9919);
#8108=AXIS2_PLACEMENT_3D('',#12232,#9920,#9921);
#8109=AXIS2_PLACEMENT_3D('',#12234,#9922,#9923);
#8110=AXIS2_PLACEMENT_3D('',#12235,#9924,#9925);
#8111=AXIS2_PLACEMENT_3D('',#12237,#9926,#9927);
#8112=AXIS2_PLACEMENT_3D('',#12239,#9928,#9929);
#8113=AXIS2_PLACEMENT_3D('',#12240,#9930,#9931);
#8114=AXIS2_PLACEMENT_3D('',#12242,#9932,#9933);
#8115=AXIS2_PLACEMENT_3D('',#12244,#9934,#9935);
#8116=AXIS2_PLACEMENT_3D('',#12245,#9936,#9937);
#8117=AXIS2_PLACEMENT_3D('',#12247,#9938,#9939);
#8118=AXIS2_PLACEMENT_3D('',#12249,#9940,#9941);
#8119=AXIS2_PLACEMENT_3D('',#12250,#9942,#9943);
#8120=AXIS2_PLACEMENT_3D('',#12252,#9944,#9945);
#8121=AXIS2_PLACEMENT_3D('',#12254,#9946,#9947);
#8122=AXIS2_PLACEMENT_3D('',#12255,#9948,#9949);
#8123=AXIS2_PLACEMENT_3D('',#12257,#9950,#9951);
#8124=AXIS2_PLACEMENT_3D('',#12259,#9952,#9953);
#8125=AXIS2_PLACEMENT_3D('',#12260,#9954,#9955);
#8126=AXIS2_PLACEMENT_3D('',#12262,#9956,#9957);
#8127=AXIS2_PLACEMENT_3D('',#12264,#9958,#9959);
#8128=AXIS2_PLACEMENT_3D('',#12265,#9960,#9961);
#8129=AXIS2_PLACEMENT_3D('',#12267,#9962,#9963);
#8130=AXIS2_PLACEMENT_3D('',#12269,#9964,#9965);
#8131=AXIS2_PLACEMENT_3D('',#12270,#9966,#9967);
#8132=AXIS2_PLACEMENT_3D('',#12272,#9968,#9969);
#8133=AXIS2_PLACEMENT_3D('',#12274,#9970,#9971);
#8134=AXIS2_PLACEMENT_3D('',#12275,#9972,#9973);
#8135=AXIS2_PLACEMENT_3D('',#12277,#9974,#9975);
#8136=AXIS2_PLACEMENT_3D('',#12279,#9976,#9977);
#8137=AXIS2_PLACEMENT_3D('',#12280,#9978,#9979);
#8138=AXIS2_PLACEMENT_3D('',#12282,#9980,#9981);
#8139=AXIS2_PLACEMENT_3D('',#12284,#9982,#9983);
#8140=AXIS2_PLACEMENT_3D('',#12285,#9984,#9985);
#8141=AXIS2_PLACEMENT_3D('',#12287,#9986,#9987);
#8142=AXIS2_PLACEMENT_3D('',#12289,#9988,#9989);
#8143=AXIS2_PLACEMENT_3D('',#12290,#9990,#9991);
#8144=AXIS2_PLACEMENT_3D('',#12292,#9992,#9993);
#8145=AXIS2_PLACEMENT_3D('',#12293,#9994,#9995);
#8146=AXIS2_PLACEMENT_3D('',#12295,#9996,#9997);
#8147=AXIS2_PLACEMENT_3D('',#12296,#9998,#9999);
#8148=AXIS2_PLACEMENT_3D('',#12298,#10000,#10001);
#8149=AXIS2_PLACEMENT_3D('',#12299,#10002,#10003);
#8150=AXIS2_PLACEMENT_3D('',#12301,#10004,#10005);
#8151=AXIS2_PLACEMENT_3D('',#12312,#10012,#10013);
#8152=AXIS2_PLACEMENT_3D('',#12313,#10014,#10015);
#8153=AXIS2_PLACEMENT_3D('',#12317,#10017,#10018);
#8154=AXIS2_PLACEMENT_3D('',#12318,#10019,#10020);
#8155=AXIS2_PLACEMENT_3D('',#12326,#10026,#10027);
#8156=AXIS2_PLACEMENT_3D('',#12335,#10032,#10033);
#8157=AXIS2_PLACEMENT_3D('',#12336,#10034,#10035);
#8158=AXIS2_PLACEMENT_3D('',#12340,#10037,#10038);
#8159=AXIS2_PLACEMENT_3D('',#12341,#10039,#10040);
#8160=AXIS2_PLACEMENT_3D('',#12347,#10044,#10045);
#8161=AXIS2_PLACEMENT_3D('',#12348,#10046,#10047);
#8162=AXIS2_PLACEMENT_3D('',#12353,#10049,#10050);
#8163=AXIS2_PLACEMENT_3D('',#12356,#10052,#10053);
#8164=AXIS2_PLACEMENT_3D('',#12362,#10057,#10058);
#8165=AXIS2_PLACEMENT_3D('',#12363,#10059,#10060);
#8166=AXIS2_PLACEMENT_3D('',#12367,#10062,#10063);
#8167=AXIS2_PLACEMENT_3D('',#12368,#10064,#10065);
#8168=AXIS2_PLACEMENT_3D('',#12369,#10066,#10067);
#8169=AXIS2_PLACEMENT_3D('',#12374,#10069,#10070);
#8170=AXIS2_PLACEMENT_3D('',#12377,#10072,#10073);
#8171=AXIS2_PLACEMENT_3D('',#12383,#10077,#10078);
#8172=AXIS2_PLACEMENT_3D('',#12384,#10079,#10080);
#8173=AXIS2_PLACEMENT_3D('',#12388,#10082,#10083);
#8174=AXIS2_PLACEMENT_3D('',#12389,#10084,#10085);
#8175=AXIS2_PLACEMENT_3D('',#12390,#10086,#10087);
#8176=AXIS2_PLACEMENT_3D('',#12395,#10089,#10090);
#8177=AXIS2_PLACEMENT_3D('',#12398,#10092,#10093);
#8178=AXIS2_PLACEMENT_3D('',#12404,#10097,#10098);
#8179=AXIS2_PLACEMENT_3D('',#12405,#10099,#10100);
#8180=AXIS2_PLACEMENT_3D('',#12409,#10102,#10103);
#8181=AXIS2_PLACEMENT_3D('',#12410,#10104,#10105);
#8182=AXIS2_PLACEMENT_3D('',#12411,#10106,#10107);
#8183=AXIS2_PLACEMENT_3D('',#12413,#10108,#10109);
#8184=AXIS2_PLACEMENT_3D('',#12415,#10110,#10111);
#8185=AXIS2_PLACEMENT_3D('',#12416,#10112,#10113);
#8186=AXIS2_PLACEMENT_3D('',#12418,#10114,#10115);
#8187=AXIS2_PLACEMENT_3D('',#12420,#10116,#10117);
#8188=AXIS2_PLACEMENT_3D('',#12421,#10118,#10119);
#8189=AXIS2_PLACEMENT_3D('',#12423,#10120,#10121);
#8190=AXIS2_PLACEMENT_3D('',#12425,#10122,#10123);
#8191=AXIS2_PLACEMENT_3D('',#12426,#10124,#10125);
#8192=AXIS2_PLACEMENT_3D('',#12428,#10126,#10127);
#8193=AXIS2_PLACEMENT_3D('',#12430,#10128,#10129);
#8194=AXIS2_PLACEMENT_3D('',#12431,#10130,#10131);
#8195=AXIS2_PLACEMENT_3D('',#12433,#10132,#10133);
#8196=AXIS2_PLACEMENT_3D('',#12435,#10134,#10135);
#8197=AXIS2_PLACEMENT_3D('',#12436,#10136,#10137);
#8198=AXIS2_PLACEMENT_3D('',#12438,#10138,#10139);
#8199=AXIS2_PLACEMENT_3D('',#12440,#10140,#10141);
#8200=AXIS2_PLACEMENT_3D('',#12441,#10142,#10143);
#8201=AXIS2_PLACEMENT_3D('',#12443,#10144,#10145);
#8202=AXIS2_PLACEMENT_3D('',#12445,#10146,#10147);
#8203=AXIS2_PLACEMENT_3D('',#12446,#10148,#10149);
#8204=AXIS2_PLACEMENT_3D('',#12448,#10150,#10151);
#8205=AXIS2_PLACEMENT_3D('',#12450,#10152,#10153);
#8206=AXIS2_PLACEMENT_3D('',#12451,#10154,#10155);
#8207=AXIS2_PLACEMENT_3D('',#12453,#10156,#10157);
#8208=AXIS2_PLACEMENT_3D('',#12455,#10158,#10159);
#8209=AXIS2_PLACEMENT_3D('',#12456,#10160,#10161);
#8210=AXIS2_PLACEMENT_3D('',#12458,#10162,#10163);
#8211=AXIS2_PLACEMENT_3D('',#12460,#10164,#10165);
#8212=AXIS2_PLACEMENT_3D('',#12461,#10166,#10167);
#8213=AXIS2_PLACEMENT_3D('',#12463,#10168,#10169);
#8214=AXIS2_PLACEMENT_3D('',#12465,#10170,#10171);
#8215=AXIS2_PLACEMENT_3D('',#12466,#10172,#10173);
#8216=AXIS2_PLACEMENT_3D('',#12467,#10174,#10175);
#8217=AXIS2_PLACEMENT_3D('',#12468,#10176,#10177);
#8218=AXIS2_PLACEMENT_3D('',#12471,#10180,#10181);
#8219=AXIS2_PLACEMENT_3D('',#12474,#10184,#10185);
#8220=AXIS2_PLACEMENT_3D('',#12477,#10188,#10189);
#8221=AXIS2_PLACEMENT_3D('',#12478,#10190,#10191);
#8222=AXIS2_PLACEMENT_3D('',#12479,#10192,#10193);
#8223=AXIS2_PLACEMENT_3D('',#12480,#10194,#10195);
#8224=AXIS2_PLACEMENT_3D('',#12481,#10196,#10197);
#8225=AXIS2_PLACEMENT_3D('',#12482,#10198,#10199);
#8226=AXIS2_PLACEMENT_3D('',#12483,#10200,#10201);
#8227=AXIS2_PLACEMENT_3D('',#12484,#10202,#10203);
#8228=AXIS2_PLACEMENT_3D('',#12485,#10204,#10205);
#8229=AXIS2_PLACEMENT_3D('',#12486,#10206,#10207);
#8230=AXIS2_PLACEMENT_3D('',#12488,#10208,#10209);
#8231=AXIS2_PLACEMENT_3D('',#12490,#10210,#10211);
#8232=AXIS2_PLACEMENT_3D('',#12492,#10212,#10213);
#8233=AXIS2_PLACEMENT_3D('',#12494,#10214,#10215);
#8234=AXIS2_PLACEMENT_3D('',#12496,#10216,#10217);
#8235=AXIS2_PLACEMENT_3D('',#12498,#10218,#10219);
#8236=AXIS2_PLACEMENT_3D('',#12500,#10220,#10221);
#8237=AXIS2_PLACEMENT_3D('',#12502,#10222,#10223);
#8238=AXIS2_PLACEMENT_3D('',#12504,#10224,#10225);
#8239=AXIS2_PLACEMENT_3D('',#12506,#10226,#10227);
#8240=AXIS2_PLACEMENT_3D('',#12508,#10228,#10229);
#8241=AXIS2_PLACEMENT_3D('',#12510,#10230,#10231);
#8242=AXIS2_PLACEMENT_3D('',#12512,#10232,#10233);
#8243=AXIS2_PLACEMENT_3D('',#12514,#10234,#10235);
#8244=AXIS2_PLACEMENT_3D('',#12516,#10236,#10237);
#8245=AXIS2_PLACEMENT_3D('',#12518,#10238,#10239);
#8246=AXIS2_PLACEMENT_3D('',#12519,#10240,#10241);
#8247=AXIS2_PLACEMENT_3D('',#12521,#10242,#10243);
#8248=AXIS2_PLACEMENT_3D('',#12522,#10244,#10245);
#8249=AXIS2_PLACEMENT_3D('',#12523,#10246,#10247);
#8250=AXIS2_PLACEMENT_3D('',#12525,#10248,#10249);
#8251=AXIS2_PLACEMENT_3D('',#12526,#10250,#10251);
#8252=AXIS2_PLACEMENT_3D('',#12527,#10252,#10253);
#8253=AXIS2_PLACEMENT_3D('',#12529,#10254,#10255);
#8254=AXIS2_PLACEMENT_3D('',#12530,#10256,#10257);
#8255=AXIS2_PLACEMENT_3D('',#12531,#10258,#10259);
#8256=AXIS2_PLACEMENT_3D('',#12533,#10260,#10261);
#8257=AXIS2_PLACEMENT_3D('',#12534,#10262,#10263);
#8258=AXIS2_PLACEMENT_3D('',#12535,#10264,#10265);
#8259=AXIS2_PLACEMENT_3D('',#12537,#10266,#10267);
#8260=AXIS2_PLACEMENT_3D('',#12538,#10268,#10269);
#8261=AXIS2_PLACEMENT_3D('',#12539,#10270,#10271);
#8262=AXIS2_PLACEMENT_3D('',#12541,#10272,#10273);
#8263=AXIS2_PLACEMENT_3D('',#12542,#10274,#10275);
#8264=AXIS2_PLACEMENT_3D('',#12543,#10276,#10277);
#8265=AXIS2_PLACEMENT_3D('',#12545,#10278,#10279);
#8266=AXIS2_PLACEMENT_3D('',#12546,#10280,#10281);
#8267=AXIS2_PLACEMENT_3D('',#12547,#10282,#10283);
#8268=AXIS2_PLACEMENT_3D('',#12549,#10284,#10285);
#8269=AXIS2_PLACEMENT_3D('',#12550,#10286,#10287);
#8270=AXIS2_PLACEMENT_3D('',#12551,#10288,#10289);
#8271=AXIS2_PLACEMENT_3D('',#12553,#10290,#10291);
#8272=AXIS2_PLACEMENT_3D('',#12554,#10292,#10293);
#8273=AXIS2_PLACEMENT_3D('',#12555,#10294,#10295);
#8274=AXIS2_PLACEMENT_3D('',#12557,#10296,#10297);
#8275=AXIS2_PLACEMENT_3D('',#12558,#10298,#10299);
#8276=AXIS2_PLACEMENT_3D('',#12559,#10300,#10301);
#8277=AXIS2_PLACEMENT_3D('',#12561,#10302,#10303);
#8278=AXIS2_PLACEMENT_3D('',#12562,#10304,#10305);
#8279=AXIS2_PLACEMENT_3D('',#12563,#10306,#10307);
#8280=AXIS2_PLACEMENT_3D('',#12565,#10308,#10309);
#8281=AXIS2_PLACEMENT_3D('',#12566,#10310,#10311);
#8282=AXIS2_PLACEMENT_3D('',#12567,#10312,#10313);
#8283=AXIS2_PLACEMENT_3D('',#12569,#10314,#10315);
#8284=AXIS2_PLACEMENT_3D('',#12570,#10316,#10317);
#8285=AXIS2_PLACEMENT_3D('',#12571,#10318,#10319);
#8286=AXIS2_PLACEMENT_3D('',#12573,#10320,#10321);
#8287=AXIS2_PLACEMENT_3D('',#12574,#10322,#10323);
#8288=AXIS2_PLACEMENT_3D('',#12575,#10324,#10325);
#8289=AXIS2_PLACEMENT_3D('',#12577,#10326,#10327);
#8290=AXIS2_PLACEMENT_3D('',#12578,#10328,#10329);
#8291=AXIS2_PLACEMENT_3D('',#12579,#10330,#10331);
#8292=AXIS2_PLACEMENT_3D('',#12581,#10332,#10333);
#8293=AXIS2_PLACEMENT_3D('',#12582,#10334,#10335);
#8294=AXIS2_PLACEMENT_3D('',#12583,#10336,#10337);
#8295=AXIS2_PLACEMENT_3D('',#12585,#10338,#10339);
#8296=AXIS2_PLACEMENT_3D('',#12586,#10340,#10341);
#8297=AXIS2_PLACEMENT_3D('',#12587,#10342,#10343);
#8298=AXIS2_PLACEMENT_3D('',#12589,#10344,#10345);
#8299=AXIS2_PLACEMENT_3D('',#12590,#10346,#10347);
#8300=AXIS2_PLACEMENT_3D('',#12591,#10348,#10349);
#8301=AXIS2_PLACEMENT_3D('',#12593,#10350,#10351);
#8302=AXIS2_PLACEMENT_3D('',#12594,#10352,#10353);
#8303=AXIS2_PLACEMENT_3D('',#12595,#10354,#10355);
#8304=AXIS2_PLACEMENT_3D('',#12597,#10356,#10357);
#8305=AXIS2_PLACEMENT_3D('',#12598,#10358,#10359);
#8306=AXIS2_PLACEMENT_3D('',#12599,#10360,#10361);
#8307=AXIS2_PLACEMENT_3D('',#12600,#10362,#10363);
#8308=AXIS2_PLACEMENT_3D('',#12601,#10364,#10365);
#8309=AXIS2_PLACEMENT_3D('',#12602,#10366,#10367);
#8310=AXIS2_PLACEMENT_3D('',#12603,#10368,#10369);
#8311=AXIS2_PLACEMENT_3D('',#12604,#10370,#10371);
#8312=AXIS2_PLACEMENT_3D('',#12606,#10372,#10373);
#8313=AXIS2_PLACEMENT_3D('',#12608,#10374,#10375);
#8314=AXIS2_PLACEMENT_3D('',#12614,#10378,#10379);
#8315=AXIS2_PLACEMENT_3D('',#12621,#10383,#10384);
#8316=AXIS2_PLACEMENT_3D('',#12630,#10389,#10390);
#8317=AXIS2_PLACEMENT_3D('',#12631,#10391,#10392);
#8318=AXIS2_PLACEMENT_3D('',#12641,#10397,#10398);
#8319=AXIS2_PLACEMENT_3D('',#12647,#10402,#10403);
#8320=AXIS2_PLACEMENT_3D('',#12648,#10404,#10405);
#8321=AXIS2_PLACEMENT_3D('',#12655,#10409,#10410);
#8322=AXIS2_PLACEMENT_3D('',#12656,#10411,#10412);
#8323=AXIS2_PLACEMENT_3D('',#12660,#10414,#10415);
#8324=AXIS2_PLACEMENT_3D('',#12661,#10416,#10417);
#8325=AXIS2_PLACEMENT_3D('',#12667,#10421,#10422);
#8326=AXIS2_PLACEMENT_3D('',#12673,#10426,#10427);
#8327=AXIS2_PLACEMENT_3D('',#12674,#10428,#10429);
#8328=AXIS2_PLACEMENT_3D('',#12675,#10430,#10431);
#8329=AXIS2_PLACEMENT_3D('',#12676,#10432,#10433);
#8330=AXIS2_PLACEMENT_3D('',#12677,#10434,#10435);
#8331=AXIS2_PLACEMENT_3D('',#12678,#10436,#10437);
#8332=AXIS2_PLACEMENT_3D('',#12679,#10438,#10439);
#8333=AXIS2_PLACEMENT_3D('',#12680,#10440,#10441);
#8334=AXIS2_PLACEMENT_3D('',#12681,#10442,#10443);
#8335=AXIS2_PLACEMENT_3D('',#12682,#10444,#10445);
#8336=AXIS2_PLACEMENT_3D('',#12683,#10446,#10447);
#8337=AXIS2_PLACEMENT_3D('',#12698,#10448,#10449);
#8338=AXIS2_PLACEMENT_3D('',#12699,#10450,#10451);
#8339=AXIS2_PLACEMENT_3D('',#12700,#10452,#10453);
#8340=AXIS2_PLACEMENT_3D('',#12701,#10454,#10455);
#8341=AXIS2_PLACEMENT_3D('',#12702,#10456,#10457);
#8342=AXIS2_PLACEMENT_3D('',#12703,#10458,#10459);
#8343=AXIS2_PLACEMENT_3D('',#12704,#10460,#10461);
#8344=AXIS2_PLACEMENT_3D('',#12705,#10462,#10463);
#8345=AXIS2_PLACEMENT_3D('',#12707,#10464,#10465);
#8346=AXIS2_PLACEMENT_3D('',#12709,#10466,#10467);
#8347=AXIS2_PLACEMENT_3D('',#12710,#10468,#10469);
#8348=AXIS2_PLACEMENT_3D('',#12712,#10470,#10471);
#8349=AXIS2_PLACEMENT_3D('',#12714,#10472,#10473);
#8350=AXIS2_PLACEMENT_3D('',#12715,#10474,#10475);
#8351=AXIS2_PLACEMENT_3D('',#12716,#10476,#10477);
#8352=AXIS2_PLACEMENT_3D('',#12717,#10478,#10479);
#8353=AXIS2_PLACEMENT_3D('',#12718,#10480,#10481);
#8354=AXIS2_PLACEMENT_3D('',#12719,#10482,#10483);
#8355=AXIS2_PLACEMENT_3D('',#12720,#10484,#10485);
#8356=AXIS2_PLACEMENT_3D('',#12721,#10486,#10487);
#8357=AXIS2_PLACEMENT_3D('',#12722,#10488,#10489);
#8358=AXIS2_PLACEMENT_3D('',#12731,#10494,#10495);
#8359=AXIS2_PLACEMENT_3D('',#12740,#10500,#10501);
#8360=AXIS2_PLACEMENT_3D('',#12767,#10516,#10517);
#8361=AXIS2_PLACEMENT_3D('',#12794,#10532,#10533);
#8362=AXIS2_PLACEMENT_3D('',#12795,#10534,#10535);
#8363=AXIS2_PLACEMENT_3D('',#12798,#10537,#10538);
#8364=AXIS2_PLACEMENT_3D('',#12799,#10539,#10540);
#8365=AXIS2_PLACEMENT_3D('',#12800,#10541,#10542);
#8366=AXIS2_PLACEMENT_3D('',#12801,#10543,#10544);
#8367=AXIS2_PLACEMENT_3D('',#12802,#10545,#10546);
#8368=AXIS2_PLACEMENT_3D('',#12804,#10547,#10548);
#8369=AXIS2_PLACEMENT_3D('',#12805,#10549,#10550);
#8370=AXIS2_PLACEMENT_3D('',#12806,#10551,#10552);
#8371=AXIS2_PLACEMENT_3D('',#12807,#10553,#10554);
#8372=AXIS2_PLACEMENT_3D('',#12808,#10555,#10556);
#8373=AXIS2_PLACEMENT_3D('',#12810,#10557,#10558);
#8374=AXIS2_PLACEMENT_3D('',#12812,#10559,#10560);
#8375=AXIS2_PLACEMENT_3D('',#12814,#10562,#10563);
#8376=AXIS2_PLACEMENT_3D('',#12815,#10564,#10565);
#8377=AXIS2_PLACEMENT_3D('',#12817,#10567,#10568);
#8378=AXIS2_PLACEMENT_3D('',#12819,#10570,#10571);
#8379=AXIS2_PLACEMENT_3D('',#12820,#10572,#10573);
#8380=AXIS2_PLACEMENT_3D('',#12822,#10575,#10576);
#8381=AXIS2_PLACEMENT_3D('',#12824,#10578,#10579);
#8382=AXIS2_PLACEMENT_3D('',#12825,#10580,#10581);
#8383=AXIS2_PLACEMENT_3D('',#12827,#10583,#10584);
#8384=AXIS2_PLACEMENT_3D('',#12829,#10586,#10587);
#8385=AXIS2_PLACEMENT_3D('',#12830,#10588,#10589);
#8386=AXIS2_PLACEMENT_3D('',#12831,#10590,#10591);
#8387=AXIS2_PLACEMENT_3D('',#12832,#10592,#10593);
#8388=AXIS2_PLACEMENT_3D('',#12833,#10594,#10595);
#8389=AXIS2_PLACEMENT_3D('',#12834,#10596,#10597);
#8390=AXIS2_PLACEMENT_3D('',#12843,#10602,#10603);
#8391=AXIS2_PLACEMENT_3D('',#12844,#10604,#10605);
#8392=AXIS2_PLACEMENT_3D('',#12848,#10607,#10608);
#8393=AXIS2_PLACEMENT_3D('',#12849,#10609,#10610);
#8394=AXIS2_PLACEMENT_3D('',#12855,#10614,#10615);
#8395=AXIS2_PLACEMENT_3D('',#12856,#10616,#10617);
#8396=AXIS2_PLACEMENT_3D('',#12860,#10619,#10620);
#8397=AXIS2_PLACEMENT_3D('',#12861,#10621,#10622);
#8398=AXIS2_PLACEMENT_3D('',#12867,#10626,#10627);
#8399=AXIS2_PLACEMENT_3D('',#12868,#10628,#10629);
#8400=AXIS2_PLACEMENT_3D('',#12872,#10631,#10632);
#8401=AXIS2_PLACEMENT_3D('',#12873,#10633,#10634);
#8402=AXIS2_PLACEMENT_3D('',#12879,#10638,#10639);
#8403=AXIS2_PLACEMENT_3D('',#12888,#10644,#10645);
#8404=AXIS2_PLACEMENT_3D('',#12889,#10646,#10647);
#8405=AXIS2_PLACEMENT_3D('',#12893,#10649,#10650);
#8406=AXIS2_PLACEMENT_3D('',#12894,#10651,#10652);
#8407=AXIS2_PLACEMENT_3D('',#12900,#10656,#10657);
#8408=AXIS2_PLACEMENT_3D('',#12909,#10662,#10663);
#8409=AXIS2_PLACEMENT_3D('',#12910,#10664,#10665);
#8410=AXIS2_PLACEMENT_3D('',#12914,#10667,#10668);
#8411=AXIS2_PLACEMENT_3D('',#12915,#10669,#10670);
#8412=AXIS2_PLACEMENT_3D('',#12921,#10674,#10675);
#8413=AXIS2_PLACEMENT_3D('',#12922,#10676,#10677);
#8414=AXIS2_PLACEMENT_3D('',#12924,#10678,#10679);
#8415=AXIS2_PLACEMENT_3D('',#12926,#10680,#10681);
#8416=AXIS2_PLACEMENT_3D('',#12927,#10682,#10683);
#8417=AXIS2_PLACEMENT_3D('',#12929,#10684,#10685);
#8418=AXIS2_PLACEMENT_3D('',#12931,#10686,#10687);
#8419=AXIS2_PLACEMENT_3D('',#12932,#10688,#10689);
#8420=AXIS2_PLACEMENT_3D('',#12934,#10690,#10691);
#8421=AXIS2_PLACEMENT_3D('',#12936,#10692,#10693);
#8422=AXIS2_PLACEMENT_3D('',#12937,#10694,#10695);
#8423=AXIS2_PLACEMENT_3D('',#12939,#10696,#10697);
#8424=AXIS2_PLACEMENT_3D('',#12941,#10698,#10699);
#8425=AXIS2_PLACEMENT_3D('',#12942,#10700,#10701);
#8426=AXIS2_PLACEMENT_3D('',#12944,#10702,#10703);
#8427=AXIS2_PLACEMENT_3D('',#12946,#10704,#10705);
#8428=AXIS2_PLACEMENT_3D('',#12947,#10706,#10707);
#8429=AXIS2_PLACEMENT_3D('',#12949,#10708,#10709);
#8430=AXIS2_PLACEMENT_3D('',#12951,#10710,#10711);
#8431=AXIS2_PLACEMENT_3D('',#12952,#10712,#10713);
#8432=AXIS2_PLACEMENT_3D('',#12954,#10714,#10715);
#8433=AXIS2_PLACEMENT_3D('',#12956,#10716,#10717);
#8434=AXIS2_PLACEMENT_3D('',#12957,#10718,#10719);
#8435=AXIS2_PLACEMENT_3D('',#12958,#10720,#10721);
#8436=AXIS2_PLACEMENT_3D('',#12959,#10722,#10723);
#8437=AXIS2_PLACEMENT_3D('',#12960,#10724,#10725);
#8438=AXIS2_PLACEMENT_3D('',#12961,#10726,#10727);
#8439=AXIS2_PLACEMENT_3D('',#12962,#10728,#10729);
#8440=AXIS2_PLACEMENT_3D('',#12963,#10730,#10731);
#8441=AXIS2_PLACEMENT_3D('',#12964,#10732,#10733);
#8442=AXIS2_PLACEMENT_3D('',#12965,#10734,#10735);
#8443=AXIS2_PLACEMENT_3D('',#12966,#10736,#10737);
#8444=AXIS2_PLACEMENT_3D('',#12967,#10738,#10739);
#8445=AXIS2_PLACEMENT_3D('',#12968,#10740,#10741);
#8446=AXIS2_PLACEMENT_3D('',#12969,#10742,#10743);
#8447=AXIS2_PLACEMENT_3D('',#12970,#10744,#10745);
#8448=AXIS2_PLACEMENT_3D('',#12971,#10746,#10747);
#8449=AXIS2_PLACEMENT_3D('',#12972,#10748,#10749);
#8450=AXIS2_PLACEMENT_3D('',#12973,#10750,#10751);
#8451=AXIS2_PLACEMENT_3D('',#12974,#10752,#10753);
#8452=AXIS2_PLACEMENT_3D('',#12975,#10754,#10755);
#8453=AXIS2_PLACEMENT_3D('',#12976,#10756,#10757);
#8454=AXIS2_PLACEMENT_3D('',#12977,#10758,#10759);
#8455=AXIS2_PLACEMENT_3D('',#12978,#10760,#10761);
#8456=AXIS2_PLACEMENT_3D('',#12979,#10762,#10763);
#8457=DIRECTION('',(0.,0.,1.));
#8458=DIRECTION('',(1.,0.,0.));
#8459=DIRECTION('',(0.,0.,-1.));
#8460=DIRECTION('',(-1.,0.,0.));
#8461=DIRECTION('',(0.,0.,1.));
#8462=DIRECTION('',(1.,0.,0.));
#8463=DIRECTION('',(0.,0.,1.));
#8464=DIRECTION('',(1.,0.,0.));
#8465=DIRECTION('',(0.,0.,-1.));
#8466=DIRECTION('',(-1.,0.,0.));
#8467=DIRECTION('',(0.,0.,1.));
#8468=DIRECTION('',(1.,0.,0.));
#8469=DIRECTION('',(0.,0.,1.));
#8470=DIRECTION('',(1.,0.,0.));
#8471=DIRECTION('',(1.,1.85470905611887E-16,0.));
#8472=DIRECTION('',(-1.85470905611887E-16,1.,0.));
#8473=DIRECTION('',(1.,1.85470905611887E-16,0.));
#8474=DIRECTION('',(-1.85470905611887E-16,1.,0.));
#8475=DIRECTION('',(1.85470905611887E-16,-1.,0.));
#8476=DIRECTION('',(0.,0.,-1.));
#8477=DIRECTION('',(1.85470905611887E-16,-1.,0.));
#8478=DIRECTION('',(-2.29814810054013E-32,1.23908819712629E-16,-1.));
#8479=DIRECTION('',(1.,1.85470905611887E-16,0.));
#8480=DIRECTION('',(-1.85470905611887E-16,1.,0.));
#8481=DIRECTION('',(-2.29814810054013E-32,1.23908819712629E-16,-1.));
#8482=DIRECTION('',(1.85470905611887E-16,-1.,0.));
#8483=DIRECTION('',(0.,0.,-1.));
#8484=DIRECTION('',(1.85470905611887E-16,-1.,0.));
#8485=DIRECTION('',(1.,1.85470905611887E-16,0.));
#8486=DIRECTION('',(-1.85470905611887E-16,1.,0.));
#8487=DIRECTION('',(1.85470905611887E-16,-1.,0.));
#8488=DIRECTION('',(1.,1.85470905611887E-16,0.));
#8489=DIRECTION('',(-1.85470905611887E-16,1.,0.));
#8490=DIRECTION('',(1.85470905611887E-16,-1.,0.));
#8491=DIRECTION('',(0.,0.,-1.));
#8492=DIRECTION('',(1.85470905611887E-16,-1.,0.));
#8493=DIRECTION('',(-2.29814810054014E-32,1.23908819712629E-16,-1.));
#8494=DIRECTION('',(1.,1.85470905611887E-16,0.));
#8495=DIRECTION('',(-1.85470905611887E-16,1.,0.));
#8496=DIRECTION('',(-2.29814810054014E-32,1.23908819712629E-16,-1.));
#8497=DIRECTION('',(1.85470905611887E-16,-1.,0.));
#8498=DIRECTION('',(0.,0.,-1.));
#8499=DIRECTION('',(0.,0.,-1.));
#8500=DIRECTION('',(-1.,0.,0.));
#8501=DIRECTION('',(0.,0.,1.));
#8502=DIRECTION('',(1.,0.,0.));
#8503=DIRECTION('',(0.,0.,1.));
#8504=DIRECTION('',(1.,0.,0.));
#8505=DIRECTION('',(0.,0.,-1.));
#8506=DIRECTION('',(-1.,0.,0.));
#8507=DIRECTION('',(0.,0.,1.));
#8508=DIRECTION('',(1.,0.,0.));
#8509=DIRECTION('',(0.,0.,1.));
#8510=DIRECTION('',(1.,0.,0.));
#8511=DIRECTION('',(0.,0.,1.));
#8512=DIRECTION('',(1.,0.,0.));
#8513=DIRECTION('',(1.,1.85470905611887E-16,0.));
#8514=DIRECTION('',(0.,0.,1.));
#8515=DIRECTION('',(1.,0.,0.));
#8516=DIRECTION('',(1.,1.85470905611887E-16,0.));
#8517=DIRECTION('',(1.85470905611887E-16,-1.,-1.23908819712629E-16));
#8518=DIRECTION('',(1.,1.85470905611887E-16,0.));
#8519=DIRECTION('',(1.,1.85470905611887E-16,0.));
#8520=DIRECTION('',(1.85470905611887E-16,-1.,-1.23908819712629E-16));
#8521=DIRECTION('',(1.,1.85470905611887E-16,0.));
#8522=DIRECTION('',(1.,1.85470905611887E-16,0.));
#8523=DIRECTION('',(1.,1.85470905611887E-16,0.));
#8524=DIRECTION('',(-1.85470905611887E-16,1.,0.));
#8525=DIRECTION('',(0.,0.,1.));
#8526=DIRECTION('',(1.,0.,0.));
#8527=DIRECTION('',(0.,0.,1.));
#8528=DIRECTION('',(1.,0.,0.));
#8529=DIRECTION('',(1.,3.46944695195362E-16,0.));
#8530=DIRECTION('',(0.,0.,1.));
#8531=DIRECTION('',(1.,0.,0.));
#8532=DIRECTION('',(0.,0.,1.));
#8533=DIRECTION('',(1.,0.,0.));
#8534=DIRECTION('',(-1.,-3.46944695195362E-16,0.));
#8535=DIRECTION('',(1.,3.46944695195362E-16,0.));
#8536=DIRECTION('',(-3.46944695195362E-16,1.,0.));
#8537=DIRECTION('',(0.,0.,1.));
#8538=DIRECTION('',(1.,0.,0.));
#8539=DIRECTION('',(0.,0.,1.));
#8540=DIRECTION('',(1.,0.,0.));
#8541=DIRECTION('',(0.,0.,1.));
#8542=DIRECTION('',(1.,0.,0.));
#8543=DIRECTION('',(0.,0.,1.));
#8544=DIRECTION('',(1.,0.,0.));
#8545=DIRECTION('',(0.,0.,1.));
#8546=DIRECTION('',(1.,0.,0.));
#8547=DIRECTION('',(0.,0.,1.));
#8548=DIRECTION('',(1.,0.,0.));
#8549=DIRECTION('',(-1.,-2.21716646752067E-17,5.24646204411736E-17));
#8550=DIRECTION('',(-5.27758233283651E-17,0.707106781186548,-0.707106781186547));
#8551=DIRECTION('',(0.,0.,1.));
#8552=DIRECTION('',(1.,0.,0.));
#8553=DIRECTION('',(0.,0.,1.));
#8554=DIRECTION('',(1.,0.,0.));
#8555=DIRECTION('',(0.,0.,1.));
#8556=DIRECTION('',(1.,0.,0.));
#8557=DIRECTION('',(0.,0.,1.));
#8558=DIRECTION('',(1.,0.,0.));
#8559=DIRECTION('',(0.,0.,1.));
#8560=DIRECTION('',(1.,0.,0.));
#8561=DIRECTION('',(0.,0.,1.));
#8562=DIRECTION('',(1.,0.,0.));
#8563=DIRECTION('',(0.,0.,1.));
#8564=DIRECTION('',(1.,0.,0.));
#8565=DIRECTION('',(0.,0.,1.));
#8566=DIRECTION('',(1.,0.,0.));
#8567=DIRECTION('',(0.,0.,1.));
#8568=DIRECTION('',(1.,0.,0.));
#8569=DIRECTION('',(0.,0.,1.));
#8570=DIRECTION('',(1.,0.,0.));
#8571=DIRECTION('',(0.,0.,1.));
#8572=DIRECTION('',(1.,0.,0.));
#8573=DIRECTION('',(0.,0.,1.));
#8574=DIRECTION('',(1.,0.,0.));
#8575=DIRECTION('',(-0.997981906916362,0.0634989249324927,0.));
#8576=DIRECTION('',(0.,0.,1.));
#8577=DIRECTION('',(1.,0.,0.));
#8578=DIRECTION('',(0.997981906916361,0.0634989249325117,0.));
#8579=DIRECTION('',(0.,0.,1.));
#8580=DIRECTION('',(1.,0.,0.));
#8581=DIRECTION('',(0.,0.,1.));
#8582=DIRECTION('',(1.,0.,0.));
#8583=DIRECTION('',(0.,0.,1.));
#8584=DIRECTION('',(1.,0.,0.));
#8585=DIRECTION('',(0.,0.,1.));
#8586=DIRECTION('',(1.,0.,0.));
#8587=DIRECTION('',(0.,0.,1.));
#8588=DIRECTION('',(1.,0.,0.));
#8589=DIRECTION('',(0.99831161133286,-0.0580855117735028,0.));
#8590=DIRECTION('',(0.,0.,1.));
#8591=DIRECTION('',(1.,0.,0.));
#8592=DIRECTION('',(-0.99831161133286,-0.0580855117735028,0.));
#8593=DIRECTION('',(0.,0.,-1.));
#8594=DIRECTION('',(-1.,0.,0.));
#8595=DIRECTION('',(0.,0.,1.));
#8596=DIRECTION('',(1.,0.,0.));
#8597=DIRECTION('',(0.,0.,1.));
#8598=DIRECTION('',(1.,0.,0.));
#8599=DIRECTION('',(0.,0.,-1.));
#8600=DIRECTION('',(-1.,0.,0.));
#8601=DIRECTION('',(0.,0.,1.));
#8602=DIRECTION('',(1.,0.,0.));
#8603=DIRECTION('',(0.,0.,1.));
#8604=DIRECTION('',(1.,0.,0.));
#8605=DIRECTION('',(0.,0.,-1.));
#8606=DIRECTION('',(-1.,0.,0.));
#8607=DIRECTION('',(0.,0.,1.));
#8608=DIRECTION('',(1.,0.,0.));
#8609=DIRECTION('',(0.,0.,1.));
#8610=DIRECTION('',(1.,0.,0.));
#8611=DIRECTION('',(0.,0.,-1.));
#8612=DIRECTION('',(-1.,0.,0.));
#8613=DIRECTION('',(0.,0.,1.));
#8614=DIRECTION('',(1.,0.,0.));
#8615=DIRECTION('',(0.,0.,1.));
#8616=DIRECTION('',(1.,0.,0.));
#8617=DIRECTION('',(0.,0.,-1.));
#8618=DIRECTION('',(-1.,0.,0.));
#8619=DIRECTION('',(0.,0.,1.));
#8620=DIRECTION('',(1.,0.,0.));
#8621=DIRECTION('',(0.,0.,1.));
#8622=DIRECTION('',(1.,0.,0.));
#8623=DIRECTION('',(0.,0.,-1.));
#8624=DIRECTION('',(-1.,0.,0.));
#8625=DIRECTION('',(0.,0.,1.));
#8626=DIRECTION('',(1.,0.,0.));
#8627=DIRECTION('',(0.,0.,1.));
#8628=DIRECTION('',(1.,0.,0.));
#8629=DIRECTION('',(0.,0.,-1.));
#8630=DIRECTION('',(-1.,0.,0.));
#8631=DIRECTION('',(0.,0.,1.));
#8632=DIRECTION('',(1.,0.,0.));
#8633=DIRECTION('',(0.,0.,1.));
#8634=DIRECTION('',(1.,0.,0.));
#8635=DIRECTION('',(0.0634989249324927,0.997981906916362,0.));
#8636=DIRECTION('',(-0.997981906916362,0.0634989249324927,0.));
#8637=DIRECTION('',(0.,0.,-1.));
#8638=DIRECTION('',(-0.997981906916362,0.0634989249324927,0.));
#8639=DIRECTION('',(0.,0.,-1.));
#8640=DIRECTION('',(0.997981906916362,-0.0634989249324927,0.));
#8641=DIRECTION('',(0.,0.,-1.));
#8642=DIRECTION('',(-1.,0.,0.));
#8643=DIRECTION('',(0.0449005204178211,0.70567977388204,-0.707106781186549));
#8644=DIRECTION('',(-0.0449005204178212,-0.705679773882042,-0.707106781186547));
#8645=DIRECTION('',(0.,0.,1.));
#8646=DIRECTION('',(1.,0.,0.));
#8647=DIRECTION('',(-0.0449005204178346,0.70567977388204,0.707106781186548));
#8648=DIRECTION('',(-0.0449005204178346,0.705679773882041,-0.707106781186547));
#8649=DIRECTION('',(0.,0.,-1.));
#8650=DIRECTION('',(0.,0.,1.));
#8651=DIRECTION('',(1.,0.,0.));
#8652=DIRECTION('',(-0.0634989249325117,0.997981906916361,0.));
#8653=DIRECTION('',(-0.997981906916361,-0.0634989249325117,0.));
#8654=DIRECTION('',(0.997981906916361,0.0634989249325117,0.));
#8655=DIRECTION('',(0.,0.,-1.));
#8656=DIRECTION('',(-0.997981906916361,-0.0634989249325117,0.));
#8657=DIRECTION('',(0.,0.,-1.));
#8658=DIRECTION('',(-1.,0.,0.));
#8659=DIRECTION('',(0.,0.,1.));
#8660=DIRECTION('',(1.,0.,0.));
#8661=DIRECTION('',(0.,0.,-1.));
#8662=DIRECTION('',(0.,0.,1.));
#8663=DIRECTION('',(1.,0.,0.));
#8664=DIRECTION('',(0.,0.,-1.));
#8665=DIRECTION('',(-1.,0.,0.));
#8666=DIRECTION('',(0.,0.,1.));
#8667=DIRECTION('',(1.,0.,0.));
#8668=DIRECTION('',(0.,0.,-1.));
#8669=DIRECTION('',(0.,0.,-1.));
#8670=DIRECTION('',(-1.,0.,0.));
#8671=DIRECTION('',(0.,0.,1.));
#8672=DIRECTION('',(1.,0.,0.));
#8673=DIRECTION('',(0.,0.,-1.));
#8674=DIRECTION('',(-1.,0.,0.));
#8675=DIRECTION('',(0.,0.,1.));
#8676=DIRECTION('',(1.,0.,0.));
#8677=DIRECTION('',(0.,0.,-1.));
#8678=DIRECTION('',(-1.,0.,0.));
#8679=DIRECTION('',(0.,0.,1.));
#8680=DIRECTION('',(1.,0.,0.));
#8681=DIRECTION('',(0.,0.,1.));
#8682=DIRECTION('',(1.,0.,0.));
#8683=DIRECTION('',(0.,0.,-1.));
#8684=DIRECTION('',(-1.,0.,0.));
#8685=DIRECTION('',(0.,0.,1.));
#8686=DIRECTION('',(1.,0.,0.));
#8687=DIRECTION('',(0.,0.,1.));
#8688=DIRECTION('',(1.,0.,0.));
#8689=DIRECTION('',(0.,0.,-1.));
#8690=DIRECTION('',(-1.,0.,0.));
#8691=DIRECTION('',(0.,0.,-1.));
#8692=DIRECTION('',(-1.,0.,0.));
#8693=DIRECTION('',(0.,0.,1.));
#8694=DIRECTION('',(-1.,0.,0.));
#8695=DIRECTION('',(0.,0.,1.));
#8696=DIRECTION('',(1.,0.,0.));
#8697=DIRECTION('',(0.,0.,1.));
#8698=DIRECTION('',(1.,0.,0.));
#8699=DIRECTION('',(0.,0.,1.));
#8700=DIRECTION('',(1.,0.,0.));
#8701=DIRECTION('',(0.997981906916362,-0.0634989249324927,0.));
#8702=DIRECTION('',(0.,0.,1.));
#8703=DIRECTION('',(1.,0.,0.));
#8704=DIRECTION('',(0.,0.,1.));
#8705=DIRECTION('',(1.,0.,0.));
#8706=DIRECTION('',(-0.997981906916361,-0.0634989249325117,0.));
#8707=DIRECTION('',(0.,0.,1.));
#8708=DIRECTION('',(1.,0.,0.));
#8709=DIRECTION('',(0.,0.,1.));
#8710=DIRECTION('',(1.,0.,0.));
#8711=DIRECTION('',(0.,0.,1.));
#8712=DIRECTION('',(1.,0.,0.));
#8713=DIRECTION('',(0.,0.,1.));
#8714=DIRECTION('',(1.,0.,0.));
#8715=DIRECTION('',(0.,0.,1.));
#8716=DIRECTION('',(1.,0.,0.));
#8717=DIRECTION('',(0.,0.,1.));
#8718=DIRECTION('',(1.,0.,0.));
#8719=DIRECTION('',(0.,0.,1.));
#8720=DIRECTION('',(1.,0.,0.));
#8721=DIRECTION('',(0.,0.,1.));
#8722=DIRECTION('',(1.,0.,0.));
#8723=DIRECTION('',(0.,0.,1.));
#8724=DIRECTION('',(1.,0.,0.));
#8725=DIRECTION('',(0.,0.,1.));
#8726=DIRECTION('',(1.,0.,0.));
#8727=DIRECTION('',(0.,0.,1.));
#8728=DIRECTION('',(1.,0.,0.));
#8729=DIRECTION('',(0.,0.,1.));
#8730=DIRECTION('',(1.,0.,0.));
#8731=DIRECTION('',(0.,0.,1.));
#8732=DIRECTION('',(1.,0.,0.));
#8733=DIRECTION('',(0.,0.,1.));
#8734=DIRECTION('',(1.,0.,0.));
#8735=DIRECTION('',(0.,0.,1.));
#8736=DIRECTION('',(1.,0.,0.));
#8737=DIRECTION('',(0.,0.,1.));
#8738=DIRECTION('',(1.,0.,0.));
#8739=DIRECTION('',(0.,0.,1.));
#8740=DIRECTION('',(1.,0.,0.));
#8741=DIRECTION('',(0.,0.,1.));
#8742=DIRECTION('',(1.,0.,0.));
#8743=DIRECTION('',(0.,0.,1.));
#8744=DIRECTION('',(1.,0.,0.));
#8745=DIRECTION('',(0.,0.,1.));
#8746=DIRECTION('',(1.,0.,0.));
#8747=DIRECTION('',(0.,0.,1.));
#8748=DIRECTION('',(1.,0.,0.));
#8749=DIRECTION('',(0.,0.,-1.));
#8750=DIRECTION('',(-1.,0.,0.));
#8751=DIRECTION('',(0.,0.,1.));
#8752=DIRECTION('',(1.,0.,0.));
#8753=DIRECTION('',(0.,0.,1.));
#8754=DIRECTION('',(1.,0.,0.));
#8755=DIRECTION('',(0.,0.,-1.));
#8756=DIRECTION('',(-1.,0.,0.));
#8757=DIRECTION('',(0.,0.,1.));
#8758=DIRECTION('',(1.,0.,0.));
#8759=DIRECTION('',(0.,0.,1.));
#8760=DIRECTION('',(1.,0.,0.));
#8761=DIRECTION('',(0.,0.,-1.));
#8762=DIRECTION('',(-1.,0.,0.));
#8763=DIRECTION('',(0.,0.,1.));
#8764=DIRECTION('',(1.,0.,0.));
#8765=DIRECTION('',(0.,0.,1.));
#8766=DIRECTION('',(1.,0.,0.));
#8767=DIRECTION('',(-0.0580855117735028,-0.99831161133286,0.));
#8768=DIRECTION('',(0.99831161133286,-0.0580855117735028,0.));
#8769=DIRECTION('',(0.,0.,1.));
#8770=DIRECTION('',(0.99831161133286,-0.0580855117735028,0.));
#8771=DIRECTION('',(0.,0.,1.));
#8772=DIRECTION('',(0.,0.,1.));
#8773=DIRECTION('',(1.,0.,0.));
#8774=DIRECTION('',(0.,0.,1.));
#8775=DIRECTION('',(0.,0.,1.));
#8776=DIRECTION('',(1.,0.,0.));
#8777=DIRECTION('',(-0.0580855117735028,0.99831161133286,0.));
#8778=DIRECTION('',(-0.99831161133286,-0.0580855117735028,0.));
#8779=DIRECTION('',(0.,0.,1.));
#8780=DIRECTION('',(-0.99831161133286,-0.0580855117735028,0.));
#8781=DIRECTION('',(0.,0.,1.));
#8782=DIRECTION('',(1.,0.,0.));
#8783=DIRECTION('',(0.,0.,1.));
#8784=DIRECTION('',(1.,0.,0.));
#8785=DIRECTION('',(0.,0.,1.));
#8786=DIRECTION('',(1.,0.,0.));
#8787=DIRECTION('',(0.,0.,1.));
#8788=DIRECTION('',(-1.,0.,0.));
#8789=DIRECTION('',(-0.965925826289068,0.,0.258819045102521));
#8790=DIRECTION('',(0.258819045102521,0.,0.965925826289068));
#8791=DIRECTION('',(0.,0.,-1.));
#8792=DIRECTION('',(-1.,0.,0.));
#8793=DIRECTION('',(0.,0.,-1.));
#8794=DIRECTION('',(-1.,0.,0.));
#8795=DIRECTION('',(0.,0.,-1.));
#8796=DIRECTION('',(1.,0.,0.));
#8797=DIRECTION('',(0.,0.,-1.));
#8798=DIRECTION('',(-1.,0.,0.));
#8799=DIRECTION('',(0.,0.,-1.));
#8800=DIRECTION('',(-1.,0.,0.));
#8801=DIRECTION('',(0.,0.,-1.));
#8802=DIRECTION('',(1.,0.,0.));
#8803=DIRECTION('',(0.,0.,1.));
#8804=DIRECTION('',(1.,0.,0.));
#8805=DIRECTION('',(0.0449005204178204,0.705679773882039,-0.70710678118655));
#8806=DIRECTION('',(-0.0449005204178211,-0.705679773882042,-0.707106781186547));
#8807=DIRECTION('',(0.997981906916362,-0.0634989249324927,0.));
#8808=DIRECTION('',(0.0449005204178205,0.705679773882041,-0.707106781186548));
#8809=DIRECTION('',(0.,0.,-1.));
#8810=DIRECTION('',(-1.,0.,0.));
#8811=DIRECTION('',(0.0449005204178346,-0.705679773882041,-0.707106781186547));
#8812=DIRECTION('',(0.0449005204178346,-0.70567977388204,0.707106781186548));
#8813=DIRECTION('',(-0.997981906916361,-0.0634989249325117,0.));
#8814=DIRECTION('',(0.0449005204178334,-0.705679773882041,-0.707106781186547));
#8815=DIRECTION('',(0.,0.,1.));
#8816=DIRECTION('',(1.,0.,0.));
#8817=DIRECTION('',(0.0449005204178211,0.70567977388204,-0.707106781186549));
#8818=DIRECTION('',(-0.997981906916362,0.0634989249324927,0.));
#8819=DIRECTION('',(0.0449005204178202,0.705679773882042,0.707106781186547));
#8820=DIRECTION('',(0.,0.,-1.));
#8821=DIRECTION('',(-1.,0.,0.));
#8822=DIRECTION('',(-0.0449005204178346,0.70567977388204,0.707106781186548));
#8823=DIRECTION('',(0.997981906916361,0.0634989249325117,0.));
#8824=DIRECTION('',(-0.0449005204178333,0.705679773882041,-0.707106781186547));
#8825=DIRECTION('',(0.,0.,-1.));
#8826=DIRECTION('',(-1.,0.,0.));
#8827=DIRECTION('',(1.,2.04521070585246E-17,-5.07450628244915E-17));
#8828=DIRECTION('',(-5.03440016255714E-17,0.707106781186548,-0.707106781186548));
#8829=DIRECTION('',(1.,2.21716646752067E-17,-5.24646204411736E-17));
#8830=DIRECTION('',(-5.27758233283651E-17,0.707106781186548,-0.707106781186547));
#8831=DIRECTION('',(0.,1.,0.));
#8832=DIRECTION('',(0.,0.,1.));
#8833=DIRECTION('',(0.,-1.,0.));
#8834=DIRECTION('',(0.,0.,-1.));
#8835=DIRECTION('',(0.,-1.,0.));
#8836=DIRECTION('',(0.,0.,-1.));
#8837=DIRECTION('',(0.,-1.,0.));
#8838=DIRECTION('',(1.,0.,0.));
#8839=DIRECTION('',(0.,-1.,0.));
#8840=DIRECTION('',(0.,0.,-1.));
#8841=DIRECTION('',(0.,-1.,0.));
#8842=DIRECTION('',(1.,0.,0.));
#8843=DIRECTION('',(0.,1.,0.));
#8844=DIRECTION('',(0.,0.,1.));
#8845=DIRECTION('',(0.,-1.,0.));
#8846=DIRECTION('',(0.,0.,-1.));
#8847=DIRECTION('',(0.,-1.,0.));
#8848=DIRECTION('',(1.,0.,0.));
#8849=DIRECTION('',(2.14203544442994E-17,0.707106781186548,0.707106781186548));
#8850=DIRECTION('',(-5.03440016255714E-17,0.707106781186548,-0.707106781186548));
#8851=DIRECTION('',(0.0580855117735028,0.,-0.99831161133286));
#8852=DIRECTION('',(-0.99831161133286,0.,-0.0580855117735028));
#8853=DIRECTION('',(-0.99831161133286,0.,-0.0580855117735028));
#8854=DIRECTION('',(0.,1.,0.));
#8855=DIRECTION('',(-0.99831161133286,0.,-0.0580855117735028));
#8856=DIRECTION('',(0.,1.,0.));
#8857=DIRECTION('',(0.,1.,0.));
#8858=DIRECTION('',(0.,0.,1.));
#8859=DIRECTION('',(0.,-1.,0.));
#8860=DIRECTION('',(0.,0.,-1.));
#8861=DIRECTION('',(0.,1.,0.));
#8862=DIRECTION('',(0.,-1.,0.));
#8863=DIRECTION('',(0.,0.,-1.));
#8864=DIRECTION('',(0.0580855117735028,0.,0.99831161133286));
#8865=DIRECTION('',(0.99831161133286,0.,-0.0580855117735028));
#8866=DIRECTION('',(0.99831161133286,0.,-0.0580855117735028));
#8867=DIRECTION('',(0.,1.,0.));
#8868=DIRECTION('',(0.99831161133286,0.,-0.0580855117735028));
#8869=DIRECTION('',(0.,-1.,0.));
#8870=DIRECTION('',(-1.,0.,0.));
#8871=DIRECTION('',(0.,-1.,0.));
#8872=DIRECTION('',(-1.,0.,0.));
#8873=DIRECTION('',(0.,1.,0.));
#8874=DIRECTION('',(0.,0.,1.));
#8875=DIRECTION('',(0.,-1.,0.));
#8876=DIRECTION('',(0.,0.,-1.));
#8877=DIRECTION('',(0.,-1.,0.));
#8878=DIRECTION('',(0.,0.,-1.));
#8879=DIRECTION('',(0.,-1.,0.));
#8880=DIRECTION('',(1.,0.,0.));
#8881=DIRECTION('',(0.,-1.,0.));
#8882=DIRECTION('',(1.,0.,0.));
#8883=DIRECTION('',(-2.14203544442994E-17,-0.707106781186548,-0.707106781186548));
#8884=DIRECTION('',(-5.03440016255714E-17,0.707106781186548,-0.707106781186548));
#8885=DIRECTION('',(0.,0.,1.));
#8886=DIRECTION('',(1.,0.,0.));
#8887=DIRECTION('',(0.,0.,-1.));
#8888=DIRECTION('',(-1.,0.,0.));
#8889=DIRECTION('',(0.,0.,1.));
#8890=DIRECTION('',(1.,0.,0.));
#8891=DIRECTION('',(0.,0.,1.));
#8892=DIRECTION('',(1.,0.,0.));
#8893=DIRECTION('',(0.,0.,1.));
#8894=DIRECTION('',(1.,0.,0.));
#8895=DIRECTION('',(0.,0.,1.));
#8896=DIRECTION('',(1.,0.,0.));
#8897=DIRECTION('',(0.,0.,1.));
#8898=DIRECTION('',(1.,0.,0.));
#8899=DIRECTION('',(0.,0.,1.));
#8900=DIRECTION('',(1.,0.,0.));
#8901=DIRECTION('',(0.,0.,1.));
#8902=DIRECTION('',(1.,0.,0.));
#8903=DIRECTION('',(0.,0.,-1.));
#8904=DIRECTION('',(-1.,0.,0.));
#8905=DIRECTION('',(0.,0.,-1.));
#8906=DIRECTION('',(-1.,0.,0.));
#8907=DIRECTION('',(0.,0.,-1.));
#8908=DIRECTION('',(-1.,0.,0.));
#8909=DIRECTION('',(0.,0.,-1.));
#8910=DIRECTION('',(-1.,0.,0.));
#8911=DIRECTION('',(0.,0.,-1.));
#8912=DIRECTION('',(-1.,0.,0.));
#8913=DIRECTION('',(0.,0.,-1.));
#8914=DIRECTION('',(-1.,0.,0.));
#8915=DIRECTION('',(0.,0.,-1.));
#8916=DIRECTION('',(-1.,0.,0.));
#8917=DIRECTION('',(0.,0.,-1.));
#8918=DIRECTION('',(-1.,0.,0.));
#8919=DIRECTION('',(0.,0.,-1.));
#8920=DIRECTION('',(1.,0.,0.));
#8921=DIRECTION('',(0.,0.,-1.));
#8922=DIRECTION('',(-1.,0.,0.));
#8923=DIRECTION('',(0.,0.,-1.));
#8924=DIRECTION('',(-1.,0.,0.));
#8925=DIRECTION('',(0.,0.,-1.));
#8926=DIRECTION('',(1.,0.,0.));
#8927=DIRECTION('',(0.,0.,-1.));
#8928=DIRECTION('',(-1.,0.,0.));
#8929=DIRECTION('',(0.,0.,-1.));
#8930=DIRECTION('',(-1.,0.,0.));
#8931=DIRECTION('',(0.,0.,-1.));
#8932=DIRECTION('',(1.,0.,0.));
#8933=DIRECTION('',(0.,0.,-1.));
#8934=DIRECTION('',(-1.,0.,0.));
#8935=DIRECTION('',(0.,0.,-1.));
#8936=DIRECTION('',(-1.,0.,0.));
#8937=DIRECTION('',(0.,0.,-1.));
#8938=DIRECTION('',(-1.,0.,0.));
#8939=DIRECTION('',(-1.,1.99184654635291E-14,2.03842159987555E-14));
#8940=DIRECTION('',(-2.84982993619828E-14,-0.707106781186548,-0.707106781186547));
#8941=DIRECTION('',(-1.22464679914735E-16,1.,0.));
#8942=DIRECTION('',(1.,1.22464679914735E-16,0.));
#8943=DIRECTION('',(0.,0.,-1.));
#8944=DIRECTION('',(-1.,0.,0.));
#8945=DIRECTION('',(0.,0.,1.));
#8946=DIRECTION('',(1.,0.,0.));
#8947=DIRECTION('',(0.,0.,1.));
#8948=DIRECTION('',(1.,0.,0.));
#8949=DIRECTION('',(-2.87203439669078E-14,-0.707106781186549,-0.707106781186547));
#8950=DIRECTION('',(-1.,2.00754747093975E-14,2.05412252446239E-14));
#8951=DIRECTION('',(0.,-1.,-1.7347234759768E-16));
#8952=DIRECTION('',(0.,-1.7347234759768E-16,1.));
#8953=DIRECTION('',(0.,1.,0.));
#8954=DIRECTION('',(0.,0.,1.));
#8955=DIRECTION('',(1.,0.,0.));
#8956=DIRECTION('',(0.,0.,-1.));
#8957=DIRECTION('',(1.54886024640786E-16,1.,0.));
#8958=DIRECTION('',(-1.,1.54886024640786E-16,0.));
#8959=DIRECTION('',(1.,0.,0.));
#8960=DIRECTION('',(0.,0.,-1.));
#8961=DIRECTION('',(1.,0.,0.));
#8962=DIRECTION('',(0.,0.,-1.));
#8963=DIRECTION('',(1.,0.,0.));
#8964=DIRECTION('',(0.,0.,-1.));
#8965=DIRECTION('',(1.,0.,0.));
#8966=DIRECTION('',(0.,0.,-1.));
#8967=DIRECTION('',(1.,0.,0.));
#8968=DIRECTION('',(1.,0.,0.));
#8969=DIRECTION('',(0.,0.,-1.));
#8970=DIRECTION('',(1.,0.,0.));
#8971=DIRECTION('',(1.,0.,0.));
#8972=DIRECTION('',(0.,1.,0.));
#8973=DIRECTION('',(0.,0.,-1.));
#8974=DIRECTION('',(0.,1.,0.));
#8975=DIRECTION('',(0.,0.,-1.));
#8976=DIRECTION('',(0.,0.,1.));
#8977=DIRECTION('',(1.,0.,0.));
#8978=DIRECTION('',(0.,0.,1.));
#8979=DIRECTION('',(1.,0.,0.));
#8980=DIRECTION('',(0.,0.,1.));
#8981=DIRECTION('',(1.,0.,0.));
#8982=DIRECTION('',(0.,0.,1.));
#8983=DIRECTION('',(1.,0.,0.));
#8984=DIRECTION('',(0.,0.,1.));
#8985=DIRECTION('',(1.,0.,0.));
#8986=DIRECTION('',(0.994426278152961,-0.105434232196422,0.));
#8987=DIRECTION('',(0.,-1.,0.));
#8988=DIRECTION('',(-0.990629332741548,-0.136577908579812,0.));
#8989=DIRECTION('',(-0.994426278152961,0.105434232196422,0.));
#8990=DIRECTION('',(0.,0.,1.));
#8991=DIRECTION('',(1.,0.,0.));
#8992=DIRECTION('',(0.,0.,1.));
#8993=DIRECTION('',(1.,0.,0.));
#8994=DIRECTION('',(0.,0.,1.));
#8995=DIRECTION('',(1.,0.,0.));
#8996=DIRECTION('',(0.994426278152961,0.105434232196422,0.));
#8997=DIRECTION('',(-0.990629332741548,0.136577908579812,0.));
#8998=DIRECTION('',(0.,-1.,0.));
#8999=DIRECTION('',(0.994426278152961,0.105434232196422,0.));
#9000=DIRECTION('',(-0.242535625036333,0.,0.970142500145332));
#9001=DIRECTION('',(0.,1.,0.));
#9002=DIRECTION('',(0.965050772840086,-0.102319688749524,0.241262693210022));
#9003=DIRECTION('',(-0.242535625036333,0.,0.970142500145332));
#9004=DIRECTION('',(0.970142500145332,0.,0.242535625036333));
#9005=DIRECTION('',(0.965050772840086,0.102319688749524,0.241262693210022));
#9006=DIRECTION('',(0.965050772840086,0.102319688749524,0.241262693210022));
#9007=DIRECTION('',(0.,-1.,0.));
#9008=DIRECTION('',(-0.965050772840086,0.102319688749524,-0.241262693210022));
#9009=DIRECTION('',(0.,0.,-1.));
#9010=DIRECTION('',(-1.,0.,0.));
#9011=DIRECTION('',(0.,0.,1.));
#9012=DIRECTION('',(1.,0.,0.));
#9013=DIRECTION('',(0.,0.,1.));
#9014=DIRECTION('',(1.,0.,0.));
#9015=DIRECTION('',(0.,0.,-1.));
#9016=DIRECTION('',(-1.,0.,0.));
#9017=DIRECTION('',(0.,0.,1.));
#9018=DIRECTION('',(1.,0.,0.));
#9019=DIRECTION('',(0.,0.,1.));
#9020=DIRECTION('',(1.,0.,0.));
#9021=DIRECTION('',(0.,0.,-1.));
#9022=DIRECTION('',(-1.,0.,0.));
#9023=DIRECTION('',(0.,0.,1.));
#9024=DIRECTION('',(1.,0.,0.));
#9025=DIRECTION('',(0.,0.,1.));
#9026=DIRECTION('',(1.,0.,0.));
#9027=DIRECTION('',(0.,0.,1.));
#9028=DIRECTION('',(1.,0.,0.));
#9029=DIRECTION('',(0.,-1.,0.));
#9030=DIRECTION('',(1.,0.,0.));
#9031=DIRECTION('',(0.,1.,0.));
#9032=DIRECTION('',(0.,0.,1.));
#9033=DIRECTION('',(1.,0.,0.));
#9034=DIRECTION('',(-0.994426278152961,-0.105434232196422,0.));
#9035=DIRECTION('',(0.,0.,1.));
#9036=DIRECTION('',(1.,0.,0.));
#9037=DIRECTION('',(0.,0.,1.));
#9038=DIRECTION('',(1.,0.,0.));
#9039=DIRECTION('',(0.,0.,1.));
#9040=DIRECTION('',(1.,0.,0.));
#9041=DIRECTION('',(0.994426278152961,-0.105434232196422,0.));
#9042=DIRECTION('',(0.,0.,1.));
#9043=DIRECTION('',(1.,0.,0.));
#9044=DIRECTION('',(1.,-1.54886024640786E-16,0.));
#9045=DIRECTION('',(0.,-1.,0.));
#9046=DIRECTION('',(-1.,1.7347234759768E-16,0.));
#9047=DIRECTION('',(0.,-1.,0.));
#9048=DIRECTION('',(-1.,1.7347234759768E-16,0.));
#9049=DIRECTION('',(0.,0.,-1.));
#9050=DIRECTION('',(-1.,0.,0.));
#9051=DIRECTION('',(0.,0.,1.));
#9052=DIRECTION('',(1.,0.,0.));
#9053=DIRECTION('',(0.,0.,-1.));
#9054=DIRECTION('',(0.,0.,1.));
#9055=DIRECTION('',(1.,0.,0.));
#9056=DIRECTION('',(0.,0.,-1.));
#9057=DIRECTION('',(0.,0.,-1.));
#9058=DIRECTION('',(-1.,0.,0.));
#9059=DIRECTION('',(0.,0.,-1.));
#9060=DIRECTION('',(0.,0.,1.));
#9061=DIRECTION('',(1.,0.,0.));
#9062=DIRECTION('',(0.,0.,-1.));
#9063=DIRECTION('',(0.,0.,1.));
#9064=DIRECTION('',(1.,0.,0.));
#9065=DIRECTION('',(0.,0.,-1.));
#9066=DIRECTION('',(0.,0.,1.));
#9067=DIRECTION('',(1.,0.,0.));
#9068=DIRECTION('',(0.,0.,1.));
#9069=DIRECTION('',(1.,0.,0.));
#9070=DIRECTION('',(0.,1.,0.));
#9071=DIRECTION('',(0.,0.,1.));
#9072=DIRECTION('',(1.,0.,0.));
#9073=DIRECTION('',(-0.994426278152961,0.105434232196422,0.));
#9074=DIRECTION('',(0.990629332741548,0.136577908579812,0.));
#9075=DIRECTION('',(0.990629332741548,-0.136577908579812,0.));
#9076=DIRECTION('',(0.994426278152961,0.105434232196422,0.));
#9077=DIRECTION('',(0.,0.,-1.));
#9078=DIRECTION('',(-1.,0.,0.));
#9079=DIRECTION('',(0.0745532605552863,-0.703165564672059,-0.707106781186548));
#9080=DIRECTION('',(0.,0.,-1.));
#9081=DIRECTION('',(-1.,0.,0.));
#9082=DIRECTION('',(-0.0745532605552863,-0.703165564672059,0.707106781186547));
#9083=DIRECTION('',(0.,0.,1.));
#9084=DIRECTION('',(1.,0.,0.));
#9085=DIRECTION('',(0.0745532605552863,0.703165564672059,0.707106781186548));
#9086=DIRECTION('',(0.,0.,1.));
#9087=DIRECTION('',(1.,0.,0.));
#9088=DIRECTION('',(0.0745532606039542,-0.703165565131081,0.707106780724953));
#9089=DIRECTION('',(0.,0.,-1.));
#9090=DIRECTION('',(1.,0.,0.));
#9091=DIRECTION('',(-1.,0.,0.));
#9092=DIRECTION('',(0.,-1.,0.));
#9093=DIRECTION('',(-1.,1.7347234759768E-16,0.));
#9094=DIRECTION('',(0.,-1.,0.));
#9095=DIRECTION('',(0.105434232196422,0.994426278152961,0.));
#9096=DIRECTION('',(-0.994426278152961,0.105434232196422,0.));
#9097=DIRECTION('',(-0.994426278152961,0.105434232196422,0.));
#9098=DIRECTION('',(0.,0.,-1.));
#9099=DIRECTION('',(0.994426278152961,-0.105434232196422,0.));
#9100=DIRECTION('',(0.965050772840086,-0.102319688749524,0.241262693210022));
#9101=DIRECTION('',(0.994426278152961,-0.105434232196422,0.));
#9102=DIRECTION('',(0.,0.,-1.));
#9103=DIRECTION('',(-1.,0.,0.));
#9104=DIRECTION('',(0.,0.,1.));
#9105=DIRECTION('',(1.,0.,0.));
#9106=DIRECTION('',(0.,0.,-1.));
#9107=DIRECTION('',(0.,0.,1.));
#9108=DIRECTION('',(1.,0.,0.));
#9109=DIRECTION('',(0.,0.,-1.));
#9110=DIRECTION('',(-1.,0.,0.));
#9111=DIRECTION('',(0.,0.,-1.));
#9112=DIRECTION('',(0.,0.,1.));
#9113=DIRECTION('',(1.,0.,0.));
#9114=DIRECTION('',(0.,0.,-1.));
#9115=DIRECTION('',(-1.,0.,0.));
#9116=DIRECTION('',(0.,0.,1.));
#9117=DIRECTION('',(1.,0.,0.));
#9118=DIRECTION('',(0.,0.,-1.));
#9119=DIRECTION('',(0.,0.,1.));
#9120=DIRECTION('',(1.,0.,0.));
#9121=DIRECTION('',(-0.105434232196422,0.994426278152961,0.));
#9122=DIRECTION('',(-0.994426278152961,-0.105434232196422,0.));
#9123=DIRECTION('',(0.994426278152961,0.105434232196422,0.));
#9124=DIRECTION('',(-0.994426278152961,-0.105434232196422,0.));
#9125=DIRECTION('',(-0.965050772840086,-0.102319688749524,-0.241262693210022));
#9126=DIRECTION('',(-0.994426278152961,-0.105434232196422,0.));
#9127=DIRECTION('',(-1.7347234759768E-16,-1.,0.));
#9128=DIRECTION('',(1.,-1.7347234759768E-16,0.));
#9129=DIRECTION('',(0.,0.,-1.));
#9130=DIRECTION('',(-1.,1.7347234759768E-16,0.));
#9131=DIRECTION('',(0.,0.,-1.));
#9132=DIRECTION('',(1.,0.,0.));
#9133=DIRECTION('',(0.,0.,-1.));
#9134=DIRECTION('',(0.,0.,-1.));
#9135=DIRECTION('',(0.,0.,-1.));
#9136=DIRECTION('',(0.,-0.866025403784439,-0.5));
#9137=DIRECTION('',(0.,-0.866025403784439,0.5));
#9138=DIRECTION('',(0.,-1.,0.));
#9139=DIRECTION('',(0.,0.,-1.));
#9140=DIRECTION('',(-1.7347234759768E-16,-1.,0.));
#9141=DIRECTION('',(1.,-1.7347234759768E-16,0.));
#9142=DIRECTION('',(0.,0.,-1.));
#9143=DIRECTION('',(1.,0.,0.));
#9144=DIRECTION('',(0.,0.,-1.));
#9145=DIRECTION('',(0.,-1.,0.));
#9146=DIRECTION('',(0.,0.866025403784439,-0.5));
#9147=DIRECTION('',(0.,0.866025403784439,0.5));
#9148=DIRECTION('',(0.,0.,-1.));
#9149=DIRECTION('',(1.,0.,0.));
#9150=DIRECTION('',(1.,0.,0.));
#9151=DIRECTION('',(0.,0.5,0.866025403784439));
#9152=DIRECTION('',(0.,-0.866025403784439,0.5));
#9153=DIRECTION('',(1.,0.,0.));
#9154=DIRECTION('',(0.,-0.5,0.866025403784439));
#9155=DIRECTION('',(0.,-0.866025403784439,-0.5));
#9156=DIRECTION('',(0.,0.,1.));
#9157=DIRECTION('',(1.,0.,0.));
#9158=DIRECTION('',(0.0745532605552878,-0.70316556467206,-0.707106781186547));
#9159=DIRECTION('',(-0.291005816498048,0.644449854344234,0.707106781186547));
#9160=DIRECTION('',(0.,0.,-1.));
#9161=DIRECTION('',(-1.,0.,0.));
#9162=DIRECTION('',(-0.291005816498047,-0.644449854344234,0.707106781186548));
#9163=DIRECTION('',(0.0745532605552873,-0.703165564672059,0.707106781186548));
#9164=DIRECTION('',(-0.994426278152961,-0.105434232196422,0.));
#9165=DIRECTION('',(-0.0870419512343546,0.701785318601472,0.707050963736524));
#9166=DIRECTION('',(0.,0.,1.));
#9167=DIRECTION('',(1.,0.,0.));
#9168=DIRECTION('',(-0.0745532605552871,-0.703165564672059,0.707106781186547));
#9169=DIRECTION('',(-0.0982091366068098,-0.712332268648521,0.694937194665098));
#9170=DIRECTION('',(0.965050772840086,0.102319688749524,0.241262693210022));
#9171=DIRECTION('',(-0.0870419512343524,0.701785318601472,0.707050963736524));
#9172=DIRECTION('',(-0.0745532605552873,-0.703165564672059,-0.707106781186547));
#9173=DIRECTION('',(0.994426278152961,-0.105434232196422,0.));
#9174=DIRECTION('',(-0.0870419512343478,-0.701785318601472,0.707050963736524));
#9175=DIRECTION('',(0.0745532605552873,-0.703165564672059,0.707106781186547));
#9176=DIRECTION('',(-0.994426278152961,-0.105434232196422,0.));
#9177=DIRECTION('',(0.0982091366068101,-0.712332268648521,-0.694937194665098));
#9178=DIRECTION('',(0.965050772840086,-0.102319688749524,0.241262693210022));
#9179=DIRECTION('',(-0.0870419512343506,-0.701785318601472,0.707050963736524));
#9180=DIRECTION('',(-0.0745532605552873,-0.703165564672059,-0.707106781186548));
#9181=DIRECTION('',(0.994426278152961,-0.105434232196422,0.));
#9182=DIRECTION('',(0.,0.,-1.));
#9183=DIRECTION('',(-1.,0.,0.));
#9184=DIRECTION('',(0.0745532605552866,0.703165564672056,0.707106781186551));
#9185=DIRECTION('',(0.0745532605552873,0.703165564672059,-0.707106781186547));
#9186=DIRECTION('',(-0.994426278152961,0.105434232196422,0.));
#9187=DIRECTION('',(-0.0745532605552873,0.703165564672059,0.707106781186547));
#9188=DIRECTION('',(0.994426278152961,0.105434232196422,0.));
#9189=DIRECTION('',(0.0745532605552872,-0.703165564672059,0.707106781186548));
#9190=DIRECTION('',(0.,0.,-1.));
#9191=DIRECTION('',(-1.,0.,0.));
#9192=DIRECTION('',(1.,0.,0.));
#9193=DIRECTION('',(0.,1.,0.));
#9194=DIRECTION('',(0.,0.,-1.));
#9195=DIRECTION('',(1.,0.,0.));
#9196=DIRECTION('',(0.,1.,0.));
#9197=DIRECTION('',(0.,0.,1.));
#9198=DIRECTION('',(1.,0.,0.));
#9199=DIRECTION('',(0.,0.,1.));
#9200=DIRECTION('',(1.,0.,0.));
#9201=DIRECTION('',(0.,0.,1.));
#9202=DIRECTION('',(1.,0.,0.));
#9203=DIRECTION('',(0.,0.,1.));
#9204=DIRECTION('',(1.,0.,0.));
#9205=DIRECTION('',(0.,0.,1.));
#9206=DIRECTION('',(1.,0.,0.));
#9207=DIRECTION('',(0.,0.,1.));
#9208=DIRECTION('',(1.,0.,0.));
#9209=DIRECTION('',(0.,0.,1.));
#9210=DIRECTION('',(1.,0.,0.));
#9211=DIRECTION('',(0.,0.,1.));
#9212=DIRECTION('',(1.,0.,0.));
#9213=DIRECTION('',(0.,0.,1.));
#9214=DIRECTION('',(1.,0.,0.));
#9215=DIRECTION('',(-0.105434232196422,-0.994426278152961,0.));
#9216=DIRECTION('',(0.994426278152961,-0.105434232196422,0.));
#9217=DIRECTION('',(0.,0.,1.));
#9218=DIRECTION('',(0.994426278152961,-0.105434232196422,0.));
#9219=DIRECTION('',(0.,0.,1.));
#9220=DIRECTION('',(0.,0.,1.));
#9221=DIRECTION('',(1.,0.,0.));
#9222=DIRECTION('',(0.,0.,1.));
#9223=DIRECTION('',(0.,0.,1.));
#9224=DIRECTION('',(1.,0.,0.));
#9225=DIRECTION('',(0.105434232196422,-0.994426278152961,0.));
#9226=DIRECTION('',(0.994426278152961,0.105434232196422,0.));
#9227=DIRECTION('',(0.,0.,1.));
#9228=DIRECTION('',(0.994426278152961,0.105434232196422,0.));
#9229=DIRECTION('',(0.,0.,1.));
#9230=DIRECTION('',(1.,0.,0.));
#9231=DIRECTION('',(0.,0.,1.));
#9232=DIRECTION('',(1.,0.,0.));
#9233=DIRECTION('',(0.,0.,1.));
#9234=DIRECTION('',(1.,0.,0.));
#9235=DIRECTION('',(1.54886024640786E-16,1.,0.));
#9236=DIRECTION('',(-1.,1.54886024640786E-16,0.));
#9237=DIRECTION('',(0.,1.,0.));
#9238=DIRECTION('',(0.,0.,1.));
#9239=DIRECTION('',(-1.,1.99184654635291E-14,2.03842159987555E-14));
#9240=DIRECTION('',(-2.84982993619828E-14,-0.707106781186548,-0.707106781186547));
#9241=DIRECTION('',(0.105434232133944,0.,-0.994426278159586));
#9242=DIRECTION('',(-0.994426278159586,0.,-0.105434232133944));
#9243=DIRECTION('',(-0.994426278159586,0.,-0.105434232133944));
#9244=DIRECTION('',(0.,1.,0.));
#9245=DIRECTION('',(-0.994426278159586,0.,-0.105434232133944));
#9246=DIRECTION('',(0.,1.,0.));
#9247=DIRECTION('',(0.,1.,0.));
#9248=DIRECTION('',(0.,0.,1.));
#9249=DIRECTION('',(0.,-1.,0.));
#9250=DIRECTION('',(0.,0.,-1.));
#9251=DIRECTION('',(0.,1.,0.));
#9252=DIRECTION('',(0.,-1.,0.));
#9253=DIRECTION('',(0.,0.,-1.));
#9254=DIRECTION('',(0.105434232133944,0.,0.994426278159586));
#9255=DIRECTION('',(0.994426278159586,0.,-0.105434232133944));
#9256=DIRECTION('',(0.994426278159586,0.,-0.105434232133944));
#9257=DIRECTION('',(0.,1.,0.));
#9258=DIRECTION('',(0.994426278159586,0.,-0.105434232133944));
#9259=DIRECTION('',(0.,1.,0.));
#9260=DIRECTION('',(0.,0.,1.));
#9261=DIRECTION('',(0.,-1.,0.));
#9262=DIRECTION('',(0.,0.,-1.));
#9263=DIRECTION('',(0.,-1.,0.));
#9264=DIRECTION('',(0.,0.,-1.));
#9265=DIRECTION('',(0.,-1.,0.));
#9266=DIRECTION('',(1.,0.,0.));
#9267=DIRECTION('',(0.,-1.,0.));
#9268=DIRECTION('',(1.,0.,0.));
#9269=DIRECTION('',(2.73824210568623E-16,-0.707106781186547,0.707106781186549));
#9270=DIRECTION('',(-2.84982993619828E-14,-0.707106781186549,-0.707106781186547));
#9271=DIRECTION('',(0.,0.,1.));
#9272=DIRECTION('',(1.,0.,0.));
#9273=DIRECTION('',(0.,0.,-1.));
#9274=DIRECTION('',(-1.,0.,0.));
#9275=DIRECTION('',(0.,0.,-1.));
#9276=DIRECTION('',(-1.,0.,0.));
#9277=DIRECTION('',(0.,0.,1.));
#9278=DIRECTION('',(1.,0.,0.));
#9279=DIRECTION('',(0.,0.,-1.));
#9280=DIRECTION('',(-1.,0.,0.));
#9281=DIRECTION('',(0.,0.,-1.));
#9282=DIRECTION('',(-1.,0.,0.));
#9283=DIRECTION('',(0.,0.,1.));
#9284=DIRECTION('',(1.,0.,0.));
#9285=DIRECTION('',(0.,0.,-1.));
#9286=DIRECTION('',(-1.,0.,0.));
#9287=DIRECTION('',(0.,0.,1.));
#9288=DIRECTION('',(1.,0.,0.));
#9289=DIRECTION('',(0.,0.,-1.));
#9290=DIRECTION('',(-1.,0.,0.));
#9291=DIRECTION('',(0.,0.,-1.));
#9292=DIRECTION('',(-1.,0.,0.));
#9293=DIRECTION('',(0.,0.,1.));
#9294=DIRECTION('',(1.,0.,0.));
#9295=DIRECTION('',(0.,0.,-1.));
#9296=DIRECTION('',(-1.,0.,0.));
#9297=DIRECTION('',(0.,1.,0.));
#9298=DIRECTION('',(0.,0.,1.));
#9299=DIRECTION('',(1.,0.,0.));
#9300=DIRECTION('',(0.,0.,-1.));
#9301=DIRECTION('',(1.,0.,0.));
#9302=DIRECTION('',(0.,0.,-1.));
#9303=DIRECTION('',(0.,0.,-1.));
#9304=DIRECTION('',(-1.,0.,0.));
#9305=DIRECTION('',(0.,0.,1.));
#9306=DIRECTION('',(1.,0.,0.));
#9307=DIRECTION('',(0.,0.,-1.));
#9308=DIRECTION('',(0.,0.,1.));
#9309=DIRECTION('',(1.,0.,0.));
#9310=DIRECTION('',(1.87537673078574E-16,-1.,0.));
#9311=DIRECTION('',(1.,1.87537673078574E-16,0.));
#9312=DIRECTION('',(-1.,-1.87537673078574E-16,0.));
#9313=DIRECTION('',(0.,0.,-1.));
#9314=DIRECTION('',(-1.,-1.87537673078574E-16,0.));
#9315=DIRECTION('',(0.,0.,-1.));
#9316=DIRECTION('',(-1.,0.,0.));
#9317=DIRECTION('',(0.,0.,1.));
#9318=DIRECTION('',(1.,0.,0.));
#9319=DIRECTION('',(0.,0.,1.));
#9320=DIRECTION('',(1.,0.,0.));
#9321=DIRECTION('',(1.,1.30922526488816E-16,0.));
#9322=DIRECTION('',(-1.30922526488816E-16,1.,0.));
#9323=DIRECTION('',(1.30922526488816E-16,-1.,0.));
#9324=DIRECTION('',(0.,0.,-1.));
#9325=DIRECTION('',(1.30922526488816E-16,-1.,0.));
#9326=DIRECTION('',(0.,0.,-1.));
#9327=DIRECTION('',(1.30922526488816E-16,-1.,0.));
#9328=DIRECTION('',(0.,0.,1.));
#9329=DIRECTION('',(1.,0.,0.));
#9330=DIRECTION('',(0.,0.,1.));
#9331=DIRECTION('',(1.,0.,0.));
#9332=DIRECTION('',(0.,0.,1.));
#9333=DIRECTION('',(1.,0.,0.));
#9334=DIRECTION('',(0.,0.,1.));
#9335=DIRECTION('',(1.,0.,0.));
#9336=DIRECTION('',(0.,0.,1.));
#9337=DIRECTION('',(1.,0.,0.));
#9338=DIRECTION('',(0.,0.,1.));
#9339=DIRECTION('',(1.,0.,0.));
#9340=DIRECTION('',(0.,0.,1.));
#9341=DIRECTION('',(1.,0.,0.));
#9342=DIRECTION('',(0.,0.,-1.));
#9343=DIRECTION('',(-1.,0.,0.));
#9344=DIRECTION('',(0.,0.,-1.));
#9345=DIRECTION('',(-1.,0.,0.));
#9346=DIRECTION('',(0.,0.,1.));
#9347=DIRECTION('',(1.,0.,0.));
#9348=DIRECTION('',(0.,0.,1.));
#9349=DIRECTION('',(1.,0.,0.));
#9350=DIRECTION('',(0.,0.,-1.));
#9351=DIRECTION('',(-1.,0.,0.));
#9352=DIRECTION('',(0.,0.,1.));
#9353=DIRECTION('',(1.,0.,0.));
#9354=DIRECTION('',(0.,0.,1.));
#9355=DIRECTION('',(1.,0.,0.));
#9356=DIRECTION('',(0.,0.,1.));
#9357=DIRECTION('',(1.,0.,0.));
#9358=DIRECTION('',(0.,0.,1.));
#9359=DIRECTION('',(1.,0.,0.));
#9360=DIRECTION('',(0.,0.,1.));
#9361=DIRECTION('',(1.,0.,0.));
#9362=DIRECTION('',(0.,0.,1.));
#9363=DIRECTION('',(1.,0.,0.));
#9364=DIRECTION('',(0.,0.,1.));
#9365=DIRECTION('',(1.,0.,0.));
#9366=DIRECTION('',(0.,0.,1.));
#9367=DIRECTION('',(1.,0.,0.));
#9368=DIRECTION('',(0.,0.,1.));
#9369=DIRECTION('',(1.,0.,0.));
#9370=DIRECTION('',(0.,0.,1.));
#9371=DIRECTION('',(1.,0.,0.));
#9372=DIRECTION('',(0.,0.,1.));
#9373=DIRECTION('',(1.,0.,0.));
#9374=DIRECTION('',(0.,0.,1.));
#9375=DIRECTION('',(1.,0.,0.));
#9376=DIRECTION('',(0.,0.,1.));
#9377=DIRECTION('',(1.,0.,0.));
#9378=DIRECTION('',(0.,0.,1.));
#9379=DIRECTION('',(1.,0.,0.));
#9380=DIRECTION('',(0.,0.,-1.));
#9381=DIRECTION('',(-1.,0.,0.));
#9382=DIRECTION('',(0.,0.,-1.));
#9383=DIRECTION('',(-1.,0.,0.));
#9384=DIRECTION('',(0.,0.,-1.));
#9385=DIRECTION('',(1.,0.,0.));
#9386=DIRECTION('',(0.,0.,-1.));
#9387=DIRECTION('',(-1.,0.,0.));
#9388=DIRECTION('',(0.,0.,-1.));
#9389=DIRECTION('',(-1.,0.,0.));
#9390=DIRECTION('',(0.,0.,-1.));
#9391=DIRECTION('',(1.,0.,0.));
#9392=DIRECTION('',(0.,0.,1.));
#9393=DIRECTION('',(1.,0.,0.));
#9394=DIRECTION('',(0.,0.,1.));
#9395=DIRECTION('',(1.,0.,0.));
#9396=DIRECTION('',(0.,0.,1.));
#9397=DIRECTION('',(1.,0.,0.));
#9398=DIRECTION('',(0.,0.,1.));
#9399=DIRECTION('',(1.,0.,0.));
#9400=DIRECTION('',(0.,0.,1.));
#9401=DIRECTION('',(1.,0.,0.));
#9402=DIRECTION('',(0.,0.,1.));
#9403=DIRECTION('',(1.,0.,0.));
#9404=DIRECTION('',(0.,0.,-1.));
#9405=DIRECTION('',(-1.,0.,0.));
#9406=DIRECTION('',(0.,0.,-1.));
#9407=DIRECTION('',(-1.,0.,0.));
#9408=DIRECTION('',(-2.12017491941488E-34,1.,1.17693350588359E-50));
#9409=DIRECTION('',(1.,2.12017491941488E-34,-5.55111512312578E-17));
#9410=DIRECTION('',(0.,0.,-1.));
#9411=DIRECTION('',(-1.,0.,0.));
#9412=DIRECTION('',(0.,0.,1.));
#9413=DIRECTION('',(0.,0.,1.));
#9414=DIRECTION('',(1.,0.,0.));
#9415=DIRECTION('',(0.,0.,-1.));
#9416=DIRECTION('',(0.,0.,1.));
#9417=DIRECTION('',(1.,0.,0.));
#9418=DIRECTION('',(0.,0.,-1.));
#9419=DIRECTION('',(0.,0.,1.));
#9420=DIRECTION('',(1.,0.,0.));
#9421=DIRECTION('',(0.,0.,-1.));
#9422=DIRECTION('',(0.,0.,1.));
#9423=DIRECTION('',(1.,0.,0.));
#9424=DIRECTION('',(0.,0.,-1.));
#9425=DIRECTION('',(0.,0.,1.));
#9426=DIRECTION('',(1.,0.,0.));
#9427=DIRECTION('',(0.,0.,1.));
#9428=DIRECTION('',(1.,0.,0.));
#9429=DIRECTION('',(0.,0.,1.));
#9430=DIRECTION('',(1.,0.,0.));
#9431=DIRECTION('',(0.,0.,1.));
#9432=DIRECTION('',(1.,0.,0.));
#9433=DIRECTION('',(0.,0.,1.));
#9434=DIRECTION('',(1.,0.,0.));
#9435=DIRECTION('',(0.,0.,1.));
#9436=DIRECTION('',(1.,0.,0.));
#9437=DIRECTION('',(0.,-1.,0.));
#9438=DIRECTION('',(1.,0.,0.));
#9439=DIRECTION('',(0.,1.,0.));
#9440=DIRECTION('',(0.,0.,1.));
#9441=DIRECTION('',(1.,0.,0.));
#9442=DIRECTION('',(0.,0.,1.));
#9443=DIRECTION('',(1.,0.,0.));
#9444=DIRECTION('',(0.,0.,1.));
#9445=DIRECTION('',(1.,0.,0.));
#9446=DIRECTION('',(0.,0.,1.));
#9447=DIRECTION('',(1.,0.,0.));
#9448=DIRECTION('',(0.,0.,1.));
#9449=DIRECTION('',(1.,0.,0.));
#9450=DIRECTION('',(0.,0.,1.));
#9451=DIRECTION('',(1.,0.,0.));
#9452=DIRECTION('',(1.30922526488816E-16,-1.,0.));
#9453=DIRECTION('',(1.,1.30922526488816E-16,0.));
#9454=DIRECTION('',(1.30922526488816E-16,-1.,0.));
#9455=DIRECTION('',(1.,0.,0.));
#9456=DIRECTION('',(0.,1.,0.));
#9457=DIRECTION('',(1.,0.,0.));
#9458=DIRECTION('',(0.,1.,0.));
#9459=DIRECTION('',(0.,0.,1.));
#9460=DIRECTION('',(1.,0.,0.));
#9461=DIRECTION('',(0.,0.,1.));
#9462=DIRECTION('',(1.,0.,0.));
#9463=DIRECTION('',(0.,0.,1.));
#9464=DIRECTION('',(1.,0.,0.));
#9465=DIRECTION('',(0.,0.,1.));
#9466=DIRECTION('',(1.,0.,0.));
#9467=DIRECTION('',(0.,0.,1.));
#9468=DIRECTION('',(1.,0.,0.));
#9469=DIRECTION('',(0.,0.,1.));
#9470=DIRECTION('',(1.,0.,0.));
#9471=DIRECTION('',(0.,0.,1.));
#9472=DIRECTION('',(1.,0.,0.));
#9473=DIRECTION('',(0.,0.,-1.));
#9474=DIRECTION('',(-1.,0.,0.));
#9475=DIRECTION('',(0.,0.,1.));
#9476=DIRECTION('',(1.,0.,0.));
#9477=DIRECTION('',(0.,0.,1.));
#9478=DIRECTION('',(0.,0.,-1.));
#9479=DIRECTION('',(0.,0.,1.));
#9480=DIRECTION('',(1.,0.,0.));
#9481=DIRECTION('',(0.,0.,-1.));
#9482=DIRECTION('',(0.,0.,-1.));
#9483=DIRECTION('',(0.,0.,1.));
#9484=DIRECTION('',(1.,0.,0.));
#9485=DIRECTION('',(0.,0.,-1.));
#9486=DIRECTION('',(1.,1.30922526488816E-16,0.));
#9487=DIRECTION('',(-1.30922526488816E-16,1.,0.));
#9488=DIRECTION('',(1.30922526488816E-16,-1.,0.));
#9489=DIRECTION('',(1.,1.30922526488816E-16,0.));
#9490=DIRECTION('',(-1.30922526488816E-16,1.,0.));
#9491=DIRECTION('',(0.,0.,1.));
#9492=DIRECTION('',(1.30922526488816E-16,-1.,0.));
#9493=DIRECTION('',(1.30922526488816E-16,-1.,0.));
#9494=DIRECTION('',(0.,0.,-1.));
#9495=DIRECTION('',(0.,0.,-1.));
#9496=DIRECTION('',(-1.,0.,0.));
#9497=DIRECTION('',(0.,0.,1.));
#9498=DIRECTION('',(1.,0.,0.));
#9499=DIRECTION('',(0.,0.,1.));
#9500=DIRECTION('',(1.,0.,0.));
#9501=DIRECTION('',(0.,0.,-1.));
#9502=DIRECTION('',(-1.,0.,0.));
#9503=DIRECTION('',(0.,0.,1.));
#9504=DIRECTION('',(1.,0.,0.));
#9505=DIRECTION('',(0.,0.,1.));
#9506=DIRECTION('',(1.,0.,0.));
#9507=DIRECTION('',(0.,0.,-1.));
#9508=DIRECTION('',(-1.,0.,0.));
#9509=DIRECTION('',(0.,0.,1.));
#9510=DIRECTION('',(1.,0.,0.));
#9511=DIRECTION('',(0.,0.,1.));
#9512=DIRECTION('',(1.,0.,0.));
#9513=DIRECTION('',(0.,0.,-1.));
#9514=DIRECTION('',(-1.,0.,0.));
#9515=DIRECTION('',(0.,0.,1.));
#9516=DIRECTION('',(1.,0.,0.));
#9517=DIRECTION('',(0.,0.,1.));
#9518=DIRECTION('',(1.,0.,0.));
#9519=DIRECTION('',(0.,0.,-1.));
#9520=DIRECTION('',(-1.,0.,0.));
#9521=DIRECTION('',(0.,0.,1.));
#9522=DIRECTION('',(1.,0.,0.));
#9523=DIRECTION('',(0.,0.,1.));
#9524=DIRECTION('',(1.,0.,0.));
#9525=DIRECTION('',(0.,0.,-1.));
#9526=DIRECTION('',(-1.,0.,0.));
#9527=DIRECTION('',(0.,0.,1.));
#9528=DIRECTION('',(1.,0.,0.));
#9529=DIRECTION('',(0.,0.,1.));
#9530=DIRECTION('',(1.,0.,0.));
#9531=DIRECTION('',(0.,1.,0.));
#9532=DIRECTION('',(0.,0.,1.));
#9533=DIRECTION('',(0.,-1.,0.));
#9534=DIRECTION('',(0.,0.,-1.));
#9535=DIRECTION('',(0.,-1.,0.));
#9536=DIRECTION('',(0.,0.,-1.));
#9537=DIRECTION('',(0.,-1.,0.));
#9538=DIRECTION('',(0.,0.,-1.));
#9539=DIRECTION('',(0.,1.,0.));
#9540=DIRECTION('',(0.,0.,1.));
#9541=DIRECTION('',(1.,0.,0.));
#9542=DIRECTION('',(0.,0.,-1.));
#9543=DIRECTION('',(0.,1.,0.));
#9544=DIRECTION('',(0.,0.,1.));
#9545=DIRECTION('',(0.,0.,-1.));
#9546=DIRECTION('',(-1.,0.,0.));
#9547=DIRECTION('',(0.,0.,1.));
#9548=DIRECTION('',(1.,0.,0.));
#9549=DIRECTION('',(-1.,0.,0.));
#9550=DIRECTION('',(0.,0.,1.));
#9551=DIRECTION('',(-1.,0.,0.));
#9552=DIRECTION('',(0.,0.,1.));
#9553=DIRECTION('',(0.,1.,0.));
#9554=DIRECTION('',(0.,1.,0.));
#9555=DIRECTION('',(0.,1.,0.));
#9556=DIRECTION('',(0.,0.,1.));
#9557=DIRECTION('',(0.,0.,1.));
#9558=DIRECTION('',(1.,0.,0.));
#9559=DIRECTION('',(-1.,0.,0.));
#9560=DIRECTION('',(0.,1.,0.));
#9561=DIRECTION('',(0.,-1.,0.));
#9562=DIRECTION('',(0.,-1.,0.));
#9563=DIRECTION('',(0.,0.,-1.));
#9564=DIRECTION('',(0.,-1.,0.));
#9565=DIRECTION('',(0.,0.,-1.));
#9566=DIRECTION('',(0.,-1.,0.));
#9567=DIRECTION('',(0.,0.,-1.));
#9568=DIRECTION('',(0.,-1.,0.));
#9569=DIRECTION('',(0.,0.,-1.));
#9570=DIRECTION('',(0.,-1.,0.));
#9571=DIRECTION('',(1.,0.,0.));
#9572=DIRECTION('',(0.,-1.,0.));
#9573=DIRECTION('',(0.,0.,-1.));
#9574=DIRECTION('',(0.,-1.,0.));
#9575=DIRECTION('',(0.,0.,-1.));
#9576=DIRECTION('',(0.,-1.,0.));
#9577=DIRECTION('',(1.,0.,0.));
#9578=DIRECTION('',(0.,-1.,0.));
#9579=DIRECTION('',(0.,0.,-1.));
#9580=DIRECTION('',(0.,-1.,0.));
#9581=DIRECTION('',(0.,0.,-1.));
#9582=DIRECTION('',(0.,-1.,0.));
#9583=DIRECTION('',(1.,0.,0.));
#9584=DIRECTION('',(0.,0.,1.));
#9585=DIRECTION('',(1.,0.,0.));
#9586=DIRECTION('',(0.,0.,1.));
#9587=DIRECTION('',(0.,0.,1.));
#9588=DIRECTION('',(1.,0.,0.));
#9589=DIRECTION('',(0.,0.,1.));
#9590=DIRECTION('',(0.,0.,1.));
#9591=DIRECTION('',(1.,0.,0.));
#9592=DIRECTION('',(0.,0.,1.));
#9593=DIRECTION('',(1.,0.,0.));
#9594=DIRECTION('',(0.,0.,1.));
#9595=DIRECTION('',(1.,0.,0.));
#9596=DIRECTION('',(0.,0.,1.));
#9597=DIRECTION('',(1.,0.,0.));
#9598=DIRECTION('',(0.,0.,1.));
#9599=DIRECTION('',(1.,0.,0.));
#9600=DIRECTION('',(0.,0.,1.));
#9601=DIRECTION('',(0.,0.,1.));
#9602=DIRECTION('',(0.,0.,1.));
#9603=DIRECTION('',(1.,0.,0.));
#9604=DIRECTION('',(0.,0.,1.));
#9605=DIRECTION('',(1.,0.,0.));
#9606=DIRECTION('',(0.,0.,1.));
#9607=DIRECTION('',(1.,0.,0.));
#9608=DIRECTION('',(0.,0.,1.));
#9609=DIRECTION('',(1.,0.,0.));
#9610=DIRECTION('',(0.,0.,1.));
#9611=DIRECTION('',(1.,0.,0.));
#9612=DIRECTION('',(0.,0.,1.));
#9613=DIRECTION('',(1.,0.,0.));
#9614=DIRECTION('',(0.,0.,1.));
#9615=DIRECTION('',(1.,0.,0.));
#9616=DIRECTION('',(0.,0.,1.));
#9617=DIRECTION('',(1.,0.,0.));
#9618=DIRECTION('',(0.,0.,1.));
#9619=DIRECTION('',(1.,0.,0.));
#9620=DIRECTION('',(0.,0.,1.));
#9621=DIRECTION('',(1.,0.,0.));
#9622=DIRECTION('',(0.,0.,1.));
#9623=DIRECTION('',(0.,0.,1.));
#9624=DIRECTION('',(1.,0.,0.));
#9625=DIRECTION('',(0.,0.,1.));
#9626=DIRECTION('',(0.,0.,1.));
#9627=DIRECTION('',(1.,0.,0.));
#9628=DIRECTION('',(0.,0.,1.));
#9629=DIRECTION('',(1.,0.,0.));
#9630=DIRECTION('',(0.,0.,1.));
#9631=DIRECTION('',(1.,0.,0.));
#9632=DIRECTION('',(0.,0.,1.));
#9633=DIRECTION('',(1.,0.,0.));
#9634=DIRECTION('',(0.,0.,1.));
#9635=DIRECTION('',(1.,0.,0.));
#9636=DIRECTION('',(0.,0.,1.));
#9637=DIRECTION('',(0.,0.,1.));
#9638=DIRECTION('',(0.,0.,1.));
#9639=DIRECTION('',(1.,0.,0.));
#9640=DIRECTION('',(0.,0.,1.));
#9641=DIRECTION('',(1.,0.,0.));
#9642=DIRECTION('',(0.,0.,1.));
#9643=DIRECTION('',(1.,0.,0.));
#9644=DIRECTION('',(0.,0.,1.));
#9645=DIRECTION('',(1.,0.,0.));
#9646=DIRECTION('',(0.,0.,-1.));
#9647=DIRECTION('',(-1.,0.,0.));
#9648=DIRECTION('',(0.,0.,1.));
#9649=DIRECTION('',(1.,0.,0.));
#9650=DIRECTION('',(0.,0.,-1.));
#9651=DIRECTION('',(-1.,0.,0.));
#9652=DIRECTION('',(0.,0.,-1.));
#9653=DIRECTION('',(-1.,0.,0.));
#9654=DIRECTION('',(0.,0.,-1.));
#9655=DIRECTION('',(-1.,0.,0.));
#9656=DIRECTION('',(0.,0.,-1.));
#9657=DIRECTION('',(-1.,0.,0.));
#9658=DIRECTION('',(0.,0.,-1.));
#9659=DIRECTION('',(-1.,0.,0.));
#9660=DIRECTION('',(-1.30922526488816E-16,1.,0.));
#9661=DIRECTION('',(-1.,-1.30922526488816E-16,0.));
#9662=DIRECTION('',(0.707106781186548,-0.707106781186547,0.));
#9663=DIRECTION('',(0.707106781186547,0.707106781186548,0.));
#9664=DIRECTION('',(0.,-1.,0.));
#9665=DIRECTION('',(0.,0.,-1.));
#9666=DIRECTION('',(0.707106781186548,0.707106781186548,0.));
#9667=DIRECTION('',(0.707106781186548,-0.707106781186548,0.));
#9668=DIRECTION('',(1.,0.,0.));
#9669=DIRECTION('',(0.,0.,-1.));
#9670=DIRECTION('',(1.,1.30922526488816E-16,0.));
#9671=DIRECTION('',(-1.30922526488816E-16,1.,0.));
#9672=DIRECTION('',(1.,0.,0.));
#9673=DIRECTION('',(0.,0.,-1.));
#9674=DIRECTION('',(0.,0.,1.));
#9675=DIRECTION('',(-1.,0.,0.));
#9676=DIRECTION('',(0.,0.,1.));
#9677=DIRECTION('',(0.,0.,1.));
#9678=DIRECTION('',(0.,-1.,0.));
#9679=DIRECTION('',(0.,0.,-1.));
#9680=DIRECTION('',(0.,1.,0.));
#9681=DIRECTION('',(0.,0.,1.));
#9682=DIRECTION('',(0.,1.,0.));
#9683=DIRECTION('',(0.,0.,1.));
#9684=DIRECTION('',(0.,1.,0.));
#9685=DIRECTION('',(0.,0.,1.));
#9686=DIRECTION('',(0.,1.,0.));
#9687=DIRECTION('',(-1.,0.,0.));
#9688=DIRECTION('',(1.,4.93222578868356E-30,5.72118872610346E-18));
#9689=DIRECTION('',(-5.72118872610346E-18,-6.27390938683586E-30,1.));
#9690=DIRECTION('',(0.,0.,1.));
#9691=DIRECTION('',(1.,0.,0.));
#9692=DIRECTION('',(0.,0.,1.));
#9693=DIRECTION('',(1.,0.,0.));
#9694=DIRECTION('',(-1.,-1.3695185336659E-16,0.));
#9695=DIRECTION('',(0.,-1.,0.));
#9696=DIRECTION('',(-1.,-1.82602471155453E-16,0.));
#9697=DIRECTION('',(0.,0.,1.));
#9698=DIRECTION('',(1.,0.,0.));
#9699=DIRECTION('',(1.82602471155453E-16,-1.,0.));
#9700=DIRECTION('',(1.,1.82602471155453E-16,0.));
#9701=DIRECTION('',(0.,0.,-1.));
#9702=DIRECTION('',(1.,1.82602471155453E-16,0.));
#9703=DIRECTION('',(0.,0.,-1.));
#9704=DIRECTION('',(1.82602471155453E-16,-1.,0.));
#9705=DIRECTION('',(1.,1.82602471155453E-16,0.));
#9706=DIRECTION('',(0.,0.,-1.));
#9707=DIRECTION('',(-1.,-1.82602471155453E-16,0.));
#9708=DIRECTION('',(0.,0.,-1.));
#9709=DIRECTION('',(-1.,0.,0.));
#9710=DIRECTION('',(0.,0.,1.));
#9711=DIRECTION('',(1.,0.,0.));
#9712=DIRECTION('',(0.,0.,-1.));
#9713=DIRECTION('',(1.3695185336659E-16,-1.,0.));
#9714=DIRECTION('',(1.,1.3695185336659E-16,0.));
#9715=DIRECTION('',(-1.,-1.3695185336659E-16,0.));
#9716=DIRECTION('',(0.,0.,-1.));
#9717=DIRECTION('',(-1.,-1.3695185336659E-16,0.));
#9718=DIRECTION('',(0.,0.,-1.));
#9719=DIRECTION('',(1.3695185336659E-16,-1.,0.));
#9720=DIRECTION('',(1.,1.3695185336659E-16,0.));
#9721=DIRECTION('',(0.,0.,-1.));
#9722=DIRECTION('',(-1.,0.,0.));
#9723=DIRECTION('',(0.,0.,1.));
#9724=DIRECTION('',(1.,0.,0.));
#9725=DIRECTION('',(-1.,0.,0.));
#9726=DIRECTION('',(0.,0.,1.));
#9727=DIRECTION('',(0.,-1.,0.));
#9728=DIRECTION('',(0.,1.,0.));
#9729=DIRECTION('',(0.,0.,1.));
#9730=DIRECTION('',(1.,0.,0.));
#9731=DIRECTION('',(-1.,-1.82602471155453E-16,0.));
#9732=DIRECTION('',(0.,1.,0.));
#9733=DIRECTION('',(1.,1.3695185336659E-16,0.));
#9734=DIRECTION('',(0.,0.,1.));
#9735=DIRECTION('',(1.,0.,0.));
#9736=DIRECTION('',(0.,0.,-1.));
#9737=DIRECTION('',(-1.,0.,0.));
#9738=DIRECTION('',(1.,0.,0.));
#9739=DIRECTION('',(0.,0.,-1.));
#9740=DIRECTION('',(0.,-1.,0.));
#9741=DIRECTION('',(0.,-1.,0.));
#9742=DIRECTION('',(0.,0.,1.));
#9743=DIRECTION('',(1.,0.,0.));
#9744=DIRECTION('',(0.,0.,1.));
#9745=DIRECTION('',(1.,0.,0.));
#9746=DIRECTION('',(0.,0.,1.));
#9747=DIRECTION('',(1.,0.,0.));
#9748=DIRECTION('',(0.,0.,1.));
#9749=DIRECTION('',(1.,0.,0.));
#9750=DIRECTION('',(0.,0.,-1.));
#9751=DIRECTION('',(-1.,0.,0.));
#9752=DIRECTION('',(0.,0.,1.));
#9753=DIRECTION('',(1.,0.,0.));
#9754=DIRECTION('',(0.,0.,1.));
#9755=DIRECTION('',(1.,0.,0.));
#9756=DIRECTION('',(0.,0.,1.));
#9757=DIRECTION('',(1.,0.,0.));
#9758=DIRECTION('',(9.68395842115817E-17,-0.707106781186548,-0.707106781186547));
#9759=DIRECTION('',(-9.80874875679273E-17,-0.707106781186548,0.707106781186547));
#9760=DIRECTION('',(1.29119445615442E-16,-0.707106781186547,-0.707106781186548));
#9761=DIRECTION('',(1.,1.82602471155453E-16,0.));
#9762=DIRECTION('',(0.577350269189626,0.577350269189626,-0.577350269189625));
#9763=DIRECTION('',(9.68395842115814E-17,-0.707106781186547,0.707106781186548));
#9764=DIRECTION('',(-1.,-1.3695185336659E-16,0.));
#9765=DIRECTION('',(0.577350269189626,-0.577350269189626,-0.577350269189625));
#9766=DIRECTION('',(-0.707106781186547,0.,-0.707106781186548));
#9767=DIRECTION('',(0.,-1.,0.));
#9768=DIRECTION('',(0.,1.,0.));
#9769=DIRECTION('',(0.,0.,1.));
#9770=DIRECTION('',(-3.11602177737219E-29,1.,8.68363293325317E-30));
#9771=DIRECTION('',(-1.,-3.11602177737219E-29,5.55111512312638E-17));
#9772=DIRECTION('',(5.72118872609498E-18,1.94380257427115E-29,-1.));
#9773=DIRECTION('',(-1.26482715178766E-29,1.,1.94380257427115E-29));
#9774=DIRECTION('',(0.,0.,1.));
#9775=DIRECTION('',(1.,0.,0.));
#9776=DIRECTION('',(-1.02183573535754E-16,0.707106781186548,-0.707106781186547));
#9777=DIRECTION('',(5.76399691875426E-16,-0.707106781186547,-0.707106781186548));
#9778=DIRECTION('',(1.,7.01084302817675E-16,1.50867000780627E-16));
#9779=DIRECTION('',(6.02420544015078E-16,-0.707106781186547,-0.707106781186548));
#9780=DIRECTION('',(5.96689657833647E-16,-0.707106781186547,-0.707106781186548));
#9781=DIRECTION('',(1.,4.92950646812721E-16,3.50895959823385E-16));
#9782=DIRECTION('',(1.,1.01080957298772E-15,-1.45365287322601E-16));
#9783=DIRECTION('',(6.1196152313295E-16,-0.707106781186547,-0.707106781186548));
#9784=DIRECTION('',(0.,0.,1.));
#9785=DIRECTION('',(1.,0.,0.));
#9786=DIRECTION('',(4.65750535226352E-16,-1.,1.2212453270883E-15));
#9787=DIRECTION('',(-1.,-4.65750535226352E-16,-3.67761376907079E-16));
#9788=DIRECTION('',(4.65750535226384E-16,-1.,1.22124532708831E-15));
#9789=DIRECTION('',(1.,4.65750535226384E-16,2.77555756156289E-17));
#9790=DIRECTION('',(1.,1.41790926087683E-16,3.46944695195297E-17));
#9791=DIRECTION('',(3.46944695195298E-17,-1.22124532708831E-15,-1.));
#9792=DIRECTION('',(-2.06834787175943E-31,4.44089209850082E-16,1.));
#9793=DIRECTION('',(1.41790926087677E-16,-1.,4.44089209850082E-16));
#9794=DIRECTION('',(0.,0.,1.));
#9795=DIRECTION('',(1.,0.,0.));
#9796=DIRECTION('',(1.,1.14438841750577E-17,1.57377236320553E-16));
#9797=DIRECTION('',(1.03190462903364E-16,0.707106781186548,-0.707106781186547));
#9798=DIRECTION('',(-1.,2.24069984627508E-16,7.81366324820129E-17));
#9799=DIRECTION('',(1.03190462903364E-16,0.707106781186548,-0.707106781186547));
#9800=DIRECTION('',(-1.,-1.14438841750577E-17,-1.57377236320553E-16));
#9801=DIRECTION('',(1.03190462903364E-16,0.707106781186548,-0.707106781186547));
#9802=DIRECTION('',(1.19374559109958E-16,-0.707106781186547,-0.707106781186548));
#9803=DIRECTION('',(1.03190462903364E-16,0.707106781186548,-0.707106781186547));
#9804=DIRECTION('',(-1.19374559109958E-16,0.707106781186547,0.707106781186548));
#9805=DIRECTION('',(1.03190462903364E-16,0.707106781186548,-0.707106781186547));
#9806=DIRECTION('',(0.,0.,1.));
#9807=DIRECTION('',(1.,0.,0.));
#9808=DIRECTION('',(7.89084491496117E-17,0.707106781186548,0.707106781186547));
#9809=DIRECTION('',(-1.30555960087409E-16,0.707106781186547,-0.707106781186548));
#9810=DIRECTION('',(1.,3.6520305215523E-17,-1.48113704188731E-16));
#9811=DIRECTION('',(-1.30555960087409E-16,0.707106781186547,-0.707106781186548));
#9812=DIRECTION('',(-1.,-3.6520305215523E-17,1.48113704188731E-16));
#9813=DIRECTION('',(-1.30555960087409E-16,0.707106781186547,-0.707106781186548));
#9814=DIRECTION('',(1.,3.6520305215523E-17,-1.48113704188731E-16));
#9815=DIRECTION('',(-1.30555960087409E-16,0.707106781186547,-0.707106781186548));
#9816=DIRECTION('',(-7.89084491496117E-17,-0.707106781186548,-0.707106781186547));
#9817=DIRECTION('',(-1.30555960087409E-16,0.707106781186547,-0.707106781186548));
#9818=DIRECTION('',(0.,0.,1.));
#9819=DIRECTION('',(1.,0.,0.));
#9820=DIRECTION('',(-1.56125112837912E-17,6.29811856052319E-30,1.));
#9821=DIRECTION('',(5.05123959125336E-30,1.,-6.29811856052319E-30));
#9822=DIRECTION('',(2.33168433185412E-29,1.,4.45888149018061E-30));
#9823=DIRECTION('',(1.,-2.33168433185412E-29,-4.56198286735675E-17));
#9824=DIRECTION('',(-1.,-2.91861849493822E-30,-1.56125112837997E-17));
#9825=DIRECTION('',(1.56125112837997E-17,6.86460513969681E-30,-1.));
#9826=DIRECTION('',(-7.84537689492829E-30,1.,1.31399737052529E-29));
#9827=DIRECTION('',(-1.,-7.84537689492829E-30,4.56198286735615E-17));
#9828=DIRECTION('',(0.,0.,1.));
#9829=DIRECTION('',(1.,0.,0.));
#9830=DIRECTION('',(1.71929155304359E-16,-0.707106781186548,-0.707106781186548));
#9831=DIRECTION('',(-1.,-2.24395553485543E-17,-2.2070498785022E-16));
#9832=DIRECTION('',(-1.,6.84102051059142E-16,-9.27246594257915E-16));
#9833=DIRECTION('',(1.71929155304358E-16,-0.707106781186548,-0.707106781186548));
#9834=DIRECTION('',(-1.40194831796812E-16,-0.707106781186548,0.707106781186548));
#9835=DIRECTION('',(1.92903142178675E-16,-0.707106781186548,-0.707106781186548));
#9836=DIRECTION('',(-1.,-2.24395553485549E-17,-2.20704987850219E-16));
#9837=DIRECTION('',(1.71929155304358E-16,-0.707106781186548,-0.707106781186548));
#9838=DIRECTION('',(0.,0.,1.));
#9839=DIRECTION('',(1.,0.,0.));
#9840=DIRECTION('',(1.,9.29912930499361E-17,-2.4334587185227E-16));
#9841=DIRECTION('',(-1.06316742253577E-16,-0.707106781186548,-0.707106781186548));
#9842=DIRECTION('',(1.,9.29912930499361E-17,-2.4334587185227E-16));
#9843=DIRECTION('',(-1.06316742253577E-16,-0.707106781186548,-0.707106781186548));
#9844=DIRECTION('',(-1.82315138836151E-16,0.707106781186548,-0.707106781186548));
#9845=DIRECTION('',(-1.06316742253577E-16,-0.707106781186548,-0.707106781186548));
#9846=DIRECTION('',(-1.06316742253578E-16,-0.707106781186547,-0.707106781186548));
#9847=DIRECTION('',(1.,9.29912930499365E-17,-2.43345871852271E-16));
#9848=DIRECTION('',(0.,0.,1.));
#9849=DIRECTION('',(1.,0.,0.));
#9850=DIRECTION('',(-1.,-1.41790926087692E-16,1.19814170551402E-16));
#9851=DIRECTION('',(1.19814170551402E-16,2.22044604925037E-16,1.));
#9852=DIRECTION('',(1.41790926087719E-16,-1.,2.2204460492504E-16));
#9853=DIRECTION('',(1.,1.41790926087719E-16,-5.85818305940348E-17));
#9854=DIRECTION('',(-1.19814170551394E-16,-4.44089209850082E-16,-1.));
#9855=DIRECTION('',(1.417909260877E-16,-1.,4.44089209850082E-16));
#9856=DIRECTION('',(1.41790926087687E-16,-1.,2.22044604925032E-16));
#9857=DIRECTION('',(-1.,-1.41790926087687E-16,5.85818305940408E-17));
#9858=DIRECTION('',(0.,0.,1.));
#9859=DIRECTION('',(1.,0.,0.));
#9860=DIRECTION('',(0.,1.,0.));
#9861=DIRECTION('',(0.,0.,1.));
#9862=DIRECTION('',(0.,-1.,0.));
#9863=DIRECTION('',(0.,0.,-1.));
#9864=DIRECTION('',(0.,-1.,0.));
#9865=DIRECTION('',(0.,0.,-1.));
#9866=DIRECTION('',(0.,1.,0.));
#9867=DIRECTION('',(0.,0.,1.));
#9868=DIRECTION('',(0.,1.,0.));
#9869=DIRECTION('',(0.,0.,-1.));
#9870=DIRECTION('',(0.,1.,0.));
#9871=DIRECTION('',(0.,0.,-1.));
#9872=DIRECTION('',(0.,1.,0.));
#9873=DIRECTION('',(0.,0.,1.));
#9874=DIRECTION('',(0.,1.,0.));
#9875=DIRECTION('',(0.,0.,-1.));
#9876=DIRECTION('',(0.,1.,0.));
#9877=DIRECTION('',(0.,0.,-1.));
#9878=DIRECTION('',(0.,1.,0.));
#9879=DIRECTION('',(0.,0.,1.));
#9880=DIRECTION('',(0.,-1.,0.));
#9881=DIRECTION('',(0.,0.,-1.));
#9882=DIRECTION('',(0.,-1.,0.));
#9883=DIRECTION('',(0.,0.,-1.));
#9884=DIRECTION('',(0.,1.,0.));
#9885=DIRECTION('',(0.,0.,1.));
#9886=DIRECTION('',(0.,-1.,0.));
#9887=DIRECTION('',(0.,0.,-1.));
#9888=DIRECTION('',(0.,-1.,0.));
#9889=DIRECTION('',(0.,0.,-1.));
#9890=DIRECTION('',(0.,-1.,0.));
#9891=DIRECTION('',(0.,0.,-1.));
#9892=DIRECTION('',(0.,1.,0.));
#9893=DIRECTION('',(0.,0.,1.));
#9894=DIRECTION('',(0.,-1.,0.));
#9895=DIRECTION('',(0.,0.,-1.));
#9896=DIRECTION('',(0.,-1.,0.));
#9897=DIRECTION('',(0.,0.,-1.));
#9898=DIRECTION('',(0.,-1.,0.));
#9899=DIRECTION('',(0.,0.,-1.));
#9900=DIRECTION('',(0.,1.,0.));
#9901=DIRECTION('',(0.,0.,1.));
#9902=DIRECTION('',(0.,-1.,0.));
#9903=DIRECTION('',(0.,0.,-1.));
#9904=DIRECTION('',(0.,-1.,0.));
#9905=DIRECTION('',(0.,0.,-1.));
#9906=DIRECTION('',(0.,-1.,0.));
#9907=DIRECTION('',(0.,0.,-1.));
#9908=DIRECTION('',(0.,1.,0.));
#9909=DIRECTION('',(0.,0.,1.));
#9910=DIRECTION('',(0.,-1.,0.));
#9911=DIRECTION('',(0.,0.,-1.));
#9912=DIRECTION('',(0.,-1.,0.));
#9913=DIRECTION('',(0.,0.,-1.));
#9914=DIRECTION('',(0.,-1.,0.));
#9915=DIRECTION('',(0.,0.,-1.));
#9916=DIRECTION('',(0.,1.,0.));
#9917=DIRECTION('',(0.,0.,1.));
#9918=DIRECTION('',(0.,-1.,0.));
#9919=DIRECTION('',(0.,0.,-1.));
#9920=DIRECTION('',(0.,-1.,0.));
#9921=DIRECTION('',(0.,0.,-1.));
#9922=DIRECTION('',(0.,1.,0.));
#9923=DIRECTION('',(0.,0.,1.));
#9924=DIRECTION('',(0.,-1.,0.));
#9925=DIRECTION('',(0.,0.,-1.));
#9926=DIRECTION('',(0.,-1.,0.));
#9927=DIRECTION('',(0.,0.,-1.));
#9928=DIRECTION('',(0.,1.,0.));
#9929=DIRECTION('',(0.,0.,1.));
#9930=DIRECTION('',(0.,1.,0.));
#9931=DIRECTION('',(0.,0.,-1.));
#9932=DIRECTION('',(0.,1.,0.));
#9933=DIRECTION('',(0.,0.,-1.));
#9934=DIRECTION('',(0.,1.,0.));
#9935=DIRECTION('',(0.,0.,1.));
#9936=DIRECTION('',(0.,1.,0.));
#9937=DIRECTION('',(0.,0.,-1.));
#9938=DIRECTION('',(0.,1.,0.));
#9939=DIRECTION('',(0.,0.,-1.));
#9940=DIRECTION('',(0.,1.,0.));
#9941=DIRECTION('',(0.,0.,1.));
#9942=DIRECTION('',(0.,-1.,0.));
#9943=DIRECTION('',(0.,0.,-1.));
#9944=DIRECTION('',(0.,-1.,0.));
#9945=DIRECTION('',(0.,0.,-1.));
#9946=DIRECTION('',(0.,1.,0.));
#9947=DIRECTION('',(0.,0.,1.));
#9948=DIRECTION('',(0.,-1.,0.));
#9949=DIRECTION('',(0.,0.,-1.));
#9950=DIRECTION('',(0.,-1.,0.));
#9951=DIRECTION('',(0.,0.,-1.));
#9952=DIRECTION('',(0.,1.,0.));
#9953=DIRECTION('',(0.,0.,1.));
#9954=DIRECTION('',(0.,-1.,0.));
#9955=DIRECTION('',(0.,0.,-1.));
#9956=DIRECTION('',(0.,-1.,0.));
#9957=DIRECTION('',(0.,0.,-1.));
#9958=DIRECTION('',(0.,1.,0.));
#9959=DIRECTION('',(0.,0.,1.));
#9960=DIRECTION('',(0.,-1.,0.));
#9961=DIRECTION('',(0.,0.,-1.));
#9962=DIRECTION('',(0.,-1.,0.));
#9963=DIRECTION('',(0.,0.,-1.));
#9964=DIRECTION('',(0.,1.,0.));
#9965=DIRECTION('',(0.,0.,1.));
#9966=DIRECTION('',(0.,1.,0.));
#9967=DIRECTION('',(0.,0.,-1.));
#9968=DIRECTION('',(0.,1.,0.));
#9969=DIRECTION('',(0.,0.,-1.));
#9970=DIRECTION('',(0.,1.,0.));
#9971=DIRECTION('',(0.,0.,1.));
#9972=DIRECTION('',(0.,1.,0.));
#9973=DIRECTION('',(0.,0.,-1.));
#9974=DIRECTION('',(0.,1.,0.));
#9975=DIRECTION('',(0.,0.,-1.));
#9976=DIRECTION('',(0.,1.,0.));
#9977=DIRECTION('',(0.,0.,1.));
#9978=DIRECTION('',(0.,1.,0.));
#9979=DIRECTION('',(0.,0.,-1.));
#9980=DIRECTION('',(0.,1.,0.));
#9981=DIRECTION('',(0.,0.,-1.));
#9982=DIRECTION('',(0.,1.,0.));
#9983=DIRECTION('',(0.,0.,1.));
#9984=DIRECTION('',(0.,1.,0.));
#9985=DIRECTION('',(0.,0.,-1.));
#9986=DIRECTION('',(0.,1.,0.));
#9987=DIRECTION('',(0.,0.,-1.));
#9988=DIRECTION('',(0.,-1.,0.));
#9989=DIRECTION('',(1.,0.,0.));
#9990=DIRECTION('',(0.,-1.,0.));
#9991=DIRECTION('',(0.,0.,-1.));
#9992=DIRECTION('',(0.,-1.,0.));
#9993=DIRECTION('',(1.,0.,0.));
#9994=DIRECTION('',(0.,-1.,0.));
#9995=DIRECTION('',(0.,0.,-1.));
#9996=DIRECTION('',(0.,-1.,0.));
#9997=DIRECTION('',(1.,0.,0.));
#9998=DIRECTION('',(0.,-1.,0.));
#9999=DIRECTION('',(0.,0.,-1.));
#10000=DIRECTION('',(0.,-1.,0.));
#10001=DIRECTION('',(1.,0.,0.));
#10002=DIRECTION('',(0.,-1.,0.));
#10003=DIRECTION('',(0.,0.,-1.));
#10004=DIRECTION('',(0.,0.,1.));
#10005=DIRECTION('',(1.,0.,0.));
#10006=DIRECTION('',(1.,0.,0.));
#10007=DIRECTION('',(0.,1.,0.));
#10008=DIRECTION('',(1.,0.,0.));
#10009=DIRECTION('',(1.,0.,0.));
#10010=DIRECTION('',(1.,0.,0.));
#10011=DIRECTION('',(0.,1.,0.));
#10012=DIRECTION('',(0.,1.,0.));
#10013=DIRECTION('',(0.,0.,1.));
#10014=DIRECTION('',(0.,-1.,0.));
#10015=DIRECTION('',(0.,0.,-1.));
#10016=DIRECTION('',(0.,1.,0.));
#10017=DIRECTION('',(0.,-1.,0.));
#10018=DIRECTION('',(0.,0.,-1.));
#10019=DIRECTION('',(0.,0.,1.));
#10020=DIRECTION('',(1.,0.,0.));
#10021=DIRECTION('',(1.,0.,0.));
#10022=DIRECTION('',(0.,1.,0.));
#10023=DIRECTION('',(1.,0.,0.));
#10024=DIRECTION('',(1.,0.,0.));
#10025=DIRECTION('',(1.,0.,0.));
#10026=DIRECTION('',(2.16840434497101E-16,0.,1.));
#10027=DIRECTION('',(1.,0.,-2.16840434497101E-16));
#10028=DIRECTION('',(1.,0.,-2.16840434497101E-16));
#10029=DIRECTION('',(0.,1.,0.));
#10030=DIRECTION('',(1.,0.,-2.16840434497101E-16));
#10031=DIRECTION('',(0.,1.,0.));
#10032=DIRECTION('',(0.,1.,0.));
#10033=DIRECTION('',(0.,0.,1.));
#10034=DIRECTION('',(0.,1.,0.));
#10035=DIRECTION('',(0.,0.,-1.));
#10036=DIRECTION('',(0.,1.,0.));
#10037=DIRECTION('',(0.,1.,0.));
#10038=DIRECTION('',(0.,0.,-1.));
#10039=DIRECTION('',(2.16840434497101E-16,0.,1.));
#10040=DIRECTION('',(1.,0.,-2.16840434497101E-16));
#10041=DIRECTION('',(1.,0.,-2.16840434497101E-16));
#10042=DIRECTION('',(0.,1.,0.));
#10043=DIRECTION('',(1.,0.,-2.16840434497101E-16));
#10044=DIRECTION('',(0.,1.,0.));
#10045=DIRECTION('',(0.,0.,1.));
#10046=DIRECTION('',(0.,-1.,0.));
#10047=DIRECTION('',(0.,0.,-1.));
#10048=DIRECTION('',(0.,1.,0.));
#10049=DIRECTION('',(0.,-1.,0.));
#10050=DIRECTION('',(0.,0.,-1.));
#10051=DIRECTION('',(0.,1.,0.));
#10052=DIRECTION('',(-2.16840434497101E-16,0.,1.));
#10053=DIRECTION('',(1.,0.,2.16840434497101E-16));
#10054=DIRECTION('',(1.,0.,2.16840434497101E-16));
#10055=DIRECTION('',(0.,1.,0.));
#10056=DIRECTION('',(1.,0.,2.16840434497101E-16));
#10057=DIRECTION('',(0.,1.,0.));
#10058=DIRECTION('',(0.,0.,1.));
#10059=DIRECTION('',(0.,-1.,0.));
#10060=DIRECTION('',(0.,0.,-1.));
#10061=DIRECTION('',(0.,1.,0.));
#10062=DIRECTION('',(0.,-1.,0.));
#10063=DIRECTION('',(0.,0.,-1.));
#10064=DIRECTION('',(0.,1.,0.));
#10065=DIRECTION('',(0.,0.,1.));
#10066=DIRECTION('',(0.,1.,0.));
#10067=DIRECTION('',(0.,0.,-1.));
#10068=DIRECTION('',(0.,1.,0.));
#10069=DIRECTION('',(0.,1.,0.));
#10070=DIRECTION('',(0.,0.,-1.));
#10071=DIRECTION('',(0.,1.,0.));
#10072=DIRECTION('',(-1.0842021724855E-16,0.,-1.));
#10073=DIRECTION('',(-1.,0.,1.0842021724855E-16));
#10074=DIRECTION('',(-1.,0.,1.0842021724855E-16));
#10075=DIRECTION('',(0.,1.,0.));
#10076=DIRECTION('',(-1.,0.,1.0842021724855E-16));
#10077=DIRECTION('',(0.,1.,0.));
#10078=DIRECTION('',(0.,0.,1.));
#10079=DIRECTION('',(0.,1.,0.));
#10080=DIRECTION('',(0.,0.,-1.));
#10081=DIRECTION('',(0.,1.,0.));
#10082=DIRECTION('',(0.,1.,0.));
#10083=DIRECTION('',(0.,0.,-1.));
#10084=DIRECTION('',(0.,1.,0.));
#10085=DIRECTION('',(0.,0.,1.));
#10086=DIRECTION('',(0.,-1.,0.));
#10087=DIRECTION('',(0.,0.,-1.));
#10088=DIRECTION('',(0.,1.,0.));
#10089=DIRECTION('',(0.,-1.,0.));
#10090=DIRECTION('',(0.,0.,-1.));
#10091=DIRECTION('',(0.,1.,0.));
#10092=DIRECTION('',(3.25260651745651E-16,0.,1.));
#10093=DIRECTION('',(1.,0.,-3.25260651745651E-16));
#10094=DIRECTION('',(1.,0.,-3.25260651745651E-16));
#10095=DIRECTION('',(0.,1.,0.));
#10096=DIRECTION('',(1.,0.,-3.25260651745651E-16));
#10097=DIRECTION('',(0.,1.,0.));
#10098=DIRECTION('',(0.,0.,1.));
#10099=DIRECTION('',(0.,-1.,0.));
#10100=DIRECTION('',(0.,0.,-1.));
#10101=DIRECTION('',(0.,1.,0.));
#10102=DIRECTION('',(0.,-1.,0.));
#10103=DIRECTION('',(0.,0.,-1.));
#10104=DIRECTION('',(0.,1.,0.));
#10105=DIRECTION('',(0.,0.,1.));
#10106=DIRECTION('',(0.,-1.,0.));
#10107=DIRECTION('',(0.,0.,-1.));
#10108=DIRECTION('',(0.,-1.,0.));
#10109=DIRECTION('',(0.,0.,-1.));
#10110=DIRECTION('',(0.,1.,0.));
#10111=DIRECTION('',(0.,0.,1.));
#10112=DIRECTION('',(0.,1.,0.));
#10113=DIRECTION('',(0.,0.,-1.));
#10114=DIRECTION('',(0.,1.,0.));
#10115=DIRECTION('',(0.,0.,-1.));
#10116=DIRECTION('',(0.,1.,0.));
#10117=DIRECTION('',(0.,0.,1.));
#10118=DIRECTION('',(0.,1.,0.));
#10119=DIRECTION('',(0.,0.,-1.));
#10120=DIRECTION('',(0.,1.,0.));
#10121=DIRECTION('',(0.,0.,-1.));
#10122=DIRECTION('',(0.,1.,0.));
#10123=DIRECTION('',(0.,0.,1.));
#10124=DIRECTION('',(0.,-1.,0.));
#10125=DIRECTION('',(0.,0.,-1.));
#10126=DIRECTION('',(0.,-1.,0.));
#10127=DIRECTION('',(0.,0.,-1.));
#10128=DIRECTION('',(0.,1.,0.));
#10129=DIRECTION('',(0.,0.,1.));
#10130=DIRECTION('',(0.,1.,0.));
#10131=DIRECTION('',(0.,0.,-1.));
#10132=DIRECTION('',(0.,1.,0.));
#10133=DIRECTION('',(0.,0.,-1.));
#10134=DIRECTION('',(0.,1.,0.));
#10135=DIRECTION('',(0.,0.,1.));
#10136=DIRECTION('',(0.,-1.,0.));
#10137=DIRECTION('',(0.,0.,-1.));
#10138=DIRECTION('',(0.,-1.,0.));
#10139=DIRECTION('',(0.,0.,-1.));
#10140=DIRECTION('',(0.,1.,0.));
#10141=DIRECTION('',(0.,0.,1.));
#10142=DIRECTION('',(0.,-1.,0.));
#10143=DIRECTION('',(0.,0.,-1.));
#10144=DIRECTION('',(0.,-1.,0.));
#10145=DIRECTION('',(0.,0.,-1.));
#10146=DIRECTION('',(0.,1.,0.));
#10147=DIRECTION('',(0.,0.,1.));
#10148=DIRECTION('',(0.,1.,0.));
#10149=DIRECTION('',(0.,0.,-1.));
#10150=DIRECTION('',(0.,1.,0.));
#10151=DIRECTION('',(0.,0.,-1.));
#10152=DIRECTION('',(0.,1.,0.));
#10153=DIRECTION('',(0.,0.,1.));
#10154=DIRECTION('',(0.,-1.,0.));
#10155=DIRECTION('',(0.,0.,-1.));
#10156=DIRECTION('',(0.,-1.,0.));
#10157=DIRECTION('',(0.,0.,-1.));
#10158=DIRECTION('',(0.,1.,0.));
#10159=DIRECTION('',(0.,0.,1.));
#10160=DIRECTION('',(0.,-1.,0.));
#10161=DIRECTION('',(0.,0.,-1.));
#10162=DIRECTION('',(0.,-1.,0.));
#10163=DIRECTION('',(0.,0.,-1.));
#10164=DIRECTION('',(0.,1.,0.));
#10165=DIRECTION('',(0.,0.,1.));
#10166=DIRECTION('',(0.,1.,0.));
#10167=DIRECTION('',(0.,0.,-1.));
#10168=DIRECTION('',(0.,1.,0.));
#10169=DIRECTION('',(0.,0.,-1.));
#10170=DIRECTION('',(0.,1.,0.));
#10171=DIRECTION('',(0.,0.,1.));
#10172=DIRECTION('',(0.,1.,0.));
#10173=DIRECTION('',(0.,0.,-1.));
#10174=DIRECTION('',(0.,1.,0.));
#10175=DIRECTION('',(0.,0.,-1.));
#10176=DIRECTION('',(-2.16840434497101E-16,0.,1.));
#10177=DIRECTION('',(1.,0.,2.16840434497101E-16));
#10178=DIRECTION('',(1.,0.,2.16840434497101E-16));
#10179=DIRECTION('',(1.,0.,2.16840434497101E-16));
#10180=DIRECTION('',(-1.0842021724855E-16,0.,-1.));
#10181=DIRECTION('',(-1.,0.,1.0842021724855E-16));
#10182=DIRECTION('',(-1.,0.,1.0842021724855E-16));
#10183=DIRECTION('',(-1.,0.,1.0842021724855E-16));
#10184=DIRECTION('',(3.25260651745651E-16,0.,1.));
#10185=DIRECTION('',(1.,0.,-3.25260651745651E-16));
#10186=DIRECTION('',(1.,0.,-3.25260651745651E-16));
#10187=DIRECTION('',(1.,0.,-3.25260651745651E-16));
#10188=DIRECTION('',(0.,1.,0.));
#10189=DIRECTION('',(0.,0.,1.));
#10190=DIRECTION('',(0.,-1.,0.));
#10191=DIRECTION('',(0.,0.,-1.));
#10192=DIRECTION('',(0.,-1.,0.));
#10193=DIRECTION('',(0.,0.,-1.));
#10194=DIRECTION('',(0.,-1.,0.));
#10195=DIRECTION('',(1.,0.,0.));
#10196=DIRECTION('',(0.,-1.,0.));
#10197=DIRECTION('',(0.,0.,-1.));
#10198=DIRECTION('',(0.,-1.,0.));
#10199=DIRECTION('',(0.,0.,-1.));
#10200=DIRECTION('',(0.,-1.,0.));
#10201=DIRECTION('',(0.,0.,-1.));
#10202=DIRECTION('',(0.,-1.,0.));
#10203=DIRECTION('',(0.,0.,-1.));
#10204=DIRECTION('',(0.,-1.,0.));
#10205=DIRECTION('',(1.,0.,0.));
#10206=DIRECTION('',(0.,1.,0.));
#10207=DIRECTION('',(0.,0.,1.));
#10208=DIRECTION('',(0.,1.,0.));
#10209=DIRECTION('',(0.,0.,1.));
#10210=DIRECTION('',(0.,1.,0.));
#10211=DIRECTION('',(0.,0.,1.));
#10212=DIRECTION('',(0.,1.,0.));
#10213=DIRECTION('',(0.,0.,1.));
#10214=DIRECTION('',(0.,1.,0.));
#10215=DIRECTION('',(0.,0.,1.));
#10216=DIRECTION('',(0.,1.,0.));
#10217=DIRECTION('',(0.,0.,1.));
#10218=DIRECTION('',(0.,1.,0.));
#10219=DIRECTION('',(0.,0.,1.));
#10220=DIRECTION('',(0.,1.,0.));
#10221=DIRECTION('',(0.,0.,1.));
#10222=DIRECTION('',(0.,1.,0.));
#10223=DIRECTION('',(0.,0.,1.));
#10224=DIRECTION('',(0.,1.,0.));
#10225=DIRECTION('',(0.,0.,1.));
#10226=DIRECTION('',(0.,1.,0.));
#10227=DIRECTION('',(0.,0.,1.));
#10228=DIRECTION('',(0.,1.,0.));
#10229=DIRECTION('',(0.,0.,1.));
#10230=DIRECTION('',(0.,1.,0.));
#10231=DIRECTION('',(0.,0.,1.));
#10232=DIRECTION('',(0.,1.,0.));
#10233=DIRECTION('',(0.,0.,1.));
#10234=DIRECTION('',(0.,1.,0.));
#10235=DIRECTION('',(0.,0.,1.));
#10236=DIRECTION('',(0.,1.,0.));
#10237=DIRECTION('',(0.,0.,1.));
#10238=DIRECTION('',(0.,1.,0.));
#10239=DIRECTION('',(0.,0.,1.));
#10240=DIRECTION('',(0.,-1.,0.));
#10241=DIRECTION('',(0.,0.,-1.));
#10242=DIRECTION('',(0.,-1.,0.));
#10243=DIRECTION('',(1.,0.,0.));
#10244=DIRECTION('',(0.,1.,0.));
#10245=DIRECTION('',(0.,0.,1.));
#10246=DIRECTION('',(0.,-1.,0.));
#10247=DIRECTION('',(0.,0.,-1.));
#10248=DIRECTION('',(0.,-1.,0.));
#10249=DIRECTION('',(1.,0.,0.));
#10250=DIRECTION('',(0.,1.,0.));
#10251=DIRECTION('',(0.,0.,1.));
#10252=DIRECTION('',(0.,-1.,0.));
#10253=DIRECTION('',(0.,0.,-1.));
#10254=DIRECTION('',(0.,-1.,0.));
#10255=DIRECTION('',(1.,0.,0.));
#10256=DIRECTION('',(0.,1.,0.));
#10257=DIRECTION('',(0.,0.,1.));
#10258=DIRECTION('',(0.,-1.,0.));
#10259=DIRECTION('',(0.,0.,-1.));
#10260=DIRECTION('',(0.,-1.,0.));
#10261=DIRECTION('',(1.,0.,0.));
#10262=DIRECTION('',(0.,1.,0.));
#10263=DIRECTION('',(0.,0.,1.));
#10264=DIRECTION('',(0.,1.,0.));
#10265=DIRECTION('',(0.,0.,1.));
#10266=DIRECTION('',(0.,1.,0.));
#10267=DIRECTION('',(-1.,0.,0.));
#10268=DIRECTION('',(0.,1.,0.));
#10269=DIRECTION('',(0.,0.,1.));
#10270=DIRECTION('',(0.,1.,0.));
#10271=DIRECTION('',(0.,0.,1.));
#10272=DIRECTION('',(0.,1.,0.));
#10273=DIRECTION('',(-1.,0.,0.));
#10274=DIRECTION('',(0.,1.,0.));
#10275=DIRECTION('',(0.,0.,1.));
#10276=DIRECTION('',(0.,1.,0.));
#10277=DIRECTION('',(0.,0.,1.));
#10278=DIRECTION('',(0.,1.,0.));
#10279=DIRECTION('',(-1.,0.,0.));
#10280=DIRECTION('',(0.,1.,0.));
#10281=DIRECTION('',(0.,0.,1.));
#10282=DIRECTION('',(0.,1.,0.));
#10283=DIRECTION('',(0.,0.,1.));
#10284=DIRECTION('',(0.,1.,0.));
#10285=DIRECTION('',(-1.,0.,0.));
#10286=DIRECTION('',(0.,1.,0.));
#10287=DIRECTION('',(0.,0.,1.));
#10288=DIRECTION('',(0.,1.,0.));
#10289=DIRECTION('',(0.,0.,1.));
#10290=DIRECTION('',(0.,1.,0.));
#10291=DIRECTION('',(-1.,0.,0.));
#10292=DIRECTION('',(0.,1.,0.));
#10293=DIRECTION('',(0.,0.,1.));
#10294=DIRECTION('',(0.,1.,0.));
#10295=DIRECTION('',(0.,0.,1.));
#10296=DIRECTION('',(0.,1.,0.));
#10297=DIRECTION('',(-1.,0.,0.));
#10298=DIRECTION('',(0.,1.,0.));
#10299=DIRECTION('',(0.,0.,1.));
#10300=DIRECTION('',(0.,1.,0.));
#10301=DIRECTION('',(0.,0.,1.));
#10302=DIRECTION('',(0.,1.,0.));
#10303=DIRECTION('',(-1.,0.,0.));
#10304=DIRECTION('',(0.,1.,0.));
#10305=DIRECTION('',(0.,0.,1.));
#10306=DIRECTION('',(0.,1.,0.));
#10307=DIRECTION('',(0.,0.,1.));
#10308=DIRECTION('',(0.,1.,0.));
#10309=DIRECTION('',(-1.,0.,0.));
#10310=DIRECTION('',(0.,1.,0.));
#10311=DIRECTION('',(0.,0.,1.));
#10312=DIRECTION('',(0.,1.,0.));
#10313=DIRECTION('',(0.,0.,1.));
#10314=DIRECTION('',(0.,1.,0.));
#10315=DIRECTION('',(-1.,0.,0.));
#10316=DIRECTION('',(0.,1.,0.));
#10317=DIRECTION('',(0.,0.,1.));
#10318=DIRECTION('',(0.,1.,0.));
#10319=DIRECTION('',(0.,0.,1.));
#10320=DIRECTION('',(0.,1.,0.));
#10321=DIRECTION('',(-1.,0.,0.));
#10322=DIRECTION('',(0.,1.,0.));
#10323=DIRECTION('',(0.,0.,1.));
#10324=DIRECTION('',(0.,1.,0.));
#10325=DIRECTION('',(0.,0.,1.));
#10326=DIRECTION('',(0.,1.,0.));
#10327=DIRECTION('',(-1.,0.,0.));
#10328=DIRECTION('',(0.,1.,0.));
#10329=DIRECTION('',(0.,0.,1.));
#10330=DIRECTION('',(0.,1.,0.));
#10331=DIRECTION('',(0.,0.,1.));
#10332=DIRECTION('',(0.,1.,0.));
#10333=DIRECTION('',(-1.,0.,0.));
#10334=DIRECTION('',(0.,1.,0.));
#10335=DIRECTION('',(0.,0.,1.));
#10336=DIRECTION('',(0.,1.,0.));
#10337=DIRECTION('',(0.,0.,1.));
#10338=DIRECTION('',(0.,1.,0.));
#10339=DIRECTION('',(-1.,0.,0.));
#10340=DIRECTION('',(0.,1.,0.));
#10341=DIRECTION('',(0.,0.,1.));
#10342=DIRECTION('',(0.,1.,0.));
#10343=DIRECTION('',(0.,0.,1.));
#10344=DIRECTION('',(0.,1.,0.));
#10345=DIRECTION('',(-1.,0.,0.));
#10346=DIRECTION('',(0.,1.,0.));
#10347=DIRECTION('',(0.,0.,1.));
#10348=DIRECTION('',(0.,1.,0.));
#10349=DIRECTION('',(0.,0.,1.));
#10350=DIRECTION('',(0.,1.,0.));
#10351=DIRECTION('',(-1.,0.,0.));
#10352=DIRECTION('',(0.,1.,0.));
#10353=DIRECTION('',(0.,0.,1.));
#10354=DIRECTION('',(0.,1.,0.));
#10355=DIRECTION('',(0.,0.,1.));
#10356=DIRECTION('',(0.,1.,0.));
#10357=DIRECTION('',(-1.,0.,0.));
#10358=DIRECTION('',(0.,1.,0.));
#10359=DIRECTION('',(0.,0.,1.));
#10360=DIRECTION('',(0.,1.,0.));
#10361=DIRECTION('',(0.,0.,1.));
#10362=DIRECTION('',(0.,1.,0.));
#10363=DIRECTION('',(0.,0.,1.));
#10364=DIRECTION('',(0.,1.,0.));
#10365=DIRECTION('',(0.,0.,1.));
#10366=DIRECTION('',(-7.6708046508422E-17,-2.22044604925032E-16,-1.));
#10367=DIRECTION('',(-1.,-5.13047711390326E-17,7.6708046508422E-17));
#10368=DIRECTION('',(0.,1.,0.));
#10369=DIRECTION('',(0.,0.,1.));
#10370=DIRECTION('',(0.,1.,0.));
#10371=DIRECTION('',(0.,0.,1.));
#10372=DIRECTION('',(0.,1.,0.));
#10373=DIRECTION('',(0.,0.,1.));
#10374=DIRECTION('',(0.,1.,0.));
#10375=DIRECTION('',(0.,0.,1.));
#10376=DIRECTION('',(1.,0.,0.));
#10377=DIRECTION('',(0.,0.,-1.));
#10378=DIRECTION('',(0.,1.,0.));
#10379=DIRECTION('',(0.,0.,1.));
#10380=DIRECTION('',(0.,0.,-1.));
#10381=DIRECTION('',(1.,0.,0.));
#10382=DIRECTION('',(0.,0.,-1.));
#10383=DIRECTION('',(1.,-1.7347234759768E-16,0.));
#10384=DIRECTION('',(1.7347234759768E-16,1.,0.));
#10385=DIRECTION('',(-1.7347234759768E-16,-1.,0.));
#10386=DIRECTION('',(0.,0.,-1.));
#10387=DIRECTION('',(-1.7347234759768E-16,-1.,0.));
#10388=DIRECTION('',(0.,0.,-1.));
#10389=DIRECTION('',(0.,1.,0.));
#10390=DIRECTION('',(0.,0.,1.));
#10391=DIRECTION('',(0.,-1.,0.));
#10392=DIRECTION('',(0.,0.,-1.));
#10393=DIRECTION('',(1.,0.,0.));
#10394=DIRECTION('',(0.,0.,-1.));
#10395=DIRECTION('',(1.,0.,0.));
#10396=DIRECTION('',(0.,0.,-1.));
#10397=DIRECTION('',(1.,-1.98254111540206E-16,0.));
#10398=DIRECTION('',(1.98254111540206E-16,1.,0.));
#10399=DIRECTION('',(-1.98254111540206E-16,-1.,0.));
#10400=DIRECTION('',(0.,0.,-1.));
#10401=DIRECTION('',(-1.98254111540206E-16,-1.,0.));
#10402=DIRECTION('',(-2.40154776455915E-16,1.,0.));
#10403=DIRECTION('',(-1.,-2.40154776455915E-16,0.));
#10404=DIRECTION('',(-2.40154776455915E-16,1.,0.));
#10405=DIRECTION('',(-1.,-2.40154776455915E-16,0.));
#10406=DIRECTION('',(1.,2.40154776455915E-16,0.));
#10407=DIRECTION('',(0.,0.,-1.));
#10408=DIRECTION('',(1.,2.40154776455915E-16,0.));
#10409=DIRECTION('',(0.,0.,-1.));
#10410=DIRECTION('',(-1.,0.,0.));
#10411=DIRECTION('',(0.,0.,1.));
#10412=DIRECTION('',(1.,0.,0.));
#10413=DIRECTION('',(0.,0.,-1.));
#10414=DIRECTION('',(0.,0.,1.));
#10415=DIRECTION('',(1.,0.,0.));
#10416=DIRECTION('',(0.,1.,0.));
#10417=DIRECTION('',(0.,0.,1.));
#10418=DIRECTION('',(1.,0.,0.));
#10419=DIRECTION('',(0.,0.,-1.));
#10420=DIRECTION('',(1.,0.,0.));
#10421=DIRECTION('',(1.,-1.98254111540206E-16,0.));
#10422=DIRECTION('',(1.98254111540206E-16,1.,0.));
#10423=DIRECTION('',(-1.98254111540206E-16,-1.,0.));
#10424=DIRECTION('',(0.,0.,-1.));
#10425=DIRECTION('',(-1.98254111540206E-16,-1.,0.));
#10426=DIRECTION('',(0.,0.,1.));
#10427=DIRECTION('',(1.,0.,0.));
#10428=DIRECTION('',(0.,0.,1.));
#10429=DIRECTION('',(1.,0.,0.));
#10430=DIRECTION('',(0.,0.,1.));
#10431=DIRECTION('',(1.,0.,0.));
#10432=DIRECTION('',(0.,0.,1.));
#10433=DIRECTION('',(1.,0.,0.));
#10434=DIRECTION('',(0.,0.,1.));
#10435=DIRECTION('',(1.,0.,0.));
#10436=DIRECTION('',(0.,0.,1.));
#10437=DIRECTION('',(1.,0.,0.));
#10438=DIRECTION('',(0.,0.,1.));
#10439=DIRECTION('',(1.,0.,0.));
#10440=DIRECTION('',(0.,0.,1.));
#10441=DIRECTION('',(1.,0.,0.));
#10442=DIRECTION('',(0.,-1.,0.));
#10443=DIRECTION('',(0.,0.,-1.));
#10444=DIRECTION('',(0.,1.,0.));
#10445=DIRECTION('',(0.,0.,1.));
#10446=DIRECTION('',(0.,1.,0.));
#10447=DIRECTION('',(0.,0.,1.));
#10448=DIRECTION('',(0.,1.,0.));
#10449=DIRECTION('',(-1.,0.,0.));
#10450=DIRECTION('',(0.,0.,-1.));
#10451=DIRECTION('',(-1.,0.,0.));
#10452=DIRECTION('',(0.,0.,-1.));
#10453=DIRECTION('',(-1.,0.,0.));
#10454=DIRECTION('',(0.,0.,1.));
#10455=DIRECTION('',(1.,0.,0.));
#10456=DIRECTION('',(-5.9717531323483E-17,-1.,6.12323399573677E-17));
#10457=DIRECTION('',(1.,-5.9717531323483E-17,-7.67080465084222E-17));
#10458=DIRECTION('',(-5.55111512312578E-17,0.,-1.));
#10459=DIRECTION('',(-1.,0.,5.55111512312578E-17));
#10460=DIRECTION('',(0.,0.,-1.));
#10461=DIRECTION('',(-1.,0.,0.));
#10462=DIRECTION('',(0.,0.,1.));
#10463=DIRECTION('',(1.,0.,0.));
#10464=DIRECTION('',(0.,0.,1.));
#10465=DIRECTION('',(1.,0.,0.));
#10466=DIRECTION('',(0.,0.,-1.));
#10467=DIRECTION('',(-1.,0.,0.));
#10468=DIRECTION('',(0.,0.,1.));
#10469=DIRECTION('',(1.,0.,0.));
#10470=DIRECTION('',(0.,0.,1.));
#10471=DIRECTION('',(1.,0.,0.));
#10472=DIRECTION('',(0.,0.,1.));
#10473=DIRECTION('',(1.,0.,0.));
#10474=DIRECTION('',(0.,0.,1.));
#10475=DIRECTION('',(1.,0.,0.));
#10476=DIRECTION('',(0.,1.,0.));
#10477=DIRECTION('',(-1.,0.,5.55111512312578E-17));
#10478=DIRECTION('',(-5.55111512312578E-17,0.,-1.));
#10479=DIRECTION('',(-1.,0.,5.55111512312578E-17));
#10480=DIRECTION('',(0.,1.,0.));
#10481=DIRECTION('',(-1.,0.,5.55111512312578E-17));
#10482=DIRECTION('',(5.85818305940407E-17,4.44089209850063E-16,1.));
#10483=DIRECTION('',(-1.,-1.41790926087687E-16,5.85818305940408E-17));
#10484=DIRECTION('',(0.,1.,0.));
#10485=DIRECTION('',(-1.,0.,5.55111512312578E-17));
#10486=DIRECTION('',(0.,6.12323399573677E-17,1.));
#10487=DIRECTION('',(-1.,0.,0.));
#10488=DIRECTION('',(-4.33680868994202E-16,1.,0.));
#10489=DIRECTION('',(-1.,-4.33680868994202E-16,0.));
#10490=DIRECTION('',(0.,0.,-1.));
#10491=DIRECTION('',(-1.,-4.33680868994202E-16,0.));
#10492=DIRECTION('',(0.,0.,-1.));
#10493=DIRECTION('',(1.,4.33680868994202E-16,0.));
#10494=DIRECTION('',(-4.33680868994201E-16,1.,0.));
#10495=DIRECTION('',(-1.,-4.33680868994201E-16,0.));
#10496=DIRECTION('',(-1.,-4.33680868994202E-16,0.));
#10497=DIRECTION('',(0.,0.,-1.));
#10498=DIRECTION('',(1.,4.33680868994201E-16,0.));
#10499=DIRECTION('',(0.,0.,-1.));
#10500=DIRECTION('',(1.,4.33680868994202E-16,0.));
#10501=DIRECTION('',(-4.33680868994202E-16,1.,0.));
#10502=DIRECTION('',(-4.33680868994202E-16,1.,0.));
#10503=DIRECTION('',(1.88079096131566E-31,-4.33680868994202E-16,-1.));
#10504=DIRECTION('',(-4.33680868994202E-16,1.,0.));
#10505=DIRECTION('',(4.33680868994202E-16,-1.,0.));
#10506=DIRECTION('',(4.33680868994202E-16,-1.,0.));
#10507=DIRECTION('',(6.26930320438553E-32,-1.44560289664734E-16,-1.));
#10508=DIRECTION('',(4.33680868994202E-16,-1.,4.33680868994202E-16));
#10509=DIRECTION('',(0.,0.,-1.));
#10510=DIRECTION('',(4.33680868994202E-16,-1.,0.));
#10511=DIRECTION('',(0.,0.,-1.));
#10512=DIRECTION('',(4.33680868994202E-16,-1.,0.));
#10513=DIRECTION('',(0.,0.,-1.));
#10514=DIRECTION('',(4.33680868994202E-16,-1.,0.));
#10515=DIRECTION('',(0.,0.,-1.));
#10516=DIRECTION('',(1.,4.33680868994202E-16,0.));
#10517=DIRECTION('',(-4.33680868994202E-16,1.,0.));
#10518=DIRECTION('',(4.33680868994202E-16,-1.,0.));
#10519=DIRECTION('',(0.,0.,-1.));
#10520=DIRECTION('',(4.33680868994202E-16,-1.,0.));
#10521=DIRECTION('',(0.,0.,-1.));
#10522=DIRECTION('',(4.33680868994202E-16,-1.,0.));
#10523=DIRECTION('',(0.,0.,-1.));
#10524=DIRECTION('',(4.33680868994202E-16,-1.,0.));
#10525=DIRECTION('',(0.,0.,-1.));
#10526=DIRECTION('',(-4.33680868994202E-16,1.,-4.33680868994202E-16));
#10527=DIRECTION('',(-6.26930320438553E-32,1.44560289664734E-16,1.));
#10528=DIRECTION('',(-4.33680868994202E-16,1.,0.));
#10529=DIRECTION('',(4.33680868994202E-16,-1.,0.));
#10530=DIRECTION('',(4.33680868994202E-16,-1.,0.));
#10531=DIRECTION('',(-1.88079096131566E-31,4.33680868994202E-16,1.));
#10532=DIRECTION('',(0.,0.,1.));
#10533=DIRECTION('',(1.,0.,0.));
#10534=DIRECTION('',(0.,0.,1.));
#10535=DIRECTION('',(1.,0.,0.));
#10536=DIRECTION('',(1.,4.33680868994202E-16,0.));
#10537=DIRECTION('',(0.,0.,1.));
#10538=DIRECTION('',(1.,0.,0.));
#10539=DIRECTION('',(0.,0.,-1.));
#10540=DIRECTION('',(-1.,0.,0.));
#10541=DIRECTION('',(0.,0.,1.));
#10542=DIRECTION('',(1.,0.,0.));
#10543=DIRECTION('',(0.,0.,-1.));
#10544=DIRECTION('',(-1.,0.,0.));
#10545=DIRECTION('',(0.,0.,1.));
#10546=DIRECTION('',(1.,0.,0.));
#10547=DIRECTION('',(0.,0.,-1.));
#10548=DIRECTION('',(-1.,0.,0.));
#10549=DIRECTION('',(0.,0.,1.));
#10550=DIRECTION('',(1.,0.,0.));
#10551=DIRECTION('',(0.,0.,1.));
#10552=DIRECTION('',(1.,0.,0.));
#10553=DIRECTION('',(0.,0.,-1.));
#10554=DIRECTION('',(-1.,0.,0.));
#10555=DIRECTION('',(0.,0.,1.));
#10556=DIRECTION('',(1.,0.,0.));
#10557=DIRECTION('',(0.,0.,1.));
#10558=DIRECTION('',(1.,0.,0.));
#10559=DIRECTION('',(0.,0.,1.));
#10560=DIRECTION('',(1.,0.,0.));
#10561=DIRECTION('',(1.,4.33680868994201E-16,0.));
#10562=DIRECTION('',(0.,0.,1.));
#10563=DIRECTION('',(1.,0.,0.));
#10564=DIRECTION('',(-4.33680868994202E-16,1.,0.));
#10565=DIRECTION('',(-1.,-4.33680868994202E-16,0.));
#10566=DIRECTION('',(-1.,-4.33680868994202E-16,0.));
#10567=DIRECTION('',(-4.33680868994201E-16,1.,0.));
#10568=DIRECTION('',(-1.,-4.33680868994201E-16,0.));
#10569=DIRECTION('',(-1.,-4.33680868994202E-16,0.));
#10570=DIRECTION('',(0.,0.,1.));
#10571=DIRECTION('',(1.,0.,0.));
#10572=DIRECTION('',(-1.88079096131566E-31,4.33680868994202E-16,1.));
#10573=DIRECTION('',(0.,-1.,4.33680868994202E-16));
#10574=DIRECTION('',(-1.,-4.33680868994202E-16,0.));
#10575=DIRECTION('',(0.,0.,1.));
#10576=DIRECTION('',(1.,0.,0.));
#10577=DIRECTION('',(-1.,-4.33680868994202E-16,0.));
#10578=DIRECTION('',(4.33680868994202E-16,-1.,1.44560289664734E-16));
#10579=DIRECTION('',(1.,4.33680868994202E-16,0.));
#10580=DIRECTION('',(0.,0.,-1.));
#10581=DIRECTION('',(-1.,0.,0.));
#10582=DIRECTION('',(-1.,-4.33680868994202E-16,0.));
#10583=DIRECTION('',(4.33680868994202E-16,-1.,4.33680868994202E-16));
#10584=DIRECTION('',(1.,4.33680868994202E-16,0.));
#10585=DIRECTION('',(-1.,-4.33680868994202E-16,0.));
#10586=DIRECTION('',(0.,0.,-1.));
#10587=DIRECTION('',(-1.,0.,0.));
#10588=DIRECTION('',(0.,-1.,6.12323399573677E-17));
#10589=DIRECTION('',(1.,0.,0.));
#10590=DIRECTION('',(-5.13047711390326E-17,1.,1.60812264967663E-16));
#10591=DIRECTION('',(1.,5.13047711390326E-17,-7.6708046508422E-17));
#10592=DIRECTION('',(0.,-1.,6.12323399573677E-17));
#10593=DIRECTION('',(1.,0.,0.));
#10594=DIRECTION('',(5.85818305940407E-17,4.44089209850063E-16,1.));
#10595=DIRECTION('',(-1.,-1.41790926087687E-16,5.85818305940408E-17));
#10596=DIRECTION('',(1.,8.89601782552209E-17,0.));
#10597=DIRECTION('',(-8.89601782552209E-17,1.,0.));
#10598=DIRECTION('',(8.89601782552209E-17,-1.,0.));
#10599=DIRECTION('',(0.,0.,-1.));
#10600=DIRECTION('',(8.89601782552209E-17,-1.,0.));
#10601=DIRECTION('',(0.,0.,-1.));
#10602=DIRECTION('',(0.,0.,-1.));
#10603=DIRECTION('',(-1.,0.,0.));
#10604=DIRECTION('',(0.,0.,1.));
#10605=DIRECTION('',(1.,0.,0.));
#10606=DIRECTION('',(0.,0.,-1.));
#10607=DIRECTION('',(0.,0.,1.));
#10608=DIRECTION('',(1.,0.,0.));
#10609=DIRECTION('',(0.,1.,0.));
#10610=DIRECTION('',(0.,0.,1.));
#10611=DIRECTION('',(1.,0.,0.));
#10612=DIRECTION('',(0.,0.,-1.));
#10613=DIRECTION('',(1.,0.,0.));
#10614=DIRECTION('',(0.,0.,-1.));
#10615=DIRECTION('',(-1.,0.,0.));
#10616=DIRECTION('',(0.,0.,1.));
#10617=DIRECTION('',(1.,0.,0.));
#10618=DIRECTION('',(0.,0.,-1.));
#10619=DIRECTION('',(0.,0.,1.));
#10620=DIRECTION('',(1.,0.,0.));
#10621=DIRECTION('',(1.,8.89601782552209E-17,0.));
#10622=DIRECTION('',(-8.89601782552209E-17,1.,0.));
#10623=DIRECTION('',(8.89601782552209E-17,-1.,0.));
#10624=DIRECTION('',(0.,0.,-1.));
#10625=DIRECTION('',(8.89601782552209E-17,-1.,0.));
#10626=DIRECTION('',(0.,0.,-1.));
#10627=DIRECTION('',(-1.,0.,0.));
#10628=DIRECTION('',(0.,0.,1.));
#10629=DIRECTION('',(1.,0.,0.));
#10630=DIRECTION('',(0.,0.,-1.));
#10631=DIRECTION('',(0.,0.,1.));
#10632=DIRECTION('',(1.,0.,0.));
#10633=DIRECTION('',(0.,1.,0.));
#10634=DIRECTION('',(0.,0.,1.));
#10635=DIRECTION('',(1.,0.,0.));
#10636=DIRECTION('',(0.,0.,-1.));
#10637=DIRECTION('',(1.,0.,0.));
#10638=DIRECTION('',(1.,-1.65211759616839E-16,0.));
#10639=DIRECTION('',(1.65211759616839E-16,1.,0.));
#10640=DIRECTION('',(-1.65211759616839E-16,-1.,0.));
#10641=DIRECTION('',(0.,0.,-1.));
#10642=DIRECTION('',(-1.65211759616839E-16,-1.,0.));
#10643=DIRECTION('',(0.,0.,-1.));
#10644=DIRECTION('',(0.,0.,-1.));
#10645=DIRECTION('',(-1.,0.,0.));
#10646=DIRECTION('',(0.,0.,1.));
#10647=DIRECTION('',(1.,0.,0.));
#10648=DIRECTION('',(0.,0.,-1.));
#10649=DIRECTION('',(0.,0.,1.));
#10650=DIRECTION('',(1.,0.,0.));
#10651=DIRECTION('',(1.,-3.30423519233678E-16,0.));
#10652=DIRECTION('',(3.30423519233678E-16,1.,0.));
#10653=DIRECTION('',(-3.30423519233678E-16,-1.,0.));
#10654=DIRECTION('',(0.,0.,-1.));
#10655=DIRECTION('',(-3.30423519233678E-16,-1.,0.));
#10656=DIRECTION('',(1.,3.30423519233678E-16,0.));
#10657=DIRECTION('',(-3.30423519233678E-16,1.,0.));
#10658=DIRECTION('',(3.30423519233678E-16,-1.,0.));
#10659=DIRECTION('',(0.,0.,-1.));
#10660=DIRECTION('',(3.30423519233678E-16,-1.,0.));
#10661=DIRECTION('',(0.,0.,-1.));
#10662=DIRECTION('',(0.,0.,-1.));
#10663=DIRECTION('',(-1.,0.,0.));
#10664=DIRECTION('',(0.,0.,1.));
#10665=DIRECTION('',(1.,0.,0.));
#10666=DIRECTION('',(0.,0.,-1.));
#10667=DIRECTION('',(0.,0.,1.));
#10668=DIRECTION('',(1.,0.,0.));
#10669=DIRECTION('',(1.,1.65211759616839E-16,0.));
#10670=DIRECTION('',(-1.65211759616839E-16,1.,0.));
#10671=DIRECTION('',(1.65211759616839E-16,-1.,0.));
#10672=DIRECTION('',(0.,0.,-1.));
#10673=DIRECTION('',(1.65211759616839E-16,-1.,0.));
#10674=DIRECTION('',(0.,0.,-1.));
#10675=DIRECTION('',(-1.,0.,0.));
#10676=DIRECTION('',(0.,0.,1.));
#10677=DIRECTION('',(1.,0.,0.));
#10678=DIRECTION('',(0.,0.,1.));
#10679=DIRECTION('',(1.,0.,0.));
#10680=DIRECTION('',(0.,0.,-1.));
#10681=DIRECTION('',(-1.,0.,0.));
#10682=DIRECTION('',(0.,0.,1.));
#10683=DIRECTION('',(1.,0.,0.));
#10684=DIRECTION('',(0.,0.,1.));
#10685=DIRECTION('',(1.,0.,0.));
#10686=DIRECTION('',(0.,0.,-1.));
#10687=DIRECTION('',(-1.,0.,0.));
#10688=DIRECTION('',(0.,0.,1.));
#10689=DIRECTION('',(1.,0.,0.));
#10690=DIRECTION('',(0.,0.,1.));
#10691=DIRECTION('',(1.,0.,0.));
#10692=DIRECTION('',(0.,0.,-1.));
#10693=DIRECTION('',(-1.,0.,0.));
#10694=DIRECTION('',(0.,0.,1.));
#10695=DIRECTION('',(1.,0.,0.));
#10696=DIRECTION('',(0.,0.,1.));
#10697=DIRECTION('',(1.,0.,0.));
#10698=DIRECTION('',(0.,0.,-1.));
#10699=DIRECTION('',(-1.,0.,0.));
#10700=DIRECTION('',(0.,0.,1.));
#10701=DIRECTION('',(1.,0.,0.));
#10702=DIRECTION('',(0.,0.,1.));
#10703=DIRECTION('',(1.,0.,0.));
#10704=DIRECTION('',(0.,0.,-1.));
#10705=DIRECTION('',(-1.,0.,0.));
#10706=DIRECTION('',(0.,0.,1.));
#10707=DIRECTION('',(1.,0.,0.));
#10708=DIRECTION('',(0.,0.,1.));
#10709=DIRECTION('',(1.,0.,0.));
#10710=DIRECTION('',(0.,0.,-1.));
#10711=DIRECTION('',(-1.,0.,0.));
#10712=DIRECTION('',(0.,0.,1.));
#10713=DIRECTION('',(1.,0.,0.));
#10714=DIRECTION('',(0.,0.,1.));
#10715=DIRECTION('',(1.,0.,0.));
#10716=DIRECTION('',(0.,0.,-1.));
#10717=DIRECTION('',(-1.,0.,0.));
#10718=DIRECTION('',(0.,0.,1.));
#10719=DIRECTION('',(1.,0.,0.));
#10720=DIRECTION('',(0.,0.,1.));
#10721=DIRECTION('',(1.,0.,0.));
#10722=DIRECTION('',(0.,0.,-1.));
#10723=DIRECTION('',(-1.,0.,0.));
#10724=DIRECTION('',(0.,0.,1.));
#10725=DIRECTION('',(1.,0.,0.));
#10726=DIRECTION('',(0.,0.,1.));
#10727=DIRECTION('',(1.,0.,0.));
#10728=DIRECTION('',(0.,0.,-1.));
#10729=DIRECTION('',(-1.,0.,0.));
#10730=DIRECTION('',(0.,0.,1.));
#10731=DIRECTION('',(1.,0.,0.));
#10732=DIRECTION('',(0.,0.,1.));
#10733=DIRECTION('',(1.,0.,0.));
#10734=DIRECTION('',(0.,0.,1.));
#10735=DIRECTION('',(1.,0.,0.));
#10736=DIRECTION('',(0.,0.,1.));
#10737=DIRECTION('',(1.,0.,0.));
#10738=DIRECTION('',(4.21687917729221E-81,-6.12323399573677E-17,-1.));
#10739=DIRECTION('',(1.,0.,4.21687917729221E-81));
#10740=DIRECTION('',(5.9717531323483E-17,1.,-6.12323399573677E-17));
#10741=DIRECTION('',(-1.,5.9717531323483E-17,7.6708046508422E-17));
#10742=DIRECTION('',(-5.9717531323483E-17,-1.,6.12323399573676E-17));
#10743=DIRECTION('',(1.,-5.9717531323483E-17,-7.6708046508422E-17));
#10744=DIRECTION('',(6.16297582203916E-33,1.,1.57784033086429E-44));
#10745=DIRECTION('',(-1.,6.16297582203916E-33,-6.69535286834779E-17));
#10746=DIRECTION('',(0.,1.,0.));
#10747=DIRECTION('',(-1.,0.,5.55111512312578E-17));
#10748=DIRECTION('',(-5.13047711390326E-17,1.,1.60812264967663E-16));
#10749=DIRECTION('',(1.,5.13047711390326E-17,-7.6708046508422E-17));
#10750=DIRECTION('',(0.,0.,1.));
#10751=DIRECTION('',(1.,0.,0.));
#10752=DIRECTION('',(-2.87203439669078E-14,-0.707106781186549,-0.707106781186547));
#10753=DIRECTION('',(-5.51379966724914E-16,0.707106781186547,-0.707106781186549));
#10754=DIRECTION('',(2.94975000841454E-14,0.707106781186548,0.707106781186547));
#10755=DIRECTION('',(4.24142510862686E-14,0.707106781186547,-0.707106781186548));
#10756=DIRECTION('',(-1.,-4.65750535226265E-16,-8.71740604075794E-28));
#10757=DIRECTION('',(-3.29335361799148E-16,0.707106781186565,-0.70710678118653));
#10758=DIRECTION('',(1.,4.65750535226265E-16,8.71740604075794E-28));
#10759=DIRECTION('',(-3.29335361799148E-16,0.707106781186565,-0.70710678118653));
#10760=DIRECTION('',(-1.,-4.65750535226265E-16,-8.71740604075794E-28));
#10761=DIRECTION('',(-3.29335361799148E-16,0.707106781186565,-0.70710678118653));
#10762=DIRECTION('',(0.,0.,1.));
#10763=DIRECTION('',(1.,0.,0.));
#10764=CARTESIAN_POINT('',(0.,0.,0.));
#10765=CARTESIAN_POINT('',(-4.33680868994202E-19,0.011691345,0.01));
#10766=CARTESIAN_POINT('',(-4.33680868994202E-19,0.011691345,0.));
#10767=CARTESIAN_POINT('',(0.001625,0.011691345,0.));
#10768=CARTESIAN_POINT('',(-4.33680868994202E-19,0.011691345,0.0045));
#10769=CARTESIAN_POINT('',(0.001625,0.011691345,0.0045));
#10770=CARTESIAN_POINT('',(2.38524477946811E-18,-0.011691345,0.01));
#10771=CARTESIAN_POINT('',(2.38524477946811E-18,-0.011691345,0.));
#10772=CARTESIAN_POINT('',(0.001625,-0.011691345,0.));
#10773=CARTESIAN_POINT('',(2.38524477946811E-18,-0.011691345,0.0045));
#10774=CARTESIAN_POINT('',(0.001625,-0.011691345,0.0045));
#10775=CARTESIAN_POINT('',(-0.005,0.,0.01));
#10776=CARTESIAN_POINT('',(-0.005,-1.7347234759768E-18,0.0025));
#10777=CARTESIAN_POINT('',(-0.005,-0.00559016994374948,0.0075));
#10778=CARTESIAN_POINT('',(-0.005,0.00559016994374947,0.0075));
#10779=CARTESIAN_POINT('',(-0.005,0.,0.0075));
#10780=CARTESIAN_POINT('',(-0.005,0.011691345,0.0075));
#10781=CARTESIAN_POINT('',(-0.005,0.011691345,0.01));
#10782=CARTESIAN_POINT('',(-0.005,0.011691345,0.));
#10783=CARTESIAN_POINT('',(-0.005,0.,0.));
#10784=CARTESIAN_POINT('',(-0.005,0.0035,0.));
#10785=CARTESIAN_POINT('',(-0.005,0.0035,0.01));
#10786=CARTESIAN_POINT('',(-0.005,0.0035,0.0035));
#10787=CARTESIAN_POINT('',(-0.005,-5.53666449136266E-19,0.0035));
#10788=CARTESIAN_POINT('',(-0.005,-0.0035,0.0035));
#10789=CARTESIAN_POINT('',(-0.005,-0.0035,0.01));
#10790=CARTESIAN_POINT('',(-0.005,-0.0035,0.));
#10791=CARTESIAN_POINT('',(-0.005,0.,0.));
#10792=CARTESIAN_POINT('',(-0.005,-0.011691345,0.));
#10793=CARTESIAN_POINT('',(-0.005,-0.011691345,0.01));
#10794=CARTESIAN_POINT('',(-0.005,-0.011691345,0.0075));
#10795=CARTESIAN_POINT('',(-0.005,0.,0.0075));
#10796=CARTESIAN_POINT('',(0.005,0.,0.01));
#10797=CARTESIAN_POINT('',(0.005,0.,0.0075));
#10798=CARTESIAN_POINT('',(0.005,0.011691345,0.0075));
#10799=CARTESIAN_POINT('',(0.005,0.00559016994374948,0.0075));
#10800=CARTESIAN_POINT('',(0.005,1.73472347597681E-18,0.0025));
#10801=CARTESIAN_POINT('',(0.005,-0.00559016994374947,0.0075));
#10802=CARTESIAN_POINT('',(0.005,0.,0.0075));
#10803=CARTESIAN_POINT('',(0.005,-0.011691345,0.0075));
#10804=CARTESIAN_POINT('',(0.005,-0.011691345,0.01));
#10805=CARTESIAN_POINT('',(0.005,-0.011691345,0.));
#10806=CARTESIAN_POINT('',(0.005,0.,0.));
#10807=CARTESIAN_POINT('',(0.005,-0.0035,0.));
#10808=CARTESIAN_POINT('',(0.005,-0.0035,0.00175));
#10809=CARTESIAN_POINT('',(0.005,-0.0035,0.0035));
#10810=CARTESIAN_POINT('',(0.005,1.3010426069826E-18,0.0035));
#10811=CARTESIAN_POINT('',(0.005,0.0035,0.0035));
#10812=CARTESIAN_POINT('',(0.005,0.0035,0.00175));
#10813=CARTESIAN_POINT('',(0.005,0.0035,0.));
#10814=CARTESIAN_POINT('',(0.005,0.,0.));
#10815=CARTESIAN_POINT('',(0.005,0.011691345,0.));
#10816=CARTESIAN_POINT('',(0.005,0.011691345,0.01));
#10817=CARTESIAN_POINT('',(-8.67361737988404E-19,0.011691345,0.01));
#10818=CARTESIAN_POINT('',(-8.67361737988404E-19,0.011691345,0.0075));
#10819=CARTESIAN_POINT('',(-8.67361737988404E-19,0.011691345,0.));
#10820=CARTESIAN_POINT('',(1.7347234759768E-18,-0.011691345,0.01));
#10821=CARTESIAN_POINT('',(1.7347234759768E-18,-0.011691345,0.0075));
#10822=CARTESIAN_POINT('',(1.7347234759768E-18,-0.011691345,0.));
#10823=CARTESIAN_POINT('',(0.,0.,0.));
#10824=CARTESIAN_POINT('',(-0.0312647099234858,0.0035,0.));
#10825=CARTESIAN_POINT('',(0.,0.,0.));
#10826=CARTESIAN_POINT('',(-0.0312647099234858,-0.0035,0.));
#10827=CARTESIAN_POINT('',(-0.0312647099234858,0.0035,0.00175));
#10828=CARTESIAN_POINT('',(-0.0312647099234858,0.0035,0.0035));
#10829=CARTESIAN_POINT('',(-0.0312647099234858,-0.0035,0.00175));
#10830=CARTESIAN_POINT('',(-0.0312647099234858,-0.0035,0.0035));
#10831=CARTESIAN_POINT('',(-0.0312647099234858,-5.4250059842787E-18,0.0035));
#10832=CARTESIAN_POINT('',(8.67361737988404E-19,0.,0.0075));
#10833=CARTESIAN_POINT('',(2.60208521396521E-18,-0.011691345,0.0075));
#10834=CARTESIAN_POINT('',(0.002875,-0.011691345,0.0075));
#10835=CARTESIAN_POINT('',(1.93947980722444E-18,-0.00559016994374948,0.0075));
#10836=CARTESIAN_POINT('',(8.67361737988404E-19,0.,0.0075));
#10837=CARTESIAN_POINT('',(-4.33680868994202E-19,0.011691345,0.0075));
#10838=CARTESIAN_POINT('',(0.002875,0.011691345,0.0075));
#10839=CARTESIAN_POINT('',(-2.04756331247625E-19,0.00559016994374948,0.0075));
#10840=CARTESIAN_POINT('',(-4.17619485951906E-49,1.20370621524202E-33,0.0025));
#10841=CARTESIAN_POINT('',(-4.33680868994202E-19,0.011691345,0.0045));
#10842=CARTESIAN_POINT('',(-4.33680868994202E-19,0.011691345,0.0045));
#10843=CARTESIAN_POINT('',(0.002875,0.011691345,0.0045));
#10844=CARTESIAN_POINT('',(0.,0.0010625,0.0045));
#10845=CARTESIAN_POINT('',(2.60208521396521E-18,-0.011691345,0.0045));
#10846=CARTESIAN_POINT('',(2.60208521396521E-18,-0.011691345,0.0045));
#10847=CARTESIAN_POINT('',(0.002875,-0.011691345,0.0045));
#10848=CARTESIAN_POINT('',(0.,0.0010625,0.0045));
#10849=CARTESIAN_POINT('',(0.1095,0.0338823605954596,-0.0678821413923574));
#10850=CARTESIAN_POINT('',(0.07,6.93889390390723E-18,0.01));
#10851=CARTESIAN_POINT('',(-0.0135,7.11493688128466E-18,0.01));
#10852=CARTESIAN_POINT('',(-0.010625,7.11493688128466E-18,0.01));
#10853=CARTESIAN_POINT('',(0.11943189666012,-0.011875,0.01));
#10854=CARTESIAN_POINT('',(0.12168189666012,-0.011875,0.01));
#10855=CARTESIAN_POINT('',(0.16056810333988,-0.011875,0.01));
#10856=CARTESIAN_POINT('',(0.16281810333988,-0.011875,0.01));
#10857=CARTESIAN_POINT('',(0.16056810333988,0.011875,0.01));
#10858=CARTESIAN_POINT('',(0.16281810333988,0.011875,0.01));
#10859=CARTESIAN_POINT('',(0.11943189666012,0.011875,0.01));
#10860=CARTESIAN_POINT('',(0.12168189666012,0.011875,0.01));
#10861=CARTESIAN_POINT('',(0.14,-0.02375,0.01));
#10862=CARTESIAN_POINT('',(0.139242214412358,-0.025868551628628,0.01));
#10863=CARTESIAN_POINT('',(0.138508745239959,-0.0254348321105245,0.01));
#10864=CARTESIAN_POINT('',(0.106809503892168,-0.0798789144149819,0.01));
#10865=CARTESIAN_POINT('',(0.140269115491822,-0.0264986334902776,0.01));
#10866=CARTESIAN_POINT('',(0.14,-1.2320676603717E-17,0.01));
#10867=CARTESIAN_POINT('',(0.140269115491821,0.0264986334902776,0.01));
#10868=CARTESIAN_POINT('',(0.106809503892167,0.0798789144149814,0.01));
#10869=CARTESIAN_POINT('',(0.139242214412357,0.0258685516286276,0.01));
#10870=CARTESIAN_POINT('',(0.14,0.02375,0.01));
#10871=CARTESIAN_POINT('',(0.13850874523996,0.0254348321105252,0.01));
#10872=CARTESIAN_POINT('',(0.106809503892167,0.0798789144149814,0.01));
#10873=CARTESIAN_POINT('',(0.10280907162142,0.0170060542792506,0.01));
#10874=CARTESIAN_POINT('',(0.0712099767931827,0.0190166203391433,0.01));
#10875=CARTESIAN_POINT('',(0.0014922247359134,0.023452574812532,0.01));
#10876=CARTESIAN_POINT('',(6.28837260041593E-18,-7.44217483040107E-18,0.01));
#10877=CARTESIAN_POINT('',(0.00149222473591402,-0.0234525748125345,0.01));
#10878=CARTESIAN_POINT('',(0.10280907162142,-0.0170060542792512,0.01));
#10879=CARTESIAN_POINT('',(0.10280907162142,-0.0170060542792512,0.01));
#10880=CARTESIAN_POINT('',(0.106809503892168,-0.0798789144149819,0.01));
#10881=CARTESIAN_POINT('',(0.00675,0.0116913429510899,0.01));
#10882=CARTESIAN_POINT('',(0.00835,0.0116913429510899,0.01));
#10883=CARTESIAN_POINT('',(0.00675,-0.0116913429510899,0.01));
#10884=CARTESIAN_POINT('',(0.00835,-0.0116913429510899,0.01));
#10885=CARTESIAN_POINT('',(0.14,7.38941391144776E-18,0.01));
#10886=CARTESIAN_POINT('',(0.1595,7.38941391144776E-18,0.01));
#10887=CARTESIAN_POINT('',(0.025,4.14581917035389E-19,0.01));
#10888=CARTESIAN_POINT('',(0.0254646840941881,0.00798649289066288,0.01));
#10889=CARTESIAN_POINT('',(0.0254646840941881,-0.00798649289066288,0.01));
#10890=CARTESIAN_POINT('',(0.0653297270270684,0.0056669952565149,0.01));
#10891=CARTESIAN_POINT('',(0.105194769959949,0.00334749762236693,0.01));
#10892=CARTESIAN_POINT('',(0.105,1.06251812903579E-17,0.01));
#10893=CARTESIAN_POINT('',(0.105194769959949,-0.00334749762236692,0.01));
#10894=CARTESIAN_POINT('',(0.0653297270270684,-0.0056669952565149,0.01));
#10895=CARTESIAN_POINT('',(-0.0135,6.76581510471764E-18,0.01));
#10896=CARTESIAN_POINT('',(-0.0135,6.76581510471764E-18,0.));
#10897=CARTESIAN_POINT('',(-0.0119,6.76581510471764E-18,0.));
#10898=CARTESIAN_POINT('',(-0.0135,6.76581510471764E-18,0.0065));
#10899=CARTESIAN_POINT('',(-0.0119,6.76581510471764E-18,0.0065));
#10900=CARTESIAN_POINT('',(0.14,0.02375,0.01));
#10901=CARTESIAN_POINT('',(0.14,0.02375,0.));
#10902=CARTESIAN_POINT('',(0.141375,0.02375,0.));
#10903=CARTESIAN_POINT('',(0.14,0.02375,0.006));
#10904=CARTESIAN_POINT('',(0.141375,0.02375,0.006));
#10905=CARTESIAN_POINT('',(0.11943189666012,0.011875,0.01));
#10906=CARTESIAN_POINT('',(0.11943189666012,0.011875,0.));
#10907=CARTESIAN_POINT('',(0.12080689666012,0.011875,0.));
#10908=CARTESIAN_POINT('',(0.11943189666012,0.011875,0.006));
#10909=CARTESIAN_POINT('',(0.12080689666012,0.011875,0.006));
#10910=CARTESIAN_POINT('',(0.11943189666012,-0.011875,0.01));
#10911=CARTESIAN_POINT('',(0.11943189666012,-0.011875,0.));
#10912=CARTESIAN_POINT('',(0.12080689666012,-0.011875,0.));
#10913=CARTESIAN_POINT('',(0.11943189666012,-0.011875,0.006));
#10914=CARTESIAN_POINT('',(0.12080689666012,-0.011875,0.006));
#10915=CARTESIAN_POINT('',(0.14,-0.02375,0.01));
#10916=CARTESIAN_POINT('',(0.14,-0.02375,0.));
#10917=CARTESIAN_POINT('',(0.141375,-0.02375,0.));
#10918=CARTESIAN_POINT('',(0.14,-0.02375,0.006));
#10919=CARTESIAN_POINT('',(0.141375,-0.02375,0.006));
#10920=CARTESIAN_POINT('',(0.16056810333988,-0.011875,0.01));
#10921=CARTESIAN_POINT('',(0.16056810333988,-0.011875,0.));
#10922=CARTESIAN_POINT('',(0.16194310333988,-0.011875,0.));
#10923=CARTESIAN_POINT('',(0.16056810333988,-0.011875,0.006));
#10924=CARTESIAN_POINT('',(0.16194310333988,-0.011875,0.006));
#10925=CARTESIAN_POINT('',(0.16056810333988,0.011875,0.01));
#10926=CARTESIAN_POINT('',(0.16056810333988,0.011875,0.));
#10927=CARTESIAN_POINT('',(0.16194310333988,0.011875,0.));
#10928=CARTESIAN_POINT('',(0.16056810333988,0.011875,0.006));
#10929=CARTESIAN_POINT('',(0.16194310333988,0.011875,0.006));
#10930=CARTESIAN_POINT('',(0.0523411449534642,0.0232232602666405,0.01));
#10931=CARTESIAN_POINT('',(0.102999568396217,0.0199999999999997,0.01));
#10932=CARTESIAN_POINT('',(0.102999568396217,0.0199999999999997,0.007));
#10933=CARTESIAN_POINT('',(0.102999568396217,0.0199999999999997,0.003));
#10934=CARTESIAN_POINT('',(0.00168272151071088,0.0264465205332811,0.003));
#10935=CARTESIAN_POINT('',(0.00168272151071103,0.0264465205332836,0.003));
#10936=CARTESIAN_POINT('',(0.00168272151071103,0.0264465205332836,0.01));
#10937=CARTESIAN_POINT('',(0.00168272151071103,0.0264465205332836,0.007));
#10938=CARTESIAN_POINT('',(0.0523411449534642,0.0232232602666405,0.007));
#10939=CARTESIAN_POINT('',(6.28837260041593E-18,-7.44217483040107E-18,0.01));
#10940=CARTESIAN_POINT('',(6.28837260041593E-18,-7.44217483040107E-18,-0.0234999999999975));
#10941=CARTESIAN_POINT('',(-0.0107305074864654,0.0242302746390319,0.));
#10942=CARTESIAN_POINT('',(6.28837260041593E-18,-7.44217483040107E-18,0.));
#10943=CARTESIAN_POINT('',(-0.0107305074864601,-0.0242302746390342,0.));
#10944=CARTESIAN_POINT('',(6.28837260041593E-18,-7.44217483040107E-18,-0.0235));
#10945=CARTESIAN_POINT('',(0.00168272151071155,-0.0264465205332836,0.003));
#10946=CARTESIAN_POINT('',(0.00168272151071155,-0.0264465205332836,0.01));
#10947=CARTESIAN_POINT('',(0.00168272151071155,-0.0264465205332836,0.007));
#10948=CARTESIAN_POINT('',(6.28837260041593E-18,-7.44217483040107E-18,0.007));
#10949=CARTESIAN_POINT('',(0.0523411449534645,-0.0232232602666419,0.01));
#10950=CARTESIAN_POINT('',(0.0523411449534645,-0.0232232602666419,0.003));
#10951=CARTESIAN_POINT('',(0.102999568396217,-0.0200000000000003,0.003));
#10952=CARTESIAN_POINT('',(0.102999568396217,-0.0200000000000003,0.01));
#10953=CARTESIAN_POINT('',(0.102999568396217,-0.0200000000000003,0.007));
#10954=CARTESIAN_POINT('',(0.00168272151071155,-0.0264465205332836,0.007));
#10955=CARTESIAN_POINT('',(0.106809503892168,-0.0798789144149819,0.01));
#10956=CARTESIAN_POINT('',(0.106809503892168,-0.0798789144149819,0.003));
#10957=CARTESIAN_POINT('',(0.129831813331127,-0.0244715749363817,0.003));
#10958=CARTESIAN_POINT('',(0.129831813331127,-0.0244715749363817,0.01));
#10959=CARTESIAN_POINT('',(0.129831813331127,-0.0244715749363817,0.007));
#10960=CARTESIAN_POINT('',(0.106809503892168,-0.0798789144149819,0.007));
#10961=CARTESIAN_POINT('',(0.14,-1.2320676603717E-17,0.01));
#10962=CARTESIAN_POINT('',(0.14,-1.2320676603717E-17,0.));
#10963=CARTESIAN_POINT('',(0.140269115491822,-0.0264986334902776,0.));
#10964=CARTESIAN_POINT('',(0.140269115491821,0.0264986334902776,0.));
#10965=CARTESIAN_POINT('',(0.140269115491821,0.0264986334902776,0.));
#10966=CARTESIAN_POINT('',(0.138611375177854,0.0265154692112618,0.000894699088160817));
#10967=CARTESIAN_POINT('',(0.136042136916116,0.0263125698987642,0.00201990021003258));
#10968=CARTESIAN_POINT('',(0.132457342931141,0.0254547315883528,0.00285624537227511));
#10969=CARTESIAN_POINT('',(0.130704932672718,0.0248343648455961,0.003));
#10970=CARTESIAN_POINT('',(0.129831813331126,0.0244715749363816,0.003));
#10971=CARTESIAN_POINT('',(0.129831813331126,0.0244715749363816,0.003));
#10972=CARTESIAN_POINT('',(0.129831813331126,0.0244715749363816,0.01));
#10973=CARTESIAN_POINT('',(0.129831813331126,0.0244715749363816,0.007));
#10974=CARTESIAN_POINT('',(0.129831813331126,0.0244715749363816,0.007));
#10975=CARTESIAN_POINT('',(0.131579535778268,0.0251977712737287,0.00700000000000001));
#10976=CARTESIAN_POINT('',(0.134234057676915,0.0259740655857227,0.00743775597658628));
#10977=CARTESIAN_POINT('',(0.137758845579129,0.0264476706732126,0.00873266587941964));
#10978=CARTESIAN_POINT('',(0.139439452572057,0.02650705940193,0.00955222259388884));
#10979=CARTESIAN_POINT('',(0.140269115491821,0.0264986334902776,0.01));
#10980=CARTESIAN_POINT('',(0.140269115491822,-0.0264986334902776,0.01));
#10981=CARTESIAN_POINT('',(0.138611375177855,-0.0265154692112619,0.00910530091183914));
#10982=CARTESIAN_POINT('',(0.136042136916116,-0.0263125698987643,0.00798009978996742));
#10983=CARTESIAN_POINT('',(0.132457342931141,-0.0254547315883529,0.00714375462772483));
#10984=CARTESIAN_POINT('',(0.130704932672718,-0.0248343648455963,0.007));
#10985=CARTESIAN_POINT('',(0.129831813331127,-0.0244715749363817,0.007));
#10986=CARTESIAN_POINT('',(0.129831813331127,-0.0244715749363818,0.003));
#10987=CARTESIAN_POINT('',(0.131579535778268,-0.0251977712737289,0.00300000000000001));
#10988=CARTESIAN_POINT('',(0.134234057676916,-0.0259740655857228,0.00256224402341375));
#10989=CARTESIAN_POINT('',(0.13775884557913,-0.0264476706732127,0.00126733412058033));
#10990=CARTESIAN_POINT('',(0.139439452572057,-0.02650705940193,0.000447777406111161));
#10991=CARTESIAN_POINT('',(0.140269115491822,-0.0264986334902776,-1.37946112128402E-17));
#10992=CARTESIAN_POINT('',(0.00675,-0.0116913429510899,0.01));
#10993=CARTESIAN_POINT('',(0.00675,-0.0116913429510899,0.));
#10994=CARTESIAN_POINT('',(0.00835,-0.0116913429510899,0.));
#10995=CARTESIAN_POINT('',(0.00675,0.0116913429510899,0.01));
#10996=CARTESIAN_POINT('',(0.00675,0.0116913429510899,0.));
#10997=CARTESIAN_POINT('',(0.00835,0.0116913429510899,0.));
#10998=CARTESIAN_POINT('',(0.106809503892167,0.0798789144149814,0.01));
#10999=CARTESIAN_POINT('',(0.106809503892167,0.0798789144149814,0.003));
#11000=CARTESIAN_POINT('',(0.106809503892167,0.0798789144149814,0.007));
#11001=CARTESIAN_POINT('',(0.14,7.38941391144776E-18,0.01));
#11002=CARTESIAN_POINT('',(0.14,7.38941391144776E-18,0.));
#11003=CARTESIAN_POINT('',(0.1595,7.38941391144776E-18,0.));
#11004=CARTESIAN_POINT('',(0.07,6.93889390390723E-18,0.));
#11005=CARTESIAN_POINT('',(0.096,-0.0116915,0.));
#11006=CARTESIAN_POINT('',(0.09395,-0.0116915,0.));
#11007=CARTESIAN_POINT('',(0.096,0.0116915,0.));
#11008=CARTESIAN_POINT('',(0.09395,0.0116915,0.));
#11009=CARTESIAN_POINT('',(0.0773205080756888,0.,0.));
#11010=CARTESIAN_POINT('',(0.0618656948550637,0.,0.));
#11011=CARTESIAN_POINT('',(-0.00675,-0.0116913429510899,0.));
#11012=CARTESIAN_POINT('',(-0.00515,-0.0116913429510899,0.));
#11013=CARTESIAN_POINT('',(0.0135,-4.88935824950153E-18,0.));
#11014=CARTESIAN_POINT('',(0.0151,-4.88935824950153E-18,0.));
#11015=CARTESIAN_POINT('',(-0.00675,0.0116913429510899,0.));
#11016=CARTESIAN_POINT('',(-0.00515,0.0116913429510899,0.));
#11017=CARTESIAN_POINT('',(0.10280907162142,0.0170060542792506,0.));
#11018=CARTESIAN_POINT('',(0.10280907162142,0.0170060542792506,0.));
#11019=CARTESIAN_POINT('',(0.106809503892167,0.0798789144149814,0.));
#11020=CARTESIAN_POINT('',(0.106809503892168,-0.0798789144149819,0.));
#11021=CARTESIAN_POINT('',(0.10280907162142,-0.0170060542792512,0.));
#11022=CARTESIAN_POINT('',(0.0712099767931831,-0.0190166203391444,0.));
#11023=CARTESIAN_POINT('',(0.11943189666012,0.011875,0.006));
#11024=CARTESIAN_POINT('',(0.11943189666012,0.011875,0.006));
#11025=CARTESIAN_POINT('',(0.12168189666012,0.011875,0.006));
#11026=CARTESIAN_POINT('',(0.07,-6.93889390390723E-18,0.006));
#11027=CARTESIAN_POINT('',(0.14,0.02375,0.006));
#11028=CARTESIAN_POINT('',(0.14,0.02375,0.006));
#11029=CARTESIAN_POINT('',(0.14225,0.02375,0.006));
#11030=CARTESIAN_POINT('',(0.139242214412357,0.0258685516286276,0.01));
#11031=CARTESIAN_POINT('',(0.138974628922264,0.025772838866609,0.00994430092476684));
#11032=CARTESIAN_POINT('',(0.138721621483953,0.0256232501197565,0.00994428206084631));
#11033=CARTESIAN_POINT('',(0.13850874523996,0.0254348321105252,0.01));
#11034=CARTESIAN_POINT('',(0.07,-6.93889390390723E-18,0.006));
#11035=CARTESIAN_POINT('',(0.16056810333988,0.011875,0.006));
#11036=CARTESIAN_POINT('',(0.16056810333988,0.011875,0.006));
#11037=CARTESIAN_POINT('',(0.16281810333988,0.011875,0.006));
#11038=CARTESIAN_POINT('',(0.07,-6.93889390390723E-18,0.006));
#11039=CARTESIAN_POINT('',(0.16056810333988,-0.011875,0.006));
#11040=CARTESIAN_POINT('',(0.16056810333988,-0.011875,0.006));
#11041=CARTESIAN_POINT('',(0.16281810333988,-0.011875,0.006));
#11042=CARTESIAN_POINT('',(0.07,-6.93889390390723E-18,0.006));
#11043=CARTESIAN_POINT('',(0.14,-0.02375,0.006));
#11044=CARTESIAN_POINT('',(0.14,-0.02375,0.006));
#11045=CARTESIAN_POINT('',(0.14225,-0.02375,0.006));
#11046=CARTESIAN_POINT('',(0.138508745239959,-0.0254348321105246,0.01));
#11047=CARTESIAN_POINT('',(0.138721549412361,-0.0256231863287689,0.00994430092476659));
#11048=CARTESIAN_POINT('',(0.138974538297574,-0.0257728064510273,0.00994428206084607));
#11049=CARTESIAN_POINT('',(0.139242214412358,-0.025868551628628,0.01));
#11050=CARTESIAN_POINT('',(0.07,-6.93889390390723E-18,0.006));
#11051=CARTESIAN_POINT('',(0.11943189666012,-0.011875,0.006));
#11052=CARTESIAN_POINT('',(0.11943189666012,-0.011875,0.006));
#11053=CARTESIAN_POINT('',(0.12168189666012,-0.011875,0.006));
#11054=CARTESIAN_POINT('',(0.07,-6.93889390390723E-18,0.006));
#11055=CARTESIAN_POINT('',(-0.0135,7.11493688128466E-18,0.0065));
#11056=CARTESIAN_POINT('',(-0.0135,7.11493688128466E-18,0.0065));
#11057=CARTESIAN_POINT('',(-0.010625,7.11493688128466E-18,0.0065));
#11058=CARTESIAN_POINT('',(0.07,-6.93889390390723E-18,0.0065));
#11059=CARTESIAN_POINT('',(-0.00675,0.0116913429510899,0.0055));
#11060=CARTESIAN_POINT('',(-0.00675,0.0116913429510899,0.0055));
#11061=CARTESIAN_POINT('',(-0.00515,0.0116913429510899,0.0055));
#11062=CARTESIAN_POINT('',(0.07,6.93889390390723E-18,0.0055));
#11063=CARTESIAN_POINT('',(0.0135,-4.88935824950153E-18,0.0055));
#11064=CARTESIAN_POINT('',(0.0135,-4.88935824950153E-18,0.0055));
#11065=CARTESIAN_POINT('',(0.0151,-4.88935824950153E-18,0.0055));
#11066=CARTESIAN_POINT('',(0.07,6.93889390390723E-18,0.0055));
#11067=CARTESIAN_POINT('',(-0.00675,-0.0116913429510899,0.0055));
#11068=CARTESIAN_POINT('',(-0.00675,-0.0116913429510899,0.0055));
#11069=CARTESIAN_POINT('',(-0.00515,-0.0116913429510899,0.0055));
#11070=CARTESIAN_POINT('',(0.07,6.93889390390723E-18,0.0055));
#11071=CARTESIAN_POINT('',(0.0653297270270684,0.0056669952565149,0.009));
#11072=CARTESIAN_POINT('',(0.0254646840941881,0.00798649289066288,0.009));
#11073=CARTESIAN_POINT('',(0.0254646840941881,0.00798649289066288,0.009));
#11074=CARTESIAN_POINT('',(0.0653297270270684,0.0056669952565149,0.009));
#11075=CARTESIAN_POINT('',(0.105194769959949,0.00334749762236693,0.009));
#11076=CARTESIAN_POINT('',(0.105194769959949,0.00334749762236693,0.009));
#11077=CARTESIAN_POINT('',(0.025,4.14581917035389E-19,0.009));
#11078=CARTESIAN_POINT('',(0.0254646840941881,-0.00798649289066288,0.009));
#11079=CARTESIAN_POINT('',(0.0254646840941881,-0.00798649289066288,0.009));
#11080=CARTESIAN_POINT('',(0.025,4.14581917035389E-19,0.009));
#11081=CARTESIAN_POINT('',(0.0653297270270684,-0.0056669952565149,0.009));
#11082=CARTESIAN_POINT('',(0.105194769959949,-0.00334749762236693,0.009));
#11083=CARTESIAN_POINT('',(0.105194769959949,-0.00334749762236693,0.009));
#11084=CARTESIAN_POINT('',(0.0653297270270684,-0.0056669952565149,0.009));
#11085=CARTESIAN_POINT('',(0.105,1.06251812903579E-17,0.009));
#11086=CARTESIAN_POINT('',(0.105,1.06251812903579E-17,0.009));
#11087=CARTESIAN_POINT('',(0.07,-6.93889390390723E-18,0.009));
#11088=CARTESIAN_POINT('',(0.0437320508075689,0.,0.009));
#11089=CARTESIAN_POINT('',(0.0282772375869438,0.,0.009));
#11090=CARTESIAN_POINT('',(0.233798074729929,0.,-0.0419280376185909));
#11091=CARTESIAN_POINT('',(0.096,0.0116915,0.005));
#11092=CARTESIAN_POINT('',(0.096,0.0116915,0.005));
#11093=CARTESIAN_POINT('',(0.09395,0.0116915,0.005));
#11094=CARTESIAN_POINT('',(0.07,-6.93889390390723E-18,0.005));
#11095=CARTESIAN_POINT('',(0.096,-0.0116915,0.005));
#11096=CARTESIAN_POINT('',(0.096,-0.0116915,0.005));
#11097=CARTESIAN_POINT('',(0.09395,-0.0116915,0.005));
#11098=CARTESIAN_POINT('',(0.07,-6.93889390390723E-18,0.005));
#11099=CARTESIAN_POINT('',(0.106809503892167,0.0798789144149814,0.007));
#11100=CARTESIAN_POINT('',(0.10280907162142,0.0170060542792506,0.01));
#11101=CARTESIAN_POINT('',(0.0523411449534642,0.0232232602666405,0.007));
#11102=CARTESIAN_POINT('',(0.0014922247359134,0.023452574812532,0.01));
#11103=CARTESIAN_POINT('',(6.28837260041593E-18,-7.44217483040107E-18,0.01));
#11104=CARTESIAN_POINT('',(0.00149222473591402,-0.0234525748125345,0.01));
#11105=CARTESIAN_POINT('',(0.0712099767931831,-0.0190166203391444,0.01));
#11106=CARTESIAN_POINT('',(0.10280907162142,-0.0170060542792512,0.01));
#11107=CARTESIAN_POINT('',(0.106809503892168,-0.0798789144149819,0.007));
#11108=CARTESIAN_POINT('',(0.0712099767931827,0.0190166203391432,0.));
#11109=CARTESIAN_POINT('',(0.10280907162142,0.0170060542792506,0.));
#11110=CARTESIAN_POINT('',(0.106809503892167,0.0798789144149814,0.));
#11111=CARTESIAN_POINT('',(0.0523411449534645,-0.0232232602666419,0.003));
#11112=CARTESIAN_POINT('',(0.102999568396217,-0.0200000000000003,0.003));
#11113=CARTESIAN_POINT('',(0.106809503892168,-0.0798789144149819,0.));
#11114=CARTESIAN_POINT('',(0.1095,-0.034,-1.01915004213637E-17));
#11115=CARTESIAN_POINT('',(0.1195,-0.029227030675789,-0.00477297222180742));
#11116=CARTESIAN_POINT('',(0.,-0.04,1.62265700887024E-18));
#11117=CARTESIAN_POINT('',(0.,-0.04,1.62265700887024E-18));
#11118=CARTESIAN_POINT('',(0.,-0.04,-0.0265));
#11119=CARTESIAN_POINT('',(0.,0.,1.62265700887024E-18));
#11120=CARTESIAN_POINT('',(0.,0.,-0.0265));
#11121=CARTESIAN_POINT('',(0.,-0.04,0.));
#11122=CARTESIAN_POINT('',(0.,-0.04,2.75545529808154E-18));
#11123=CARTESIAN_POINT('',(0.,-0.04,-0.0185));
#11124=CARTESIAN_POINT('',(0.,0.,0.));
#11125=CARTESIAN_POINT('',(0.,-0.041,2.75545529808154E-18));
#11126=CARTESIAN_POINT('',(0.,-0.041,2.75545529808154E-18));
#11127=CARTESIAN_POINT('',(0.,-0.041,-0.0185));
#11128=CARTESIAN_POINT('',(0.,-0.041,0.));
#11129=CARTESIAN_POINT('',(0.0695,0.0649949493661167,-0.0989949493661166));
#11130=CARTESIAN_POINT('',(0.0403123013735363,-0.001,-0.00536750177311504));
#11131=CARTESIAN_POINT('',(0.0403123013735363,0.,-0.00536750177311504));
#11132=CARTESIAN_POINT('',(0.0801773443064168,0.,-0.00304800413896707));
#11133=CARTESIAN_POINT('',(0.000447258440655964,0.,-0.00768699940726302));
#11134=CARTESIAN_POINT('',(0.0801773443064168,-0.001,-0.00304800413896707));
#11135=CARTESIAN_POINT('',(0.0801773443064168,-0.001,-0.00304800413896707));
#11136=CARTESIAN_POINT('',(0.0403123013735363,-0.001,-0.00536750177311504));
#11137=CARTESIAN_POINT('',(0.000447258440655964,-0.001,-0.00768699940726302));
#11138=CARTESIAN_POINT('',(0.000447258440655964,-0.001,-0.00768699940726302));
#11139=CARTESIAN_POINT('',(0.08,-0.001,2.38524477946811E-17));
#11140=CARTESIAN_POINT('',(0.08,0.,2.38524477946811E-17));
#11141=CARTESIAN_POINT('',(0.0801773443064168,0.,0.00304800413896707));
#11142=CARTESIAN_POINT('',(0.0801773443064168,-0.001,0.00304800413896707));
#11143=CARTESIAN_POINT('',(0.0801773443064168,-0.001,0.00304800413896707));
#11144=CARTESIAN_POINT('',(0.08,-0.001,2.38524477946811E-17));
#11145=CARTESIAN_POINT('',(0.0403123013735363,-0.001,0.00536750177311504));
#11146=CARTESIAN_POINT('',(0.0403123013735363,0.,0.00536750177311504));
#11147=CARTESIAN_POINT('',(0.000447258440655941,0.,0.00768699940726302));
#11148=CARTESIAN_POINT('',(0.000447258440655941,-0.001,0.00768699940726302));
#11149=CARTESIAN_POINT('',(0.000447258440655941,-0.001,0.00768699940726302));
#11150=CARTESIAN_POINT('',(0.0403123013735363,-0.001,0.00536750177311504));
#11151=CARTESIAN_POINT('',(0.00408194078639081,-0.001,0.00157058494965998));
#11152=CARTESIAN_POINT('',(0.00408194078639081,-6.50521303491303E-19,0.00157058494965998));
#11153=CARTESIAN_POINT('',(0.00287488598722029,-0.001,-5.14996031930615E-19));
#11154=CARTESIAN_POINT('',(0.00287488598722029,2.16840434497101E-19,-5.14996031930615E-19));
#11155=CARTESIAN_POINT('',(0.00408194078639081,-0.001,-0.00157058494965998));
#11156=CARTESIAN_POINT('',(0.00408194078639081,0.,-0.00157058494965998));
#11157=CARTESIAN_POINT('',(0.00751934203270764,-0.001,-0.00290206257812224));
#11158=CARTESIAN_POINT('',(0.00751934203270764,0.,-0.00290206257812224));
#11159=CARTESIAN_POINT('',(0.012663776546539,-0.001,-0.00379172748632818));
#11160=CARTESIAN_POINT('',(0.012663776546539,0.,-0.00379172748632818));
#11161=CARTESIAN_POINT('',(0.0187320508075689,-0.001,-0.00410413625683591));
#11162=CARTESIAN_POINT('',(0.0187320508075689,-2.16840434497101E-19,-0.00410413625683591));
#11163=CARTESIAN_POINT('',(0.0248003250685989,-0.001,-0.00379172748632818));
#11164=CARTESIAN_POINT('',(0.0248003250685989,-2.16840434497101E-19,-0.00379172748632818));
#11165=CARTESIAN_POINT('',(0.0299447595824302,-0.001,-0.00290206257812224));
#11166=CARTESIAN_POINT('',(0.0299447595824302,-2.16840434497101E-19,-0.00290206257812224));
#11167=CARTESIAN_POINT('',(0.033382160828747,-0.001,-0.00157058494965999));
#11168=CARTESIAN_POINT('',(0.033382160828747,-2.16840434497101E-19,-0.00157058494965999));
#11169=CARTESIAN_POINT('',(0.0345892156279175,-0.001,4.73933462834502E-18));
#11170=CARTESIAN_POINT('',(0.0345892156279175,0.,4.73933462834502E-18));
#11171=CARTESIAN_POINT('',(0.033382160828747,-0.001,0.00157058494965997));
#11172=CARTESIAN_POINT('',(0.033382160828747,-2.16840434497101E-19,0.00157058494965997));
#11173=CARTESIAN_POINT('',(0.0299447595824301,-0.001,0.00290206257812225));
#11174=CARTESIAN_POINT('',(0.0299447595824301,0.,0.00290206257812225));
#11175=CARTESIAN_POINT('',(0.0248003250685989,-0.001,0.00379172748632818));
#11176=CARTESIAN_POINT('',(0.0248003250685989,-2.16840434497101E-19,0.00379172748632818));
#11177=CARTESIAN_POINT('',(0.0187320508075688,-0.001,0.00410413625683591));
#11178=CARTESIAN_POINT('',(0.0187320508075688,-2.16840434497101E-19,0.00410413625683591));
#11179=CARTESIAN_POINT('',(0.012663776546539,-0.001,0.00379172748632818));
#11180=CARTESIAN_POINT('',(0.012663776546539,-2.16840434497101E-19,0.00379172748632818));
#11181=CARTESIAN_POINT('',(0.00751934203270768,-0.001,0.00290206257812226));
#11182=CARTESIAN_POINT('',(0.00751934203270768,0.,0.00290206257812226));
#11183=CARTESIAN_POINT('',(0.00408194078639081,-0.001,0.00157058494965998));
#11184=CARTESIAN_POINT('',(0.00408194078639081,-6.50521303491303E-19,0.00157058494965998));
#11185=CARTESIAN_POINT('',(0.00287488598722029,-0.001,-5.14996031930615E-19));
#11186=CARTESIAN_POINT('',(0.00287488598722029,2.16840434497101E-19,-5.14996031930615E-19));
#11187=CARTESIAN_POINT('',(0.00408194078639081,-0.001,-0.00157058494965998));
#11188=CARTESIAN_POINT('',(0.00408194078639081,0.,-0.00157058494965998));
#11189=CARTESIAN_POINT('',(0.0187320508075689,-0.001,0.));
#11190=CARTESIAN_POINT('',(0.0032772375869438,-0.001,0.));
#11191=CARTESIAN_POINT('',(0.0187320508075689,0.,0.));
#11192=CARTESIAN_POINT('',(0.0032772375869438,0.,0.));
#11193=CARTESIAN_POINT('',(2.16840434497101E-19,-0.001,-1.11645187993574E-18));
#11194=CARTESIAN_POINT('',(2.16840434497101E-19,0.,-1.11645187993574E-18));
#11195=CARTESIAN_POINT('',(2.16840434497101E-19,-0.001,-1.11645187993574E-18));
#11196=CARTESIAN_POINT('',(0.0376765795290599,-0.001,0.));
#11197=CARTESIAN_POINT('',(0.0376765795290599,0.,0.));
#11198=CARTESIAN_POINT('',(0.1195,-0.0163223304703363,-0.0176776695296637));
#11199=CARTESIAN_POINT('',(0.,0.,0.));
#11200=CARTESIAN_POINT('',(0.,1.1327982892113E-18,0.01));
#11201=CARTESIAN_POINT('',(0.,1.1327982892113E-18,0.01));
#11202=CARTESIAN_POINT('',(0.0185,1.1327982892113E-18,0.01));
#11203=CARTESIAN_POINT('',(0.,1.1327982892113E-18,0.));
#11204=CARTESIAN_POINT('',(0.0185,1.1327982892113E-18,0.));
#11205=CARTESIAN_POINT('',(0.,0.,0.01));
#11206=CARTESIAN_POINT('',(0.00675,-0.0116913429510899,0.01));
#11207=CARTESIAN_POINT('',(0.008375,-0.0116913429510899,0.01));
#11208=CARTESIAN_POINT('',(0.00675,0.0116913429510899,0.01));
#11209=CARTESIAN_POINT('',(0.008375,0.0116913429510899,0.01));
#11210=CARTESIAN_POINT('',(-0.0135,-5.30367298036114E-18,0.01));
#11211=CARTESIAN_POINT('',(-0.011875,-5.30367298036114E-18,0.01));
#11212=CARTESIAN_POINT('',(0.,0.,0.));
#11213=CARTESIAN_POINT('',(0.00675,-0.0116913429510899,0.));
#11214=CARTESIAN_POINT('',(0.005125,-0.0116913429510899,0.));
#11215=CARTESIAN_POINT('',(0.00675,0.0116913429510899,0.));
#11216=CARTESIAN_POINT('',(0.005125,0.0116913429510899,0.));
#11217=CARTESIAN_POINT('',(-0.0135,-5.30367298036114E-18,0.));
#11218=CARTESIAN_POINT('',(-0.015125,-5.30367298036114E-18,0.));
#11219=CARTESIAN_POINT('',(0.0135,3.36994439952289E-18,0.));
#11220=CARTESIAN_POINT('',(0.011875,3.36994439952289E-18,0.));
#11221=CARTESIAN_POINT('',(-0.00675,-0.0116913429510899,0.));
#11222=CARTESIAN_POINT('',(-0.008375,-0.0116913429510899,0.));
#11223=CARTESIAN_POINT('',(-0.00675,0.0116913429510899,0.));
#11224=CARTESIAN_POINT('',(-0.008375,0.0116913429510899,0.));
#11225=CARTESIAN_POINT('',(-0.00675,0.0116913429510899,0.0055));
#11226=CARTESIAN_POINT('',(-0.00675,0.0116913429510899,0.0055));
#11227=CARTESIAN_POINT('',(-0.008375,0.0116913429510899,0.0055));
#11228=CARTESIAN_POINT('',(0.,0.,0.0055));
#11229=CARTESIAN_POINT('',(-0.00675,-0.0116913429510899,0.0055));
#11230=CARTESIAN_POINT('',(-0.00675,-0.0116913429510899,0.0055));
#11231=CARTESIAN_POINT('',(-0.008375,-0.0116913429510899,0.0055));
#11232=CARTESIAN_POINT('',(0.,0.,0.0055));
#11233=CARTESIAN_POINT('',(0.0135,3.36994439952289E-18,0.0055));
#11234=CARTESIAN_POINT('',(0.0135,3.36994439952289E-18,0.0055));
#11235=CARTESIAN_POINT('',(0.011875,3.36994439952289E-18,0.0055));
#11236=CARTESIAN_POINT('',(0.,0.,0.0055));
#11237=CARTESIAN_POINT('',(-0.0135,-5.30367298036114E-18,0.0532828824074688));
#11238=CARTESIAN_POINT('',(0.00675,0.0116913429510899,0.0532828824074688));
#11239=CARTESIAN_POINT('',(0.00675,-0.0116913429510899,0.0532828824074688));
#11240=CARTESIAN_POINT('',(-0.110499999999997,0.402994949366117,-0.0989949493661166));
#11241=CARTESIAN_POINT('',(-1.39993586445208E-18,0.,0.));
#11242=CARTESIAN_POINT('',(0.,7.65404249467096E-20,0.00992156741649221));
#11243=CARTESIAN_POINT('',(-0.00125,7.65404249467096E-20,0.00992156741649221));
#11244=CARTESIAN_POINT('',(0.,7.65404249467096E-20,-0.00992156741649221));
#11245=CARTESIAN_POINT('',(0.00125,7.65404249467096E-20,-0.00992156741649221));
#11246=CARTESIAN_POINT('',(0.,7.65404249467096E-20,-0.0346510161513775));
#11247=CARTESIAN_POINT('',(-0.1305,0.310789608264685,-0.191200290467547));
#11248=CARTESIAN_POINT('',(0.13,-8.67361737988404E-18,0.01));
#11249=CARTESIAN_POINT('',(0.13,-0.00305,0.01));
#11250=CARTESIAN_POINT('',(0.12047647649239,-0.00305,0.01));
#11251=CARTESIAN_POINT('',(0.126,-0.00305,0.00135722845378868));
#11252=CARTESIAN_POINT('',(0.12047647649239,-1.5178830414797E-17,0.01));
#11253=CARTESIAN_POINT('',(0.12047647649239,0.00305,0.01));
#11254=CARTESIAN_POINT('',(0.13,0.00305,0.01));
#11255=CARTESIAN_POINT('',(0.126,0.00305,0.00135722845378867));
#11256=CARTESIAN_POINT('',(0.126,-8.67361737988404E-18,0.01));
#11257=CARTESIAN_POINT('',(0.126,0.008,0.00552786404500051));
#11258=CARTESIAN_POINT('',(0.126,0.00800000000000003,0.0144721359549995));
#11259=CARTESIAN_POINT('',(0.125393546266375,0.00845484030021874,0.0131160641814056));
#11260=CARTESIAN_POINT('',(0.124607300324475,0.00886503433952401,0.0100168131430992));
#11261=CARTESIAN_POINT('',(0.125391870544234,0.00845609709182432,0.00688768284721262));
#11262=CARTESIAN_POINT('',(0.126,0.00800000000000003,0.00552786404500049));
#11263=CARTESIAN_POINT('',(0.126,0.008,0.0144721359549995));
#11264=CARTESIAN_POINT('',(0.126,-8.67361737988404E-18,0.01));
#11265=CARTESIAN_POINT('',(0.126,-0.008,0.0144721359549997));
#11266=CARTESIAN_POINT('',(0.126,-0.00799999999999996,0.00552786404500033));
#11267=CARTESIAN_POINT('',(0.125392205099231,-0.00845584617557657,0.00688693475949712));
#11268=CARTESIAN_POINT('',(0.124606729310771,-0.00886546307273736,0.010019010372948));
#11269=CARTESIAN_POINT('',(0.125394359217369,-0.00845423058697297,0.0131178819950913));
#11270=CARTESIAN_POINT('',(0.126,-0.00799999999999996,0.0144721359549997));
#11271=CARTESIAN_POINT('',(0.126,-0.008,0.00552786404500032));
#11272=CARTESIAN_POINT('',(0.126,-8.67361737988404E-18,0.01));
#11273=CARTESIAN_POINT('',(0.106998,-1.5178830414797E-17,0.01));
#11274=CARTESIAN_POINT('',(0.106998,-0.00305,0.01));
#11275=CARTESIAN_POINT('',(0.112,-0.00305,0.01));
#11276=CARTESIAN_POINT('',(0.112,-1.5178830414797E-17,0.01));
#11277=CARTESIAN_POINT('',(0.112,0.00305,0.01));
#11278=CARTESIAN_POINT('',(0.106998,0.00305,0.01));
#11279=CARTESIAN_POINT('',(0.126,-1.38777878078145E-17,0.01));
#11280=CARTESIAN_POINT('',(0.126,0.00305,0.013052));
#11281=CARTESIAN_POINT('',(0.126,0.00305,0.));
#11282=CARTESIAN_POINT('',(0.126,-4.16333634234433E-17,0.));
#11283=CARTESIAN_POINT('',(0.126,0.00360555127546404,0.));
#11284=CARTESIAN_POINT('',(0.126,0.00800000000000002,0.00299999999975369));
#11285=CARTESIAN_POINT('',(0.126,0.00661260028553766,0.00189008022827493));
#11286=CARTESIAN_POINT('',(0.126,0.00518123280287229,0.000811600077200786));
#11287=CARTESIAN_POINT('',(0.126,0.00360555127546404,5.97043139000082E-18));
#11288=CARTESIAN_POINT('',(0.126,0.008,0.00299999999975372));
#11289=CARTESIAN_POINT('',(0.126,0.008,0.01));
#11290=CARTESIAN_POINT('',(0.05675,-4.16333634234433E-17,0.01));
#11291=CARTESIAN_POINT('',(0.00675,0.0116913429510899,0.01));
#11292=CARTESIAN_POINT('',(0.009625,0.0116913429510899,0.01));
#11293=CARTESIAN_POINT('',(0.00675,-0.0116913429510899,0.01));
#11294=CARTESIAN_POINT('',(0.009625,-0.0116913429510899,0.01));
#11295=CARTESIAN_POINT('',(-0.0135,5.04603508874438E-18,0.01));
#11296=CARTESIAN_POINT('',(-0.010625,5.04603508874438E-18,0.01));
#11297=CARTESIAN_POINT('',(0.025,-3.87815160166461E-19,0.01));
#11298=CARTESIAN_POINT('',(0.0260543423219643,0.00994426278152961,0.01));
#11299=CARTESIAN_POINT('',(0.0260543423219643,-0.00994426278152961,0.01));
#11300=CARTESIAN_POINT('',(0.0574513973420908,0.00661538414869176,0.01));
#11301=CARTESIAN_POINT('',(0.06,0.00634516807504825,0.01));
#11302=CARTESIAN_POINT('',(0.06,-3.46944695195361E-18,0.01));
#11303=CARTESIAN_POINT('',(0.06,0.0133236013072549,0.01));
#11304=CARTESIAN_POINT('',(0.0735483103503133,0.0151915047008633,0.01));
#11305=CARTESIAN_POINT('',(0.0603163026965893,0.0133672099097366,0.01));
#11306=CARTESIAN_POINT('',(0.0581911504907922,0.0135925295699682,0.01));
#11307=CARTESIAN_POINT('',(0.0258951301837958,0.0170167211655411,0.01));
#11308=CARTESIAN_POINT('',(0.0314831444902062,0.069721313907648,0.01));
#11309=CARTESIAN_POINT('',(0.0096712927518934,0.02141765852065,0.01));
#11310=CARTESIAN_POINT('',(-1.47451495458029E-17,-4.56159938669979E-17,
0.01));
#11311=CARTESIAN_POINT('',(0.00967129275189343,-0.0214176585206501,0.01));
#11312=CARTESIAN_POINT('',(0.0314831444902062,-0.0697213139076479,0.01));
#11313=CARTESIAN_POINT('',(0.0258951301837958,-0.0170167211655411,0.01));
#11314=CARTESIAN_POINT('',(0.0596836973034107,-0.0134342820149077,0.01));
#11315=CARTESIAN_POINT('',(0.0603163026965893,-0.0133672099097366,0.01));
#11316=CARTESIAN_POINT('',(0.0735483103503133,-0.0151915047008633,0.01));
#11317=CARTESIAN_POINT('',(0.06,-0.0133236013072549,0.01));
#11318=CARTESIAN_POINT('',(0.06,-3.46944695195361E-18,0.01));
#11319=CARTESIAN_POINT('',(0.06,-0.00634516807504825,0.01));
#11320=CARTESIAN_POINT('',(0.0574513973420908,-0.00661538414869176,0.01));
#11321=CARTESIAN_POINT('',(0.1,-4.5102810375397E-17,0.02));
#11322=CARTESIAN_POINT('',(0.100207772591019,0.00208213146328809,0.0200519431477548));
#11323=CARTESIAN_POINT('',(0.0804429415694275,0.00417770137031443,0.0151107353923569));
#11324=CARTESIAN_POINT('',(0.08,1.82145964977565E-17,0.015));
#11325=CARTESIAN_POINT('',(0.0804429415694275,-0.00417770137031443,0.0151107353923569));
#11326=CARTESIAN_POINT('',(0.100207772591019,-0.00208213146328809,0.0200519431477548));
#11327=CARTESIAN_POINT('',(0.0996944910035457,-0.00911498547184059,0.0199236227508864));
#11328=CARTESIAN_POINT('',(0.1,-0.00908259382333137,0.02));
#11329=CARTESIAN_POINT('',(0.1,-0.0164175608493666,0.02));
#11330=CARTESIAN_POINT('',(0.1,0.00908259382333138,0.02));
#11331=CARTESIAN_POINT('',(0.100896848871616,0.00898750525391959,0.0202242122179039));
#11332=CARTESIAN_POINT('',(0.00675,-0.0116913429510899,0.01));
#11333=CARTESIAN_POINT('',(0.00675,-0.0116913429510899,0.));
#11334=CARTESIAN_POINT('',(0.008375,-0.0116913429510899,0.));
#11335=CARTESIAN_POINT('',(0.00675,-0.0116913429510899,0.005));
#11336=CARTESIAN_POINT('',(0.008375,-0.0116913429510899,0.005));
#11337=CARTESIAN_POINT('',(0.00675,0.0116913429510899,0.01));
#11338=CARTESIAN_POINT('',(0.00675,0.0116913429510899,0.));
#11339=CARTESIAN_POINT('',(0.008375,0.0116913429510899,0.));
#11340=CARTESIAN_POINT('',(0.00675,0.0116913429510899,0.005));
#11341=CARTESIAN_POINT('',(0.008375,0.0116913429510899,0.005));
#11342=CARTESIAN_POINT('',(-0.0135,4.86999211136694E-18,0.01));
#11343=CARTESIAN_POINT('',(-0.0135,4.86999211136694E-18,0.));
#11344=CARTESIAN_POINT('',(-0.011875,4.86999211136694E-18,0.));
#11345=CARTESIAN_POINT('',(-0.0135,4.86999211136694E-18,0.005));
#11346=CARTESIAN_POINT('',(-0.011875,4.86999211136694E-18,0.005));
#11347=CARTESIAN_POINT('',(0.05675,-4.16333634234433E-17,0.));
#11348=CARTESIAN_POINT('',(0.112,0.,0.));
#11349=CARTESIAN_POINT('',(0.112,-0.00305,0.));
#11350=CARTESIAN_POINT('',(0.112,-0.00555,0.));
#11351=CARTESIAN_POINT('',(0.119,-0.00305,0.));
#11352=CARTESIAN_POINT('',(0.126,-0.00305,0.));
#11353=CARTESIAN_POINT('',(0.126,-4.16333634234433E-17,0.));
#11354=CARTESIAN_POINT('',(0.126,-0.00360555127546394,6.14322336061209E-18));
#11355=CARTESIAN_POINT('',(0.12,4.5102810375397E-17,0.));
#11356=CARTESIAN_POINT('',(0.120738039625375,-0.00696098394707068,0.));
#11357=CARTESIAN_POINT('',(0.0581911504907922,-0.0135925295699682,0.));
#11358=CARTESIAN_POINT('',(0.0258951301837958,-0.0170167211655411,0.));
#11359=CARTESIAN_POINT('',(0.0314831444902062,-0.0697213139076479,0.));
#11360=CARTESIAN_POINT('',(0.000826950396949337,-0.0264870940844968,0.));
#11361=CARTESIAN_POINT('',(-1.47451495458029E-17,-4.56159938669979E-17,
0.));
#11362=CARTESIAN_POINT('',(0.000826950396949462,0.0264870940844967,0.));
#11363=CARTESIAN_POINT('',(0.0314831444902062,0.069721313907648,0.));
#11364=CARTESIAN_POINT('',(0.0258951301837958,0.0170167211655412,0.));
#11365=CARTESIAN_POINT('',(0.120738039625375,0.00696098394707073,0.));
#11366=CARTESIAN_POINT('',(0.120738039625375,0.00696098394707073,0.));
#11367=CARTESIAN_POINT('',(0.12,4.5102810375397E-17,0.));
#11368=CARTESIAN_POINT('',(0.119,0.00305,0.));
#11369=CARTESIAN_POINT('',(0.112,0.00305,0.));
#11370=CARTESIAN_POINT('',(0.112,0.,0.));
#11371=CARTESIAN_POINT('',(0.112,0.00555,0.));
#11372=CARTESIAN_POINT('',(0.1095,0.00555,0.));
#11373=CARTESIAN_POINT('',(0.107,0.00555,0.));
#11374=CARTESIAN_POINT('',(0.107,0.,0.));
#11375=CARTESIAN_POINT('',(0.107,-0.00555,0.));
#11376=CARTESIAN_POINT('',(0.1095,-0.00555,0.));
#11377=CARTESIAN_POINT('',(0.12,4.5102810375397E-17,0.01));
#11378=CARTESIAN_POINT('',(0.12,4.5102810375397E-17,0.00299999999975371));
#11379=CARTESIAN_POINT('',(0.121054342321964,0.00994426278152961,0.003));
#11380=CARTESIAN_POINT('',(0.121054342321964,0.00994426278152961,0.01));
#11381=CARTESIAN_POINT('',(0.121054342321964,0.00994426278152961,0.017));
#11382=CARTESIAN_POINT('',(0.12,4.5102810375397E-17,0.017));
#11383=CARTESIAN_POINT('',(0.126,0.008,0.017));
#11384=CARTESIAN_POINT('',(0.126,0.008,0.01));
#11385=CARTESIAN_POINT('',(0.12,4.5102810375397E-17,0.01));
#11386=CARTESIAN_POINT('',(0.126,-0.008,0.01));
#11387=CARTESIAN_POINT('',(0.126,-0.008,0.017));
#11388=CARTESIAN_POINT('',(0.12,4.5102810375397E-17,0.017));
#11389=CARTESIAN_POINT('',(0.121054342321964,-0.00994426278152962,0.017));
#11390=CARTESIAN_POINT('',(0.121054342321964,-0.00994426278152962,0.01));
#11391=CARTESIAN_POINT('',(0.121054342321964,-0.00994426278152962,0.00299999999608324));
#11392=CARTESIAN_POINT('',(0.12,4.5102810375397E-17,0.00299999999608324));
#11393=CARTESIAN_POINT('',(0.126,-0.008,0.00299999999608324));
#11394=CARTESIAN_POINT('',(0.126,-0.008,0.01));
#11395=CARTESIAN_POINT('',(0.05175,-4.5102810375397E-17,0.02));
#11396=CARTESIAN_POINT('',(0.12,4.5102810375397E-17,0.02));
#11397=CARTESIAN_POINT('',(0.120738039625375,-0.00696098394707069,0.02));
#11398=CARTESIAN_POINT('',(0.126,-0.00360555127546393,0.02));
#11399=CARTESIAN_POINT('',(0.126,-4.5102810375397E-17,0.02));
#11400=CARTESIAN_POINT('',(0.126,0.00360555127546403,0.02));
#11401=CARTESIAN_POINT('',(0.12,4.5102810375397E-17,0.02));
#11402=CARTESIAN_POINT('',(0.120738039625375,0.00696098394707073,0.02));
#11403=CARTESIAN_POINT('',(0.0532467323773864,0.0141167624255332,0.02));
#11404=CARTESIAN_POINT('',(0.100316302696589,0.00912620242581315,0.02));
#11405=CARTESIAN_POINT('',(0.0514211750587444,0.00238503895345908,0.02));
#11406=CARTESIAN_POINT('',(0.0514211750587444,-0.0023850389534591,0.02));
#11407=CARTESIAN_POINT('',(0.100316302696589,-0.00912620242581316,0.02));
#11408=CARTESIAN_POINT('',(0.120738039625375,-0.00696098394707073,0.02));
#11409=CARTESIAN_POINT('',(0.12,4.5102810375397E-17,0.02));
#11410=CARTESIAN_POINT('',(0.126,-0.00799999999999998,0.017));
#11411=CARTESIAN_POINT('',(0.126,-0.00661260028554562,0.0181099197715635));
#11412=CARTESIAN_POINT('',(0.126,-0.00518123280288664,0.0191883999227251));
#11413=CARTESIAN_POINT('',(0.126,-0.00360555127546393,0.02));
#11414=CARTESIAN_POINT('',(0.120738039625375,-0.00696098394707073,0.02));
#11415=CARTESIAN_POINT('',(0.12,4.5102810375397E-17,0.02));
#11416=CARTESIAN_POINT('',(0.126,0.00360555127546403,0.02));
#11417=CARTESIAN_POINT('',(0.126,0.00518264099058943,0.0191876745951584));
#11418=CARTESIAN_POINT('',(0.126,0.00660891124030471,0.0181128710077563));
#11419=CARTESIAN_POINT('',(0.126,0.00800000000000002,0.017));
#11420=CARTESIAN_POINT('',(0.121054342321964,0.00994426278152961,0.017));
#11421=CARTESIAN_POINT('',(0.12,4.5102810375397E-17,0.00299999999975371));
#11422=CARTESIAN_POINT('',(0.120738039625375,0.00696098394707073,0.));
#11423=CARTESIAN_POINT('',(0.12,4.5102810375397E-17,0.00299999999975371));
#11424=CARTESIAN_POINT('',(0.126,-0.00360555127546395,-5.82062905418225E-19));
#11425=CARTESIAN_POINT('',(0.126,-0.0051826409899133,0.000812325404426741));
#11426=CARTESIAN_POINT('',(0.126,-0.00660891123906761,0.00188712899118815));
#11427=CARTESIAN_POINT('',(0.126,-0.00799999999822373,0.00299999999833273));
#11428=CARTESIAN_POINT('',(0.120738039625375,-0.00696098394707068,0.));
#11429=CARTESIAN_POINT('',(0.05175,-4.5102810375397E-17,0.015));
#11430=CARTESIAN_POINT('',(0.05175,-0.00225166604983956,0.015));
#11431=CARTESIAN_POINT('',(0.112,-0.00225166604983956,0.015));
#11432=CARTESIAN_POINT('',(0.107,-0.00225166604983956,0.015));
#11433=CARTESIAN_POINT('',(0.112,0.,0.015));
#11434=CARTESIAN_POINT('',(0.112,-0.00555,0.015));
#11435=CARTESIAN_POINT('',(0.1095,-0.00555,0.015));
#11436=CARTESIAN_POINT('',(0.107,-0.00555,0.015));
#11437=CARTESIAN_POINT('',(0.107,0.,0.015));
#11438=CARTESIAN_POINT('',(0.0736328876011747,0.0149721313907648,0.01));
#11439=CARTESIAN_POINT('',(0.0262114328803851,0.02,0.003));
#11440=CARTESIAN_POINT('',(0.0262114328803851,0.02,0.003));
#11441=CARTESIAN_POINT('',(0.0262114328803851,0.02,0.01));
#11442=CARTESIAN_POINT('',(0.0262114328803851,0.02,0.007));
#11443=CARTESIAN_POINT('',(0.0736328876011747,0.0149721313907648,0.007));
#11444=CARTESIAN_POINT('',(0.0606856195734422,0.0163448679058142,0.007));
#11445=CARTESIAN_POINT('',(0.0735777493201835,0.0149779774373232,0.0102230324366853));
#11446=CARTESIAN_POINT('',(0.100685619573442,0.0121038604218907,0.017));
#11447=CARTESIAN_POINT('',(0.0736328876011747,0.0149721313907648,0.017));
#11448=CARTESIAN_POINT('',(0.0314831444902062,0.069721313907648,0.01));
#11449=CARTESIAN_POINT('',(0.0314831444902062,0.069721313907648,0.003));
#11450=CARTESIAN_POINT('',(0.0109059258691564,0.0241518276934989,0.003));
#11451=CARTESIAN_POINT('',(0.0109059258691564,0.0241518276934989,0.01));
#11452=CARTESIAN_POINT('',(0.0109059258691564,0.0241518276934989,0.007));
#11453=CARTESIAN_POINT('',(0.0314831444902062,0.069721313907648,0.007));
#11454=CARTESIAN_POINT('',(-1.47451495458029E-17,-4.56159938669979E-17,
0.01));
#11455=CARTESIAN_POINT('',(0.000826950396949337,-0.0264870940844968,0.));
#11456=CARTESIAN_POINT('',(0.00243382259522116,-0.0264369261197526,0.000888521003348071));
#11457=CARTESIAN_POINT('',(0.00491857245122565,-0.0261441047769097,0.00201336077081378));
#11458=CARTESIAN_POINT('',(0.00837729414471578,-0.0251897621486068,0.00285481244877265));
#11459=CARTESIAN_POINT('',(0.010065475973388,-0.0245313386926794,0.00300000000000004));
#11460=CARTESIAN_POINT('',(0.0109059258691564,-0.024151827693499,0.00300000000000004));
#11461=CARTESIAN_POINT('',(0.0109059258691564,-0.024151827693499,0.003));
#11462=CARTESIAN_POINT('',(0.0109059258691564,-0.024151827693499,0.01));
#11463=CARTESIAN_POINT('',(0.0109059258691564,-0.024151827693499,0.007));
#11464=CARTESIAN_POINT('',(-1.47451495458029E-17,-4.56159938669979E-17,
0.007));
#11465=CARTESIAN_POINT('',(0.0109059258691564,0.024151827693499,0.003));
#11466=CARTESIAN_POINT('',(0.00922348294057256,0.024911546506132,0.003));
#11467=CARTESIAN_POINT('',(0.00666373382282457,0.0257523747758677,0.00255729852356833));
#11468=CARTESIAN_POINT('',(0.00325822499795015,0.0263392634887017,0.00126085510891431));
#11469=CARTESIAN_POINT('',(0.00163118193722792,0.0264619852677519,0.000444700341359379));
#11470=CARTESIAN_POINT('',(0.000826950396949463,0.0264870940844967,-5.88354505376892E-19));
#11471=CARTESIAN_POINT('',(0.0314831444902062,-0.0697213139076479,0.01));
#11472=CARTESIAN_POINT('',(0.0314831444902062,-0.0697213139076479,0.003));
#11473=CARTESIAN_POINT('',(0.0262114328803851,-0.02,0.003));
#11474=CARTESIAN_POINT('',(0.0262114328803851,-0.02,0.01));
#11475=CARTESIAN_POINT('',(0.0262114328803851,-0.02,0.007));
#11476=CARTESIAN_POINT('',(0.0314831444902062,-0.0697213139076479,0.007));
#11477=CARTESIAN_POINT('',(0.0736328876011747,-0.0149721313907648,0.01));
#11478=CARTESIAN_POINT('',(0.0736328876011747,-0.0149721313907648,0.003));
#11479=CARTESIAN_POINT('',(0.1,-0.0121765533654431,0.017));
#11480=CARTESIAN_POINT('',(0.100685619573442,-0.0121038604218907,0.017));
#11481=CARTESIAN_POINT('',(0.0607384005752439,-0.016339271790223,0.00701319525045042));
#11482=CARTESIAN_POINT('',(0.0606856195734423,-0.0163448679058142,0.007));
#11483=CARTESIAN_POINT('',(0.0262114328803851,-0.02,0.007));
#11484=CARTESIAN_POINT('',(0.1095,0.00555,0.015));
#11485=CARTESIAN_POINT('',(0.112,0.00555,0.015));
#11486=CARTESIAN_POINT('',(0.112,0.00555,0.015));
#11487=CARTESIAN_POINT('',(0.1095,0.00555,0.015));
#11488=CARTESIAN_POINT('',(0.107,0.00555,0.015));
#11489=CARTESIAN_POINT('',(0.107,0.00555,0.015));
#11490=CARTESIAN_POINT('',(0.112,0.,0.015));
#11491=CARTESIAN_POINT('',(0.112,-0.00305,0.013052));
#11492=CARTESIAN_POINT('',(0.112,-0.00555,0.015));
#11493=CARTESIAN_POINT('',(0.112,-0.002727980021921,0.014725));
#11494=CARTESIAN_POINT('',(0.112,-1.40946282423116E-17,0.0163));
#11495=CARTESIAN_POINT('',(0.112,0.00272798002192097,0.014725));
#11496=CARTESIAN_POINT('',(0.112,0.00225166604983952,0.015));
#11497=CARTESIAN_POINT('',(0.112,0.,0.015));
#11498=CARTESIAN_POINT('',(0.112,0.00305,0.013052));
#11499=CARTESIAN_POINT('',(0.1095,-0.00555,0.015));
#11500=CARTESIAN_POINT('',(0.107,-0.00555,0.015));
#11501=CARTESIAN_POINT('',(0.107,0.,0.015));
#11502=CARTESIAN_POINT('',(0.107,0.,0.015));
#11503=CARTESIAN_POINT('',(0.107,0.00225166604983952,0.015));
#11504=CARTESIAN_POINT('',(0.107,0.00272798002192097,0.014725));
#11505=CARTESIAN_POINT('',(0.107,-1.40946282423116E-17,0.0163));
#11506=CARTESIAN_POINT('',(0.107,-0.002727980021921,0.014725));
#11507=CARTESIAN_POINT('',(0.05175,-4.5102810375397E-17,0.015));
#11508=CARTESIAN_POINT('',(0.05175,0.00225166604983952,0.015));
#11509=CARTESIAN_POINT('',(0.106998,0.00272798002192097,0.014725));
#11510=CARTESIAN_POINT('',(0.106998,-1.40946282423116E-17,0.0163));
#11511=CARTESIAN_POINT('',(0.106998,-0.002727980021921,0.014725));
#11512=CARTESIAN_POINT('',(0.0314831444902062,-0.0697213139076479,0.007));
#11513=CARTESIAN_POINT('',(0.0258951301837958,-0.0170167211655411,0.01));
#11514=CARTESIAN_POINT('',(0.0109059258691564,-0.024151827693499,0.007));
#11515=CARTESIAN_POINT('',(-1.47451495458029E-17,-4.56159938669979E-17,
0.01));
#11516=CARTESIAN_POINT('',(0.0109059258691564,0.0241518276934989,0.007));
#11517=CARTESIAN_POINT('',(0.0581911504907922,-0.0135925295699682,0.01));
#11518=CARTESIAN_POINT('',(0.0605014426584377,-0.0148599212434,0.00849608853438208));
#11519=CARTESIAN_POINT('',(0.0314831444902062,0.069721313907648,0.007));
#11520=CARTESIAN_POINT('',(0.0262114328803851,0.02,0.007));
#11521=CARTESIAN_POINT('',(0.0735777493201835,-0.0149779774373232,0.0102230324366853));
#11522=CARTESIAN_POINT('',(0.101072882501575,-0.0152262104329827,0.0138542223298932));
#11523=CARTESIAN_POINT('',(0.0736328876011747,0.0149721313907648,0.007));
#11524=CARTESIAN_POINT('',(0.060699858691364,0.016459672362351,0.0068843341411055));
#11525=CARTESIAN_POINT('',(0.0532467323773864,-0.0141167624255332,0.02));
#11526=CARTESIAN_POINT('',(0.0735777493201835,0.0149779774373232,0.0102230324366853));
#11527=CARTESIAN_POINT('',(0.100655867579443,0.0118639816934007,0.017241678589824));
#11528=CARTESIAN_POINT('',(0.0736328876011747,0.0149721313907648,0.017));
#11529=CARTESIAN_POINT('',(0.0314831444902062,0.069721313907648,0.));
#11530=CARTESIAN_POINT('',(0.0258951301837958,0.0170167211655412,0.));
#11531=CARTESIAN_POINT('',(0.0581911504907922,0.0135925295699682,0.));
#11532=CARTESIAN_POINT('',(0.0736328876011747,-0.0149721313907648,0.003));
#11533=CARTESIAN_POINT('',(0.0258951301837958,-0.0170167211655411,0.));
#11534=CARTESIAN_POINT('',(0.0314831444902062,-0.0697213139076479,0.));
#11535=CARTESIAN_POINT('',(0.126,-1.38777878078145E-17,0.01));
#11536=CARTESIAN_POINT('',(0.126,-0.00305,0.013052));
#11537=CARTESIAN_POINT('',(0.126,-1.38777878078145E-17,0.01));
#11538=CARTESIAN_POINT('',(-0.0135,5.04603508874438E-18,0.005));
#11539=CARTESIAN_POINT('',(-0.0135,5.04603508874438E-18,0.005));
#11540=CARTESIAN_POINT('',(-0.010625,5.04603508874438E-18,0.005));
#11541=CARTESIAN_POINT('',(0.0184081513482946,-4.5102810375397E-17,0.005));
#11542=CARTESIAN_POINT('',(0.00675,-0.0116913429510899,0.005));
#11543=CARTESIAN_POINT('',(0.00675,-0.0116913429510899,0.005));
#11544=CARTESIAN_POINT('',(0.009625,-0.0116913429510899,0.005));
#11545=CARTESIAN_POINT('',(0.0184081513482946,-4.5102810375397E-17,0.005));
#11546=CARTESIAN_POINT('',(0.00675,0.0116913429510899,0.005));
#11547=CARTESIAN_POINT('',(0.00675,0.0116913429510899,0.005));
#11548=CARTESIAN_POINT('',(0.009625,0.0116913429510899,0.005));
#11549=CARTESIAN_POINT('',(0.0184081513482946,-4.5102810375397E-17,0.005));
#11550=CARTESIAN_POINT('',(0.0532486419456959,0.00706098207592202,0.009));
#11551=CARTESIAN_POINT('',(0.0260543423219643,0.00994426278152961,0.009));
#11552=CARTESIAN_POINT('',(0.0260543423219643,0.00994426278152961,0.009));
#11553=CARTESIAN_POINT('',(0.0532486419456959,0.00706098207592202,0.009));
#11554=CARTESIAN_POINT('',(0.0804429415694275,0.00417770137031443,0.009));
#11555=CARTESIAN_POINT('',(0.0804429415694275,0.00417770137031443,0.009));
#11556=CARTESIAN_POINT('',(0.025,-3.87815160166461E-19,0.009));
#11557=CARTESIAN_POINT('',(0.0260543423219643,-0.00994426278152961,0.009));
#11558=CARTESIAN_POINT('',(0.0260543423219643,-0.00994426278152961,0.009));
#11559=CARTESIAN_POINT('',(0.025,-3.87815160166461E-19,0.009));
#11560=CARTESIAN_POINT('',(0.0532486419456959,-0.00706098207592202,0.009));
#11561=CARTESIAN_POINT('',(0.0804429415694275,-0.00417770137031443,0.009));
#11562=CARTESIAN_POINT('',(0.0804429415694275,-0.00417770137031443,0.009));
#11563=CARTESIAN_POINT('',(0.0532486419456959,-0.00706098207592202,0.009));
#11564=CARTESIAN_POINT('',(0.08,1.82145964977565E-17,0.009));
#11565=CARTESIAN_POINT('',(0.08,1.82145964977565E-17,0.009));
#11566=CARTESIAN_POINT('',(0.0705,0.,0.009));
#11567=CARTESIAN_POINT('',(0.119,0.00305,0.013052));
#11568=CARTESIAN_POINT('',(0.119,-0.00305,0.013052));
#11569=CARTESIAN_POINT('',(-0.120499999999997,0.402994949366117,-0.0989949493661163));
#11570=CARTESIAN_POINT('',(0.0282222833873999,-0.001,-0.00681237550813773));
#11571=CARTESIAN_POINT('',(0.0282222833873999,0.,-0.00681237550813773));
#11572=CARTESIAN_POINT('',(0.0554165830114939,0.,-0.00392909480421951));
#11573=CARTESIAN_POINT('',(0.00102798376330594,0.,-0.00969565621205596));
#11574=CARTESIAN_POINT('',(0.0554165830114939,-0.001,-0.00392909480421951));
#11575=CARTESIAN_POINT('',(0.0554165830114939,-0.001,-0.00392909480421951));
#11576=CARTESIAN_POINT('',(0.0282222833873999,-0.001,-0.00681237550813773));
#11577=CARTESIAN_POINT('',(0.00102798376330594,-0.001,-0.00969565621205596));
#11578=CARTESIAN_POINT('',(0.00102798376330594,-0.001,-0.00969565621205596));
#11579=CARTESIAN_POINT('',(0.055,-0.001,2.16840434497101E-17));
#11580=CARTESIAN_POINT('',(0.055,0.,2.16840434497101E-17));
#11581=CARTESIAN_POINT('',(0.0554165830114939,0.,0.00392909480421952));
#11582=CARTESIAN_POINT('',(0.0554165830114939,-0.001,0.00392909480421952));
#11583=CARTESIAN_POINT('',(0.0554165830114939,-0.001,0.00392909480421952));
#11584=CARTESIAN_POINT('',(0.055,-0.001,2.16840434497101E-17));
#11585=CARTESIAN_POINT('',(0.0282222833873999,-0.001,0.00681237550813774));
#11586=CARTESIAN_POINT('',(0.0282222833873999,0.,0.00681237550813774));
#11587=CARTESIAN_POINT('',(0.00102798376330598,0.,0.00969565621205596));
#11588=CARTESIAN_POINT('',(0.00102798376330598,-0.001,0.00969565621205596));
#11589=CARTESIAN_POINT('',(0.00102798376330598,-0.001,0.00969565621205596));
#11590=CARTESIAN_POINT('',(0.0282222833873999,-0.001,0.00681237550813774));
#11591=CARTESIAN_POINT('',(5.52943107967607E-18,-0.001,-1.31773140670724E-18));
#11592=CARTESIAN_POINT('',(5.52943107967607E-18,0.,-1.31773140670724E-18));
#11593=CARTESIAN_POINT('',(5.52943107967607E-18,-0.001,-1.31773140670724E-18));
#11594=CARTESIAN_POINT('',(0.0246005586163165,-0.001,0.));
#11595=CARTESIAN_POINT('',(0.0246005586163165,0.,0.));
#11596=CARTESIAN_POINT('',(-0.129499999999998,0.385317279836454,-0.11667261889578));
#11597=CARTESIAN_POINT('',(0.,0.,0.));
#11598=CARTESIAN_POINT('',(0.0135,0.02025,0.0710328836361915));
#11599=CARTESIAN_POINT('',(0.0135,0.02025,0.));
#11600=CARTESIAN_POINT('',(0.011875,0.02025,0.));
#11601=CARTESIAN_POINT('',(0.0135,0.02025,0.003));
#11602=CARTESIAN_POINT('',(0.015125,0.02025,0.003));
#11603=CARTESIAN_POINT('',(0.0135,-0.02025,0.0710328836361915));
#11604=CARTESIAN_POINT('',(0.0135,-0.02025,0.));
#11605=CARTESIAN_POINT('',(0.011875,-0.02025,0.));
#11606=CARTESIAN_POINT('',(0.0135,-0.02025,0.003));
#11607=CARTESIAN_POINT('',(0.015125,-0.02025,0.003));
#11608=CARTESIAN_POINT('',(-0.00675,0.0116913429510899,0.006));
#11609=CARTESIAN_POINT('',(-0.00675,0.0116913429510899,0.0145));
#11610=CARTESIAN_POINT('',(-0.005125,0.0116913429510899,0.0145));
#11611=CARTESIAN_POINT('',(-0.00675,0.0116913429510899,0.005));
#11612=CARTESIAN_POINT('',(-0.008375,0.0116913429510899,0.005));
#11613=CARTESIAN_POINT('',(-0.00675,-0.0116913429510899,0.006));
#11614=CARTESIAN_POINT('',(-0.00675,-0.0116913429510899,0.0145));
#11615=CARTESIAN_POINT('',(-0.005125,-0.0116913429510899,0.0145));
#11616=CARTESIAN_POINT('',(-0.00675,-0.0116913429510899,0.005));
#11617=CARTESIAN_POINT('',(-0.008375,-0.0116913429510899,0.005));
#11618=CARTESIAN_POINT('',(0.00925,0.0265,0.006));
#11619=CARTESIAN_POINT('',(0.00925,0.0265,0.006));
#11620=CARTESIAN_POINT('',(0.,0.0265,0.006));
#11621=CARTESIAN_POINT('',(0.0135,0.0265,0.006));
#11622=CARTESIAN_POINT('',(0.0135,0.0265,0.006));
#11623=CARTESIAN_POINT('',(0.0135,0.0265,0.));
#11624=CARTESIAN_POINT('',(0.00925,0.0265,0.));
#11625=CARTESIAN_POINT('',(0.,0.0265,0.));
#11626=CARTESIAN_POINT('',(0.,0.0265,0.006));
#11627=CARTESIAN_POINT('',(-1.62265700887024E-18,0.,0.006));
#11628=CARTESIAN_POINT('',(-1.62265700887024E-18,0.,0.));
#11629=CARTESIAN_POINT('',(3.46944695195361E-18,-0.0265,0.));
#11630=CARTESIAN_POINT('',(3.46944695195361E-18,-0.0265,0.006));
#11631=CARTESIAN_POINT('',(3.46944695195361E-18,-0.0265,0.006));
#11632=CARTESIAN_POINT('',(-1.62265700887024E-18,0.,0.006));
#11633=CARTESIAN_POINT('',(0.00925,-0.0265,0.006));
#11634=CARTESIAN_POINT('',(0.00925,-0.0265,0.));
#11635=CARTESIAN_POINT('',(0.0135,-0.0265,0.));
#11636=CARTESIAN_POINT('',(0.0135,-0.0265,0.006));
#11637=CARTESIAN_POINT('',(0.0135,-0.0265,0.006));
#11638=CARTESIAN_POINT('',(0.00925,-0.0265,0.006));
#11639=CARTESIAN_POINT('',(0.0135,-1.03088383034301E-17,0.006));
#11640=CARTESIAN_POINT('',(0.0135,-1.03088383034301E-17,0.));
#11641=CARTESIAN_POINT('',(0.015125,-1.03088383034301E-17,0.));
#11642=CARTESIAN_POINT('',(0.0135,-1.03088383034301E-17,0.0145));
#11643=CARTESIAN_POINT('',(0.015125,-1.03088383034301E-17,0.0145));
#11644=CARTESIAN_POINT('',(0.0185,3.46944695195361E-18,0.006));
#11645=CARTESIAN_POINT('',(0.0185,3.46944695195361E-18,0.006));
#11646=CARTESIAN_POINT('',(0.0185,3.55486502925439E-18,0.006));
#11647=CARTESIAN_POINT('',(0.0185,-0.0215,0.006));
#11648=CARTESIAN_POINT('',(0.0185,-0.0215,0.006));
#11649=CARTESIAN_POINT('',(0.0185,-0.0215,0.));
#11650=CARTESIAN_POINT('',(0.0185,3.46944695195361E-18,0.));
#11651=CARTESIAN_POINT('',(0.0185,0.0215,0.));
#11652=CARTESIAN_POINT('',(0.0185,0.0215,0.006));
#11653=CARTESIAN_POINT('',(0.0185,0.0215,0.006));
#11654=CARTESIAN_POINT('',(0.0185,3.46944695195361E-18,0.006));
#11655=CARTESIAN_POINT('',(-0.004,0.,0.006));
#11656=CARTESIAN_POINT('',(0.0135,0.02025,0.006));
#11657=CARTESIAN_POINT('',(0.016375,0.02025,0.006));
#11658=CARTESIAN_POINT('',(0.0135,-0.02025,0.006));
#11659=CARTESIAN_POINT('',(0.016375,-0.02025,0.006));
#11660=CARTESIAN_POINT('',(0.0135,-0.0215,0.006));
#11661=CARTESIAN_POINT('',(0.,1.1327982892113E-18,0.006));
#11662=CARTESIAN_POINT('',(0.0135,0.0215,0.006));
#11663=CARTESIAN_POINT('',(-0.004,0.,0.));
#11664=CARTESIAN_POINT('',(-0.00675,0.0116913429510899,0.));
#11665=CARTESIAN_POINT('',(-0.009625,0.0116913429510899,0.));
#11666=CARTESIAN_POINT('',(-0.00675,-0.0116913429510899,0.));
#11667=CARTESIAN_POINT('',(-0.009625,-0.0116913429510899,0.));
#11668=CARTESIAN_POINT('',(0.0135,-0.0215,0.));
#11669=CARTESIAN_POINT('',(0.0135,0.0215,0.));
#11670=CARTESIAN_POINT('',(0.,1.1327982892113E-18,0.0145));
#11671=CARTESIAN_POINT('',(0.,1.1327982892113E-18,0.0145));
#11672=CARTESIAN_POINT('',(0.0185,1.1327982892113E-18,0.0145));
#11673=CARTESIAN_POINT('',(-0.004,0.,0.0145));
#11674=CARTESIAN_POINT('',(0.00675,0.0116913429510899,0.0145));
#11675=CARTESIAN_POINT('',(0.008375,0.0116913429510899,0.0145));
#11676=CARTESIAN_POINT('',(-0.0135,5.30367298036114E-18,0.0145));
#11677=CARTESIAN_POINT('',(-0.011875,5.30367298036114E-18,0.0145));
#11678=CARTESIAN_POINT('',(0.00675,-0.0116913429510899,0.0145));
#11679=CARTESIAN_POINT('',(0.008375,-0.0116913429510899,0.0145));
#11680=CARTESIAN_POINT('',(0.00675,-0.0116913429510899,0.009));
#11681=CARTESIAN_POINT('',(0.00675,-0.0116913429510899,0.009));
#11682=CARTESIAN_POINT('',(0.008375,-0.0116913429510899,0.009));
#11683=CARTESIAN_POINT('',(-0.004,0.,0.009));
#11684=CARTESIAN_POINT('',(-0.0135,5.30367298036114E-18,0.009));
#11685=CARTESIAN_POINT('',(-0.0135,5.30367298036114E-18,0.009));
#11686=CARTESIAN_POINT('',(-0.011875,5.30367298036114E-18,0.009));
#11687=CARTESIAN_POINT('',(-0.004,0.,0.009));
#11688=CARTESIAN_POINT('',(0.00675,0.0116913429510899,0.009));
#11689=CARTESIAN_POINT('',(0.00675,0.0116913429510899,0.009));
#11690=CARTESIAN_POINT('',(0.008375,0.0116913429510899,0.009));
#11691=CARTESIAN_POINT('',(-0.004,0.,0.009));
#11692=CARTESIAN_POINT('',(-0.00675,-0.0116913429510899,0.005));
#11693=CARTESIAN_POINT('',(-0.00675,-0.0116913429510899,0.005));
#11694=CARTESIAN_POINT('',(-0.009625,-0.0116913429510899,0.005));
#11695=CARTESIAN_POINT('',(-0.004,0.,0.005));
#11696=CARTESIAN_POINT('',(-0.00675,0.0116913429510899,0.005));
#11697=CARTESIAN_POINT('',(-0.00675,0.0116913429510899,0.005));
#11698=CARTESIAN_POINT('',(-0.009625,0.0116913429510899,0.005));
#11699=CARTESIAN_POINT('',(-0.004,0.,0.005));
#11700=CARTESIAN_POINT('',(0.0135,-0.02025,0.003));
#11701=CARTESIAN_POINT('',(0.0135,-0.02025,0.003));
#11702=CARTESIAN_POINT('',(0.016375,-0.02025,0.003));
#11703=CARTESIAN_POINT('',(-0.004,0.,0.003));
#11704=CARTESIAN_POINT('',(0.0135,0.02025,0.003));
#11705=CARTESIAN_POINT('',(0.0135,0.02025,0.003));
#11706=CARTESIAN_POINT('',(0.016375,0.02025,0.003));
#11707=CARTESIAN_POINT('',(-0.004,0.,0.003));
#11708=CARTESIAN_POINT('',(0.0135,-0.0215,0.006));
#11709=CARTESIAN_POINT('',(0.0135,0.0215,0.006));
#11710=CARTESIAN_POINT('',(-0.075,-0.0075,-3.46944695195361E-18));
#11711=CARTESIAN_POINT('',(0.,1.62265700887024E-18,0.012));
#11712=CARTESIAN_POINT('',(-0.006125,0.0257824431542087,-2.00000000000027E-6));
#11713=CARTESIAN_POINT('',(-0.006125,0.0257824431542087,-8.470329472543E-22));
#11714=CARTESIAN_POINT('',(-0.006125,0.0257824431542087,0.012));
#11715=CARTESIAN_POINT('',(0.,1.62265700887024E-18,0.));
#11716=CARTESIAN_POINT('',(-0.0265,-3.24531401774048E-18,0.));
#11717=CARTESIAN_POINT('',(-0.0265,-3.24531401774048E-18,0.012));
#11718=CARTESIAN_POINT('',(-0.0265,-3.24531401774048E-18,0.009));
#11719=CARTESIAN_POINT('',(0.,1.62265700887024E-18,0.009));
#11720=CARTESIAN_POINT('',(-0.0259700985863096,0.00527294788684319,0.009));
#11721=CARTESIAN_POINT('',(-0.0259700985863095,0.00527294788684319,0.012));
#11722=CARTESIAN_POINT('',(-0.0259700985863096,0.00527294788684319,0.012));
#11723=CARTESIAN_POINT('',(0.,1.62265700887024E-18,0.012));
#11724=CARTESIAN_POINT('',(-0.0175515561159925,0.0198542911711088,0.012));
#11725=CARTESIAN_POINT('',(-0.0175515561159925,0.0198542911711088,0.012));
#11726=CARTESIAN_POINT('',(-0.0175515561159925,0.0198542911711088,0.009));
#11727=CARTESIAN_POINT('',(0.,1.62265700887024E-18,0.009));
#11728=CARTESIAN_POINT('',(-0.00841854247031708,0.025127239057952,0.009));
#11729=CARTESIAN_POINT('',(-0.00841854247031708,0.025127239057952,0.012));
#11730=CARTESIAN_POINT('',(-0.00841854247031708,0.025127239057952,0.012));
#11731=CARTESIAN_POINT('',(0.,1.62265700887024E-18,0.012));
#11732=CARTESIAN_POINT('',(0.,0.,0.012));
#11733=CARTESIAN_POINT('',(0.012,-0.0207846096908266,0.012));
#11734=CARTESIAN_POINT('',(0.014875,-0.0207846096908266,0.012));
#11735=CARTESIAN_POINT('',(-0.012,-0.0207846096908265,0.012));
#11736=CARTESIAN_POINT('',(-0.009125,-0.0207846096908265,0.012));
#11737=CARTESIAN_POINT('',(0.,1.10218211923262E-18,0.012));
#11738=CARTESIAN_POINT('',(0.018,1.10218211923262E-18,0.012));
#11739=CARTESIAN_POINT('',(0.,1.62265700887024E-18,0.012));
#11740=CARTESIAN_POINT('',(0.0084185424703171,0.025127239057952,0.012));
#11741=CARTESIAN_POINT('',(0.006125,0.0257824431542087,0.012));
#11742=CARTESIAN_POINT('',(0.006125,0.025,0.012));
#11743=CARTESIAN_POINT('',(0.006125,0.0235,0.012));
#11744=CARTESIAN_POINT('',(0.,0.0235,0.012));
#11745=CARTESIAN_POINT('',(-0.006125,0.0235,0.012));
#11746=CARTESIAN_POINT('',(-0.006125,0.025,0.012));
#11747=CARTESIAN_POINT('',(-0.0077831807744441,0.0232308436573518,0.012));
#11748=CARTESIAN_POINT('',(-0.00951315789262087,0.0222272604915979,0.012));
#11749=CARTESIAN_POINT('',(-0.012,0.0207846096908266,0.012));
#11750=CARTESIAN_POINT('',(-0.0144927932959475,0.0193522666510211,0.012));
#11751=CARTESIAN_POINT('',(-0.0162269103713892,0.0183558541015911,0.012));
#11752=CARTESIAN_POINT('',(-0.0240100911458333,0.00487498955576069,0.012));
#11753=CARTESIAN_POINT('',(-0.0240059511885684,0.00287499384057682,0.012));
#11754=CARTESIAN_POINT('',(-0.024,7.11493688128466E-18,0.012));
#11755=CARTESIAN_POINT('',(-0.0242948717948718,-0.00285983839134121,0.012));
#11756=CARTESIAN_POINT('',(-0.0245,-0.0048492911853177,0.012));
#11757=CARTESIAN_POINT('',(-0.0265,-0.0048492911853177,0.012));
#11758=CARTESIAN_POINT('',(-0.0265,-0.01325,0.012));
#11759=CARTESIAN_POINT('',(-0.0265,-0.00555694853477811,0.012));
#11760=CARTESIAN_POINT('',(7.27529741741471E-19,-0.0055569485347781,0.012));
#11761=CARTESIAN_POINT('',(-0.0215,-0.0055569485347781,0.012));
#11762=CARTESIAN_POINT('',(-0.0215,-0.0265,0.012));
#11763=CARTESIAN_POINT('',(-0.0215,-0.0265,0.012));
#11764=CARTESIAN_POINT('',(0.,-0.0265,0.012));
#11765=CARTESIAN_POINT('',(0.0215,-0.0265,0.012));
#11766=CARTESIAN_POINT('',(0.0215,-0.00484929118531771,0.012));
#11767=CARTESIAN_POINT('',(0.0215,-0.0055569485347781,0.012));
#11768=CARTESIAN_POINT('',(0.,-0.0055569485347781,0.012));
#11769=CARTESIAN_POINT('',(0.0265,-0.0055569485347781,0.012));
#11770=CARTESIAN_POINT('',(0.0265,-0.01325,0.012));
#11771=CARTESIAN_POINT('',(0.0265,-0.00484929118531771,0.012));
#11772=CARTESIAN_POINT('',(0.0245,-0.00484929118531771,0.012));
#11773=CARTESIAN_POINT('',(0.0242948717948718,-0.00285983839134122,0.012));
#11774=CARTESIAN_POINT('',(0.024,-5.02812745055299E-18,0.012));
#11775=CARTESIAN_POINT('',(0.0240059511885684,0.00287499384057681,0.012));
#11776=CARTESIAN_POINT('',(0.0240100911458333,0.00487498955576068,0.012));
#11777=CARTESIAN_POINT('',(0.0259700985863095,0.00527294788684318,0.012));
#11778=CARTESIAN_POINT('',(0.,1.62265700887024E-18,0.012));
#11779=CARTESIAN_POINT('',(0.0175515561159925,0.0198542911711088,0.012));
#11780=CARTESIAN_POINT('',(0.0162269103713892,0.0183558541015911,0.012));
#11781=CARTESIAN_POINT('',(0.0144927932959475,0.0193522666510211,0.012));
#11782=CARTESIAN_POINT('',(0.012,0.0207846096908266,0.012));
#11783=CARTESIAN_POINT('',(0.00951315789262088,0.0222272604915979,0.012));
#11784=CARTESIAN_POINT('',(0.00778318077444411,0.0232308436573518,0.012));
#11785=CARTESIAN_POINT('',(0.,1.62265700887024E-18,0.012));
#11786=CARTESIAN_POINT('',(0.,1.62265700887024E-18,0.));
#11787=CARTESIAN_POINT('',(0.0265,-3.46944695195361E-18,0.));
#11788=CARTESIAN_POINT('',(0.006125,0.0257824431542087,-8.470329472543E-22));
#11789=CARTESIAN_POINT('',(0.006125,0.0257824431542087,-2.00000000000027E-6));
#11790=CARTESIAN_POINT('',(0.0084185424703171,0.025127239057952,0.012));
#11791=CARTESIAN_POINT('',(0.0084185424703171,0.025127239057952,0.009));
#11792=CARTESIAN_POINT('',(0.,1.62265700887024E-18,0.009));
#11793=CARTESIAN_POINT('',(0.0175515561159925,0.0198542911711088,0.009));
#11794=CARTESIAN_POINT('',(0.0175515561159925,0.0198542911711088,0.012));
#11795=CARTESIAN_POINT('',(0.0259700985863095,0.00527294788684318,0.012));
#11796=CARTESIAN_POINT('',(0.0259700985863095,0.00527294788684318,0.009));
#11797=CARTESIAN_POINT('',(0.,1.62265700887024E-18,0.009));
#11798=CARTESIAN_POINT('',(0.0265,-3.46944695195361E-18,0.009));
#11799=CARTESIAN_POINT('',(0.0265,-3.46944695195361E-18,0.012));
#11800=CARTESIAN_POINT('',(-0.0265,-0.01325,0.012));
#11801=CARTESIAN_POINT('',(-0.0265,-0.0048492911853177,0.007));
#11802=CARTESIAN_POINT('',(-0.0265,-0.0265,0.007));
#11803=CARTESIAN_POINT('',(-0.0265,-0.0105569485347781,0.007));
#11804=CARTESIAN_POINT('',(-0.0265,-0.00555694853477811,0.007));
#11805=CARTESIAN_POINT('',(-0.0265,-0.0048492911853177,0.012));
#11806=CARTESIAN_POINT('',(-0.0265,-0.0048492911853177,0.009));
#11807=CARTESIAN_POINT('',(-0.0265,-0.01325,0.009));
#11808=CARTESIAN_POINT('',(-0.0265,-0.01325,0.));
#11809=CARTESIAN_POINT('',(-0.0265,-0.0265,0.));
#11810=CARTESIAN_POINT('',(-0.0265,-0.0265,0.012));
#11811=CARTESIAN_POINT('',(0.024,-5.1046678754997E-18,0.012));
#11812=CARTESIAN_POINT('',(0.024,-5.1046678754997E-18,0.));
#11813=CARTESIAN_POINT('',(0.025625,-5.1046678754997E-18,0.));
#11814=CARTESIAN_POINT('',(0.024,-5.1046678754997E-18,0.009));
#11815=CARTESIAN_POINT('',(0.025625,-5.1046678754997E-18,0.009));
#11816=CARTESIAN_POINT('',(0.012,-0.0207846096908266,0.012));
#11817=CARTESIAN_POINT('',(0.012,-0.0207846096908266,0.));
#11818=CARTESIAN_POINT('',(0.013625,-0.0207846096908266,0.));
#11819=CARTESIAN_POINT('',(0.012,-0.0207846096908266,0.009));
#11820=CARTESIAN_POINT('',(0.013625,-0.0207846096908266,0.009));
#11821=CARTESIAN_POINT('',(-0.012,-0.0207846096908265,0.012));
#11822=CARTESIAN_POINT('',(-0.012,-0.0207846096908265,0.));
#11823=CARTESIAN_POINT('',(-0.010375,-0.0207846096908265,0.));
#11824=CARTESIAN_POINT('',(-0.012,-0.0207846096908265,0.009));
#11825=CARTESIAN_POINT('',(-0.010375,-0.0207846096908265,0.009));
#11826=CARTESIAN_POINT('',(-0.024,7.03839645633795E-18,0.012));
#11827=CARTESIAN_POINT('',(-0.024,7.03839645633795E-18,0.));
#11828=CARTESIAN_POINT('',(-0.022375,7.03839645633795E-18,0.));
#11829=CARTESIAN_POINT('',(-0.024,7.03839645633795E-18,0.009));
#11830=CARTESIAN_POINT('',(-0.022375,7.03839645633795E-18,0.009));
#11831=CARTESIAN_POINT('',(-0.012,0.0207846096908266,0.012));
#11832=CARTESIAN_POINT('',(-0.012,0.0207846096908266,0.));
#11833=CARTESIAN_POINT('',(-0.010375,0.0207846096908266,0.));
#11834=CARTESIAN_POINT('',(-0.012,0.0207846096908266,0.009));
#11835=CARTESIAN_POINT('',(-0.010375,0.0207846096908266,0.009));
#11836=CARTESIAN_POINT('',(0.012,0.0207846096908266,0.012));
#11837=CARTESIAN_POINT('',(0.012,0.0207846096908266,0.));
#11838=CARTESIAN_POINT('',(0.013625,0.0207846096908266,0.));
#11839=CARTESIAN_POINT('',(0.012,0.0207846096908266,0.009));
#11840=CARTESIAN_POINT('',(0.013625,0.0207846096908266,0.009));
#11841=CARTESIAN_POINT('',(0.,-0.0265,0.012));
#11842=CARTESIAN_POINT('',(-0.02025,-0.0265,0.007));
#11843=CARTESIAN_POINT('',(-0.02025,-0.0265,0.00495));
#11844=CARTESIAN_POINT('',(0.02025,-0.0265,0.007));
#11845=CARTESIAN_POINT('',(0.02025,-0.0265,0.00495));
#11846=CARTESIAN_POINT('',(-3.46944695195361E-18,-0.0265,0.007));
#11847=CARTESIAN_POINT('',(-3.46944695195361E-18,-0.0265,0.005375));
#11848=CARTESIAN_POINT('',(-0.0215,-0.0265,0.007));
#11849=CARTESIAN_POINT('',(0.,-0.0265,0.));
#11850=CARTESIAN_POINT('',(0.0265,-0.0265,0.));
#11851=CARTESIAN_POINT('',(0.0265,-0.0265,0.012));
#11852=CARTESIAN_POINT('',(0.0265,-0.0265,0.007));
#11853=CARTESIAN_POINT('',(0.0215,-0.0265,0.007));
#11854=CARTESIAN_POINT('',(0.,1.10218211923262E-18,0.012));
#11855=CARTESIAN_POINT('',(0.00284361411052855,-0.0178170665234436,0.00416192673093351));
#11856=CARTESIAN_POINT('',(-6.32534643298576E-7,-0.0180913895653391,0.00298171795632901));
#11857=CARTESIAN_POINT('',(-0.00284108397195538,-0.0178173752151999,0.00416120144375046));
#11858=CARTESIAN_POINT('',(-0.00401693481609637,-0.0175381135578065,0.00699623487888983));
#11859=CARTESIAN_POINT('',(-0.00284117289820458,-0.0178173988382176,0.00984089187990558));
#11860=CARTESIAN_POINT('',(-1.31336226891841E-6,-0.0180911459194668,0.0110164020745084));
#11861=CARTESIAN_POINT('',(0.0028375999507855,-0.0178180171232425,0.00984349803113481));
#11862=CARTESIAN_POINT('',(0.00401719514711704,-0.0175380362358066,0.00700245771859886));
#11863=CARTESIAN_POINT('',(0.00284361411052855,-0.0178170665234436,0.00416192673093351));
#11864=CARTESIAN_POINT('',(-6.32534643298576E-7,-0.0180913895653391,0.00298171795632901));
#11865=CARTESIAN_POINT('',(-0.00284108397195538,-0.0178173752151999,0.00416120144375046));
#11866=CARTESIAN_POINT('',(-3.46126498139632E-18,-0.018,0.003375));
#11867=CARTESIAN_POINT('',(0.,1.10218211923262E-18,0.));
#11868=CARTESIAN_POINT('',(0.018,1.10218211923262E-18,0.));
#11869=CARTESIAN_POINT('',(0.0265,-0.01325,0.012));
#11870=CARTESIAN_POINT('',(0.0265,-0.0055569485347781,0.007));
#11871=CARTESIAN_POINT('',(0.0265,-0.0105569485347781,0.007));
#11872=CARTESIAN_POINT('',(0.0265,-0.0265,0.007));
#11873=CARTESIAN_POINT('',(0.0265,-0.01325,0.));
#11874=CARTESIAN_POINT('',(0.0265,-0.01325,0.009));
#11875=CARTESIAN_POINT('',(0.0265,-0.00484929118531771,0.009));
#11876=CARTESIAN_POINT('',(0.0265,-0.00484929118531771,0.012));
#11877=CARTESIAN_POINT('',(0.,0.,0.));
#11878=CARTESIAN_POINT('',(0.,0.0235,0.));
#11879=CARTESIAN_POINT('',(0.006125,0.0235,0.));
#11880=CARTESIAN_POINT('',(-0.006125,0.0235,-8.470329472543E-22));
#11881=CARTESIAN_POINT('',(0.006125,0.025,0.));
#11882=CARTESIAN_POINT('',(-0.006125,0.025,0.));
#11883=CARTESIAN_POINT('',(-3.46944695195361E-18,-0.0015,0.007));
#11884=CARTESIAN_POINT('',(-3.46944695195361E-18,-0.0215,0.007));
#11885=CARTESIAN_POINT('',(-3.46944695195361E-18,-0.0215,0.005375));
#11886=CARTESIAN_POINT('',(-3.46944695195361E-18,-0.0115,0.007));
#11887=CARTESIAN_POINT('',(-3.46944695195361E-18,-0.0215,0.007));
#11888=CARTESIAN_POINT('',(-3.46944695195361E-18,-0.0215,0.003375));
#11889=CARTESIAN_POINT('',(0.,-0.0215,0.006));
#11890=CARTESIAN_POINT('',(0.02025,-0.0185,0.007));
#11891=CARTESIAN_POINT('',(0.02025,-0.0185,0.007));
#11892=CARTESIAN_POINT('',(0.02025,-0.0185,0.00495));
#11893=CARTESIAN_POINT('',(0.,-0.0185,0.006));
#11894=CARTESIAN_POINT('',(-0.02025,-0.0185,0.007));
#11895=CARTESIAN_POINT('',(-0.02025,-0.0185,0.007));
#11896=CARTESIAN_POINT('',(-0.02025,-0.0185,0.00495));
#11897=CARTESIAN_POINT('',(0.,-0.0185,0.006));
#11898=CARTESIAN_POINT('',(-0.012,0.0207846096908266,0.009));
#11899=CARTESIAN_POINT('',(-0.00951315789262087,0.0222272604915979,0.009));
#11900=CARTESIAN_POINT('',(-0.00951315789262087,0.0222272604915979,0.009));
#11901=CARTESIAN_POINT('',(-0.012,0.0207846096908266,0.009));
#11902=CARTESIAN_POINT('',(-0.0144927932959475,0.0193522666510211,0.009));
#11903=CARTESIAN_POINT('',(-0.0144927932959475,0.0193522666510211,0.009));
#11904=CARTESIAN_POINT('',(0.,0.,0.009));
#11905=CARTESIAN_POINT('',(-0.0162269103713892,0.0183558541015911,0.009));
#11906=CARTESIAN_POINT('',(-0.0077831807744441,0.0232308436573518,0.009));
#11907=CARTESIAN_POINT('',(-0.024,7.11493688128466E-18,0.009));
#11908=CARTESIAN_POINT('',(-0.024,7.11493688128466E-18,0.009));
#11909=CARTESIAN_POINT('',(-0.0242948717948718,-0.00285983839134121,0.009));
#11910=CARTESIAN_POINT('',(-0.0240059511885684,0.00287499384057682,0.009));
#11911=CARTESIAN_POINT('',(-0.0242948717948718,-0.00285983839134121,0.009));
#11912=CARTESIAN_POINT('',(-0.0240059511885684,0.00287499384057682,0.009));
#11913=CARTESIAN_POINT('',(0.,0.,0.009));
#11914=CARTESIAN_POINT('',(-0.0245,-0.0048492911853177,0.009));
#11915=CARTESIAN_POINT('',(-0.0240100911458333,0.00487498955576069,0.009));
#11916=CARTESIAN_POINT('',(-0.012,-0.0207846096908265,0.009));
#11917=CARTESIAN_POINT('',(-0.012,-0.0207846096908265,0.009));
#11918=CARTESIAN_POINT('',(-0.009125,-0.0207846096908265,0.009));
#11919=CARTESIAN_POINT('',(0.,0.,0.009));
#11920=CARTESIAN_POINT('',(0.012,-0.0207846096908266,0.009));
#11921=CARTESIAN_POINT('',(0.012,-0.0207846096908266,0.009));
#11922=CARTESIAN_POINT('',(0.014875,-0.0207846096908266,0.009));
#11923=CARTESIAN_POINT('',(0.,0.,0.009));
#11924=CARTESIAN_POINT('',(0.024,-5.02812745055299E-18,0.009));
#11925=CARTESIAN_POINT('',(0.0242948717948718,-0.00285983839134122,0.009));
#11926=CARTESIAN_POINT('',(0.0242948717948718,-0.00285983839134122,0.009));
#11927=CARTESIAN_POINT('',(0.024,-5.02812745055299E-18,0.009));
#11928=CARTESIAN_POINT('',(0.0240059511885684,0.00287499384057681,0.009));
#11929=CARTESIAN_POINT('',(0.0240059511885684,0.00287499384057681,0.009));
#11930=CARTESIAN_POINT('',(0.,0.,0.009));
#11931=CARTESIAN_POINT('',(0.0240100911458333,0.00487498955576068,0.009));
#11932=CARTESIAN_POINT('',(0.0245,-0.00484929118531771,0.009));
#11933=CARTESIAN_POINT('',(0.012,0.0207846096908266,0.009));
#11934=CARTESIAN_POINT('',(0.012,0.0207846096908266,0.009));
#11935=CARTESIAN_POINT('',(0.00951315789262088,0.0222272604915979,0.009));
#11936=CARTESIAN_POINT('',(0.0144927932959475,0.0193522666510211,0.009));
#11937=CARTESIAN_POINT('',(0.00951315789262088,0.0222272604915979,0.009));
#11938=CARTESIAN_POINT('',(0.0144927932959475,0.0193522666510211,0.009));
#11939=CARTESIAN_POINT('',(0.,0.,0.009));
#11940=CARTESIAN_POINT('',(0.00778318077444411,0.0232308436573518,0.009));
#11941=CARTESIAN_POINT('',(0.0162269103713892,0.0183558541015911,0.009));
#11942=CARTESIAN_POINT('',(-0.0245,-0.0048492911853177,0.009));
#11943=CARTESIAN_POINT('',(-0.0240100911458333,0.00487498955576069,0.009));
#11944=CARTESIAN_POINT('',(0.0245,-0.00484929118531771,0.009));
#11945=CARTESIAN_POINT('',(0.0240100911458333,0.00487498955576068,0.012));
#11946=CARTESIAN_POINT('',(0.00778318077444411,0.0232308436573518,0.012));
#11947=CARTESIAN_POINT('',(0.0162269103713892,0.0183558541015911,0.009));
#11948=CARTESIAN_POINT('',(-0.0077831807744441,0.0232308436573518,0.009));
#11949=CARTESIAN_POINT('',(-0.0162269103713892,0.0183558541015911,0.012));
#11950=CARTESIAN_POINT('',(-0.0215,-2.81483431950953E-18,0.007));
#11951=CARTESIAN_POINT('',(-0.0215,-0.0055569485347781,0.007));
#11952=CARTESIAN_POINT('',(0.0215,0.,0.007));
#11953=CARTESIAN_POINT('',(0.0215,-0.0055569485347781,0.007));
#11954=CARTESIAN_POINT('',(0.,-0.0055569485347781,0.007));
#11955=CARTESIAN_POINT('',(7.27529741741471E-19,-0.0055569485347781,0.007));
#11956=CARTESIAN_POINT('',(-0.006125,0.025,-2.00000000000027E-6));
#11957=CARTESIAN_POINT('',(-0.006125,0.0235,-2.00000000000027E-6));
#11958=CARTESIAN_POINT('',(0.006125,0.025,-2.00000000000027E-6));
#11959=CARTESIAN_POINT('',(0.006125,0.0235,-2.00000000000027E-6));
#11960=CARTESIAN_POINT('',(0.,0.0235,-2.00000000000027E-6));
#11961=CARTESIAN_POINT('',(8.67361737988404E-19,0.0235,0.006));
#11962=CARTESIAN_POINT('',(8.67361737988404E-19,0.0235,0.0081));
#11963=CARTESIAN_POINT('',(8.67361737988404E-19,0.0185,0.006));
#11964=CARTESIAN_POINT('',(8.67361737988404E-19,0.0185,0.006));
#11965=CARTESIAN_POINT('',(8.67361737988404E-19,0.0185,0.0081));
#11966=CARTESIAN_POINT('',(0.,0.0185,0.006));
#11967=CARTESIAN_POINT('',(-0.0685,-0.034,1.04083408558608E-17));
#11968=CARTESIAN_POINT('',(-0.0065,0.,0.004));
#11969=CARTESIAN_POINT('',(0.,2.06659147356116E-19,0.004));
#11970=CARTESIAN_POINT('',(0.003375,2.06659147356116E-19,0.004));
#11971=CARTESIAN_POINT('',(-0.0095,0.006,0.004));
#11972=CARTESIAN_POINT('',(8.67361737988404E-19,0.006,0.004));
#11973=CARTESIAN_POINT('',(-0.004,0.006,0.004));
#11974=CARTESIAN_POINT('',(-0.004,-0.006,0.004));
#11975=CARTESIAN_POINT('',(-0.004,-0.006,0.004));
#11976=CARTESIAN_POINT('',(-0.0095,-0.006,0.004));
#11977=CARTESIAN_POINT('',(8.67361737988404E-19,-0.006,0.004));
#11978=CARTESIAN_POINT('',(1.69966166929439E-18,0.,0.004));
#11979=CARTESIAN_POINT('',(-0.0095,-0.006,0.004));
#11980=CARTESIAN_POINT('',(-0.019,-0.006,0.004));
#11981=CARTESIAN_POINT('',(-0.019,-0.006,0.012));
#11982=CARTESIAN_POINT('',(-0.019,-0.006,0.001));
#11983=CARTESIAN_POINT('',(8.67361737988404E-19,-0.006,0.001));
#11984=CARTESIAN_POINT('',(8.67361737988404E-19,-0.006,0.001));
#11985=CARTESIAN_POINT('',(8.67361737988404E-19,-0.006,0.004));
#11986=CARTESIAN_POINT('',(-0.004,-0.006,0.007));
#11987=CARTESIAN_POINT('',(-0.007,-0.006,0.007));
#11988=CARTESIAN_POINT('',(-0.007,-0.006,0.012));
#11989=CARTESIAN_POINT('',(-0.007,-0.006,0.012));
#11990=CARTESIAN_POINT('',(-0.0095,-0.006,0.012));
#11991=CARTESIAN_POINT('',(1.69966166929439E-18,0.,0.004));
#11992=CARTESIAN_POINT('',(1.69966166929439E-18,0.,0.001));
#11993=CARTESIAN_POINT('',(8.67361737988404E-19,0.006,0.001));
#11994=CARTESIAN_POINT('',(8.67361737988404E-19,0.006,0.004));
#11995=CARTESIAN_POINT('',(-0.0095,0.006,0.004));
#11996=CARTESIAN_POINT('',(-0.0095,0.006,0.001));
#11997=CARTESIAN_POINT('',(-0.019,0.006,0.001));
#11998=CARTESIAN_POINT('',(-0.019,0.006,0.004));
#11999=CARTESIAN_POINT('',(-0.019,0.006,0.012));
#12000=CARTESIAN_POINT('',(-0.0095,0.006,0.012));
#12001=CARTESIAN_POINT('',(-0.007,0.006,0.012));
#12002=CARTESIAN_POINT('',(-0.007,0.006,0.012));
#12003=CARTESIAN_POINT('',(-0.007,0.006,0.007));
#12004=CARTESIAN_POINT('',(-0.004,0.006,0.007));
#12005=CARTESIAN_POINT('',(0.,2.06659147356116E-19,0.004));
#12006=CARTESIAN_POINT('',(0.,2.06659147356116E-19,0.));
#12007=CARTESIAN_POINT('',(0.003375,2.06659147356116E-19,0.));
#12008=CARTESIAN_POINT('',(-0.019,0.,0.004));
#12009=CARTESIAN_POINT('',(-0.019,-0.006,0.001));
#12010=CARTESIAN_POINT('',(-0.019,0.,0.012));
#12011=CARTESIAN_POINT('',(-0.0065,0.,0.));
#12012=CARTESIAN_POINT('',(-0.019,-0.005,0.));
#12013=CARTESIAN_POINT('',(1.00607839320607E-18,-0.005,0.));
#12014=CARTESIAN_POINT('',(-0.018,-0.005,0.));
#12015=CARTESIAN_POINT('',(-0.018,0.006,0.));
#12016=CARTESIAN_POINT('',(-0.018,0.005,0.));
#12017=CARTESIAN_POINT('',(-0.0065,0.005,0.));
#12018=CARTESIAN_POINT('',(1.00431359135499E-18,0.005,0.));
#12019=CARTESIAN_POINT('',(1.69966166929439E-18,0.,0.));
#12020=CARTESIAN_POINT('',(-0.013,1.2245021820359E-18,0.));
#12021=CARTESIAN_POINT('',(-0.015875,1.2245021820359E-18,0.));
#12022=CARTESIAN_POINT('',(-0.007,1.7347234759768E-18,0.012));
#12023=CARTESIAN_POINT('',(-0.007,0.006,0.007));
#12024=CARTESIAN_POINT('',(-0.007,1.7347234759768E-18,0.012));
#12025=CARTESIAN_POINT('',(-0.0065,0.,0.012));
#12026=CARTESIAN_POINT('',(-0.013,1.40054515941333E-18,0.012));
#12027=CARTESIAN_POINT('',(-0.011375,1.40054515941333E-18,0.012));
#12028=CARTESIAN_POINT('',(-0.013,1.40054515941333E-18,-2.00000000000027E-6));
#12029=CARTESIAN_POINT('',(-0.013,1.40054515941333E-18,0.004));
#12030=CARTESIAN_POINT('',(-0.011375,1.40054515941333E-18,0.004));
#12031=CARTESIAN_POINT('',(-0.013,1.2245021820359E-18,0.251817621135332));
#12032=CARTESIAN_POINT('',(-0.013,1.2245021820359E-18,0.004));
#12033=CARTESIAN_POINT('',(-0.010125,1.2245021820359E-18,0.004));
#12034=CARTESIAN_POINT('',(-0.0065,0.,0.004));
#12035=CARTESIAN_POINT('',(1.69966166929439E-18,0.,0.001));
#12036=CARTESIAN_POINT('',(8.67361737988404E-19,0.006,0.001));
#12037=CARTESIAN_POINT('',(1.00607839320607E-18,-0.005,0.));
#12038=CARTESIAN_POINT('',(-0.0065,-0.005,0.));
#12039=CARTESIAN_POINT('',(-0.0141666666666667,-0.00116666666666666,-0.00383333333333333));
#12040=CARTESIAN_POINT('',(-0.0095,0.006,0.001));
#12041=CARTESIAN_POINT('',(-0.0158333333333334,0.00283333333333333,-0.00216666666666667));
#12042=CARTESIAN_POINT('',(-0.018,0.,0.));
#12043=CARTESIAN_POINT('',(-0.004,0.,0.007));
#12044=CARTESIAN_POINT('',(-0.0755,-0.0695,1.04083408558608E-17));
#12045=CARTESIAN_POINT('',(-0.0685,-0.034,1.04083408558608E-17));
#12046=CARTESIAN_POINT('',(0.,0.,0.));
#12047=CARTESIAN_POINT('',(0.1295,0.0473172798364531,-0.11667261889578));
#12048=CARTESIAN_POINT('',(0.1205,0.0649949493661167,-0.0989949493661166));
#12049=CARTESIAN_POINT('',(0.1305,-0.0272103917353152,-0.191200290467548));
#12050=CARTESIAN_POINT('',(0.1105,0.0649949493661167,-0.0989949493661166));
#12051=CARTESIAN_POINT('',(0.,0.,0.));
#12052=CARTESIAN_POINT('',(-0.0755,0.3395,-5.25656027878932E-17));
#12053=CARTESIAN_POINT('',(-0.075,0.2775,1.16701753817278E-17));
#12054=CARTESIAN_POINT('',(-0.0685,0.304,-4.54762110518182E-17));
#12055=CARTESIAN_POINT('',(-0.0685,0.304,-4.54762110518182E-17));
#12056=CARTESIAN_POINT('',(0.,0.,0.));
#12057=CARTESIAN_POINT('',(-0.1095,0.0338821413923574,-0.0678823605954596));
#12058=CARTESIAN_POINT('',(-0.1095,-0.034,2.60208521396521E-18));
#12059=CARTESIAN_POINT('',(-0.1195,-0.0292270277781926,-0.00477296932421098));
#12060=CARTESIAN_POINT('',(-0.0695,0.0649949493661167,-0.0989949493661166));
#12061=CARTESIAN_POINT('',(-0.1195,-0.0163223304703363,-0.0176776695296636));
#12062=CARTESIAN_POINT('',(0.,0.,0.));
#12063=CARTESIAN_POINT('',(0.0695,0.402994949366117,-0.0989949493661165));
#12064=CARTESIAN_POINT('',(0.1195,0.308772969324211,-0.00477297222180739));
#12065=CARTESIAN_POINT('',(0.1095,0.37188236059546,-0.0678821413923574));
#12066=CARTESIAN_POINT('',(0.1095,0.304,9.54097911787244E-17));
#12067=CARTESIAN_POINT('',(0.1195,0.321677669529663,-0.0176776695296636));
#12068=CARTESIAN_POINT('',(0.,0.,0.));
#12069=CARTESIAN_POINT('',(0.0685,-0.034,-2.35410446746488E-17));
#12070=CARTESIAN_POINT('',(0.0755,-0.0695,-2.10925088797182E-17));
#12071=CARTESIAN_POINT('',(0.0685,-0.034,-2.09389594606833E-17));
#12072=CARTESIAN_POINT('',(0.075,-0.0075,-7.35770053924665E-18));
#12073=CARTESIAN_POINT('',(0.,0.,0.));
#12074=CARTESIAN_POINT('',(-0.1305,-0.0272103917353151,-0.191200290467548));
#12075=CARTESIAN_POINT('',(-0.1105,0.0649949493661167,-0.0989949493661166));
#12076=CARTESIAN_POINT('',(-0.1295,0.0473172798364529,-0.11667261889578));
#12077=CARTESIAN_POINT('',(-0.1205,0.0649949493661167,-0.0989949493661165));
#12078=CARTESIAN_POINT('',(0.,0.,0.));
#12079=CARTESIAN_POINT('',(0.1205,0.402994949366117,-0.0989949493661166));
#12080=CARTESIAN_POINT('',(0.1105,0.402994949366117,-0.0989949493661166));
#12081=CARTESIAN_POINT('',(0.1295,0.385317279836453,-0.11667261889578));
#12082=CARTESIAN_POINT('',(0.1305,0.310789608264684,-0.191200290467548));
#12083=CARTESIAN_POINT('',(0.,0.,0.));
#12084=CARTESIAN_POINT('',(0.0685,0.304,1.7347234759768E-17));
#12085=CARTESIAN_POINT('',(0.0755,0.3395,0.));
#12086=CARTESIAN_POINT('',(0.0685,0.304,2.08166817117217E-17));
#12087=CARTESIAN_POINT('',(0.075,0.2775,1.38777878078145E-17));
#12088=CARTESIAN_POINT('',(0.,0.,0.));
#12089=CARTESIAN_POINT('',(-0.0544318966601196,-0.008,0.011875));
#12090=CARTESIAN_POINT('',(-0.0544318966601196,-0.0035,0.011875));
#12091=CARTESIAN_POINT('',(-0.0544318966601196,-0.0035,0.01055));
#12092=CARTESIAN_POINT('',(-0.0544318966601196,-0.008,0.011875));
#12093=CARTESIAN_POINT('',(-0.0544318966601196,-0.008,0.01055));
#12094=CARTESIAN_POINT('',(0.0544318966601196,-0.008,0.011875));
#12095=CARTESIAN_POINT('',(0.0544318966601196,-0.0035,0.011875));
#12096=CARTESIAN_POINT('',(0.0544318966601196,-0.0035,0.01055));
#12097=CARTESIAN_POINT('',(0.0544318966601196,-0.008,0.011875));
#12098=CARTESIAN_POINT('',(0.0544318966601196,-0.008,0.01055));
#12099=CARTESIAN_POINT('',(0.0544318966601196,-0.008,-0.011875));
#12100=CARTESIAN_POINT('',(0.0544318966601196,-0.0035,-0.011875));
#12101=CARTESIAN_POINT('',(0.0544318966601196,-0.0035,-0.0132));
#12102=CARTESIAN_POINT('',(0.0544318966601196,-0.008,-0.011875));
#12103=CARTESIAN_POINT('',(0.0544318966601196,-0.008,-0.0132));
#12104=CARTESIAN_POINT('',(-0.0544318966601196,-0.008,-0.011875));
#12105=CARTESIAN_POINT('',(-0.0544318966601196,-0.0035,-0.011875));
#12106=CARTESIAN_POINT('',(-0.0544318966601196,-0.0035,-0.0132));
#12107=CARTESIAN_POINT('',(-0.0544318966601196,-0.008,-0.011875));
#12108=CARTESIAN_POINT('',(-0.0544318966601196,-0.008,-0.0132));
#12109=CARTESIAN_POINT('',(0.044,-0.014,-0.0215));
#12110=CARTESIAN_POINT('',(0.044,-0.014,-0.0215));
#12111=CARTESIAN_POINT('',(0.044,-0.014,-0.0305));
#12112=CARTESIAN_POINT('',(0.0493151230926485,-0.00800000000000001,-0.00747325887777227));
#12113=CARTESIAN_POINT('',(0.0496695815335557,-0.00901359627317759,-0.00869149868083208));
#12114=CARTESIAN_POINT('',(0.0503401826267651,-0.0104407777584933,-0.0105390347750294));
#12115=CARTESIAN_POINT('',(0.0516976570925799,-0.0117599359471865,-0.0132066631725899));
#12116=CARTESIAN_POINT('',(0.0529880304309658,-0.0121562411825862,-0.0152664524409462));
#12117=CARTESIAN_POINT('',(0.0544649991466338,-0.0117591848868171,-0.017196309761721));
#12118=CARTESIAN_POINT('',(0.0564750863760099,-0.0104506853859548,-0.0193903793704187));
#12119=CARTESIAN_POINT('',(0.0579825083842543,-0.0090141783150424,-0.0206779853319776));
#12120=CARTESIAN_POINT('',(0.0589998690029074,-0.00800000000000001,-0.0214373111204712));
#12121=CARTESIAN_POINT('',(0.0493151230926485,-0.008,-0.00747325887777228));
#12122=CARTESIAN_POINT('',(0.0589998690029074,-0.008,-0.0214373111204712));
#12123=CARTESIAN_POINT('',(0.044,-0.008,-0.0215));
#12124=CARTESIAN_POINT('',(0.0328196601125011,-0.008,-0.0315));
#12125=CARTESIAN_POINT('',(0.055180339887499,-0.008,-0.0315));
#12126=CARTESIAN_POINT('',(0.0543492668142751,-0.00861944529533279,-0.0315));
#12127=CARTESIAN_POINT('',(0.0526607345236283,-0.0098172246475506,-0.0315));
#12128=CARTESIAN_POINT('',(0.0500242918174863,-0.0114039336726419,-0.0315));
#12129=CARTESIAN_POINT('',(0.0471342124470222,-0.012651063484559,-0.0315));
#12130=CARTESIAN_POINT('',(0.0445732026364034,-0.0130821570925409,-0.0315));
#12131=CARTESIAN_POINT('',(0.0424636292975612,-0.0129216555080502,-0.0315));
#12132=CARTESIAN_POINT('',(0.0404447379291782,-0.0124629636366405,-0.0315));
#12133=CARTESIAN_POINT('',(0.0380216574450126,-0.0114302401806841,-0.0315));
#12134=CARTESIAN_POINT('',(0.0353541380178003,-0.00982781257816776,-0.0315));
#12135=CARTESIAN_POINT('',(0.0336557097761979,-0.00862315462686401,-0.0315));
#12136=CARTESIAN_POINT('',(0.0328196601125011,-0.008,-0.0315));
#12137=CARTESIAN_POINT('',(0.055180339887499,-0.008,-0.0315));
#12138=CARTESIAN_POINT('',(0.044,-0.008,-0.0215));
#12139=CARTESIAN_POINT('',(0.044,-0.014,0.0215));
#12140=CARTESIAN_POINT('',(0.044,-0.014,0.0215));
#12141=CARTESIAN_POINT('',(0.044,-0.014,0.0125));
#12142=CARTESIAN_POINT('',(0.0589998690029074,-0.00800000000000001,0.0214373111204712));
#12143=CARTESIAN_POINT('',(0.0579830922524586,-0.0090135962731776,0.0206784211127386));
#12144=CARTESIAN_POINT('',(0.0564877096293587,-0.0104407777584933,0.0194029109183041));
#12145=CARTESIAN_POINT('',(0.0544649390239676,-0.0117599359471865,0.0171966975852884));
#12146=CARTESIAN_POINT('',(0.0529879494633148,-0.0121562411825862,0.0152663356968913));
#12147=CARTESIAN_POINT('',(0.051698041392594,-0.0117591848868171,0.0132067427675242));
#12148=CARTESIAN_POINT('',(0.0503474959629487,-0.0104506853859548,0.0105552490074003));
#12149=CARTESIAN_POINT('',(0.0496697850757918,-0.00901417831504239,0.00869219823605491));
#12150=CARTESIAN_POINT('',(0.0493151230926485,-0.008,0.00747325887777227));
#12151=CARTESIAN_POINT('',(0.0589998690029074,-0.008,0.0214373111204712));
#12152=CARTESIAN_POINT('',(0.0493151230926485,-0.008,0.00747325887777227));
#12153=CARTESIAN_POINT('',(0.044,-0.008,0.0215));
#12154=CARTESIAN_POINT('',(0.055180339887499,-0.008,0.0315));
#12155=CARTESIAN_POINT('',(0.0328196601125011,-0.008,0.0315));
#12156=CARTESIAN_POINT('',(0.033650733185725,-0.00861944529533279,0.0315));
#12157=CARTESIAN_POINT('',(0.0353392654763717,-0.00981722464755064,0.0315));
#12158=CARTESIAN_POINT('',(0.0379757081825137,-0.0114039336726419,0.0315));
#12159=CARTESIAN_POINT('',(0.0408657875529778,-0.012651063484559,0.0315));
#12160=CARTESIAN_POINT('',(0.0434267973635966,-0.0130821570925409,0.0315));
#12161=CARTESIAN_POINT('',(0.0455363707024388,-0.0129216555080502,0.0315));
#12162=CARTESIAN_POINT('',(0.0475552620708218,-0.0124629636366404,0.0315));
#12163=CARTESIAN_POINT('',(0.0499783425549875,-0.0114302401806841,0.0315));
#12164=CARTESIAN_POINT('',(0.0526458619821997,-0.00982781257816773,0.0315));
#12165=CARTESIAN_POINT('',(0.0543442902238021,-0.00862315462686401,0.0315));
#12166=CARTESIAN_POINT('',(0.055180339887499,-0.008,0.0315));
#12167=CARTESIAN_POINT('',(0.0328196601125011,-0.008,0.0315));
#12168=CARTESIAN_POINT('',(0.044,-0.008,0.0215));
#12169=CARTESIAN_POINT('',(-0.044,-0.014,-0.0215));
#12170=CARTESIAN_POINT('',(-0.044,-0.014,-0.0215));
#12171=CARTESIAN_POINT('',(-0.044,-0.014,-0.0305));
#12172=CARTESIAN_POINT('',(-0.0589998690029074,-0.00800000000000001,-0.0214373111204712));
#12173=CARTESIAN_POINT('',(-0.0579830922524586,-0.00901359627317759,-0.0206784211127386));
#12174=CARTESIAN_POINT('',(-0.0564877096293587,-0.0104407777584933,-0.0194029109183041));
#12175=CARTESIAN_POINT('',(-0.0544649390239676,-0.0117599359471865,-0.0171966975852885));
#12176=CARTESIAN_POINT('',(-0.0529879494633148,-0.0121562411825862,-0.0152663356968914));
#12177=CARTESIAN_POINT('',(-0.051698041392594,-0.0117591848868171,-0.0132067427675242));
#12178=CARTESIAN_POINT('',(-0.0503474959629488,-0.0104506853859549,-0.0105552490074003));
#12179=CARTESIAN_POINT('',(-0.0496697850757918,-0.0090141783150424,-0.00869219823605493));
#12180=CARTESIAN_POINT('',(-0.0493151230926485,-0.00800000000000002,-0.00747325887777228));
#12181=CARTESIAN_POINT('',(-0.0589998690029074,-0.008,-0.0214373111204712));
#12182=CARTESIAN_POINT('',(-0.0493151230926485,-0.008,-0.0074732588777723));
#12183=CARTESIAN_POINT('',(-0.044,-0.008,-0.0215));
#12184=CARTESIAN_POINT('',(-0.055180339887499,-0.008,-0.0315));
#12185=CARTESIAN_POINT('',(-0.0328196601125011,-0.008,-0.0315));
#12186=CARTESIAN_POINT('',(-0.033650733185725,-0.00861944529533279,-0.0315));
#12187=CARTESIAN_POINT('',(-0.0353392654763717,-0.00981722464755064,-0.0315));
#12188=CARTESIAN_POINT('',(-0.0379757081825137,-0.0114039336726419,-0.0315));
#12189=CARTESIAN_POINT('',(-0.0408657875529778,-0.012651063484559,-0.0315));
#12190=CARTESIAN_POINT('',(-0.0434267973635966,-0.0130821570925409,-0.0315));
#12191=CARTESIAN_POINT('',(-0.0455363707024388,-0.0129216555080502,-0.0315));
#12192=CARTESIAN_POINT('',(-0.0475552620708218,-0.0124629636366404,-0.0315));
#12193=CARTESIAN_POINT('',(-0.0499783425549875,-0.0114302401806841,-0.0315));
#12194=CARTESIAN_POINT('',(-0.0526458619821997,-0.00982781257816773,-0.0315));
#12195=CARTESIAN_POINT('',(-0.0543442902238021,-0.00862315462686401,-0.0315));
#12196=CARTESIAN_POINT('',(-0.055180339887499,-0.008,-0.0315));
#12197=CARTESIAN_POINT('',(-0.0328196601125011,-0.008,-0.0315));
#12198=CARTESIAN_POINT('',(-0.044,-0.008,-0.0215));
#12199=CARTESIAN_POINT('',(-0.044,-0.014,0.0215));
#12200=CARTESIAN_POINT('',(-0.044,-0.014,0.0215));
#12201=CARTESIAN_POINT('',(-0.044,-0.014,0.0125));
#12202=CARTESIAN_POINT('',(-0.0493151230926485,-0.008,0.00747325887777228));
#12203=CARTESIAN_POINT('',(-0.0496695815335557,-0.00901359627317759,0.00869149868083209));
#12204=CARTESIAN_POINT('',(-0.050340182626765,-0.0104407777584932,0.0105390347750294));
#12205=CARTESIAN_POINT('',(-0.0516976570925799,-0.0117599359471865,0.0132066631725899));
#12206=CARTESIAN_POINT('',(-0.0529880304309658,-0.0121562411825862,0.0152664524409463));
#12207=CARTESIAN_POINT('',(-0.0544649991466338,-0.0117591848868171,0.017196309761721));
#12208=CARTESIAN_POINT('',(-0.0564750863760099,-0.0104506853859548,0.0193903793704187));
#12209=CARTESIAN_POINT('',(-0.0579825083842543,-0.00901417831504239,0.0206779853319776));
#12210=CARTESIAN_POINT('',(-0.0589998690029074,-0.00800000000000001,0.0214373111204712));
#12211=CARTESIAN_POINT('',(-0.0493151230926485,-0.008,0.00747325887777228));
#12212=CARTESIAN_POINT('',(-0.0589998690029074,-0.008,0.0214373111204712));
#12213=CARTESIAN_POINT('',(-0.044,-0.008,0.0215));
#12214=CARTESIAN_POINT('',(-0.0328196601125011,-0.008,0.0315));
#12215=CARTESIAN_POINT('',(-0.055180339887499,-0.008,0.0315));
#12216=CARTESIAN_POINT('',(-0.0543492668142751,-0.00861944529533279,0.0315));
#12217=CARTESIAN_POINT('',(-0.0526607345236283,-0.00981722464755059,0.0315));
#12218=CARTESIAN_POINT('',(-0.0500242918174863,-0.0114039336726419,0.0315));
#12219=CARTESIAN_POINT('',(-0.0471342124470222,-0.012651063484559,0.0315));
#12220=CARTESIAN_POINT('',(-0.0445732026364034,-0.0130821570925409,0.0315));
#12221=CARTESIAN_POINT('',(-0.0424636292975612,-0.0129216555080502,0.0315));
#12222=CARTESIAN_POINT('',(-0.0404447379291782,-0.0124629636366405,0.0315));
#12223=CARTESIAN_POINT('',(-0.0380216574450126,-0.0114302401806841,0.0315));
#12224=CARTESIAN_POINT('',(-0.0353541380178003,-0.00982781257816776,0.0315));
#12225=CARTESIAN_POINT('',(-0.0336557097761979,-0.00862315462686401,0.0315));
#12226=CARTESIAN_POINT('',(-0.0328196601125011,-0.008,0.0315));
#12227=CARTESIAN_POINT('',(-0.055180339887499,-0.008,0.0315));
#12228=CARTESIAN_POINT('',(-0.044,-0.008,0.0215));
#12229=CARTESIAN_POINT('',(-0.044,-0.008,0.0215));
#12230=CARTESIAN_POINT('',(-0.044,-0.008,0.0215));
#12231=CARTESIAN_POINT('',(-0.044,-0.008,0.018875));
#12232=CARTESIAN_POINT('',(-0.044,-0.0025,0.0215));
#12233=CARTESIAN_POINT('',(-0.044,-0.0025,0.018875));
#12234=CARTESIAN_POINT('',(-0.044,-0.008,-0.0215));
#12235=CARTESIAN_POINT('',(-0.044,-0.008,-0.0215));
#12236=CARTESIAN_POINT('',(-0.044,-0.008,-0.024125));
#12237=CARTESIAN_POINT('',(-0.044,-0.0025,-0.0215));
#12238=CARTESIAN_POINT('',(-0.044,-0.0025,-0.024125));
#12239=CARTESIAN_POINT('',(0.044,-0.008,0.0215));
#12240=CARTESIAN_POINT('',(0.044,-0.008,0.0215));
#12241=CARTESIAN_POINT('',(0.044,-0.008,0.018875));
#12242=CARTESIAN_POINT('',(0.044,-0.0025,0.0215));
#12243=CARTESIAN_POINT('',(0.044,-0.0025,0.018875));
#12244=CARTESIAN_POINT('',(0.044,-0.008,-0.0215));
#12245=CARTESIAN_POINT('',(0.044,-0.008,-0.0215));
#12246=CARTESIAN_POINT('',(0.044,-0.008,-0.024125));
#12247=CARTESIAN_POINT('',(0.044,-0.0025,-0.0215));
#12248=CARTESIAN_POINT('',(0.044,-0.0025,-0.024125));
#12249=CARTESIAN_POINT('',(-0.075,-0.008,-0.02375));
#12250=CARTESIAN_POINT('',(-0.075,-0.008,-0.02375));
#12251=CARTESIAN_POINT('',(-0.075,-0.008,-0.025075));
#12252=CARTESIAN_POINT('',(-0.075,-0.0035,-0.02375));
#12253=CARTESIAN_POINT('',(-0.075,-0.0035,-0.025075));
#12254=CARTESIAN_POINT('',(-0.0955681033398805,-0.008,-0.011875));
#12255=CARTESIAN_POINT('',(-0.0955681033398805,-0.008,-0.011875));
#12256=CARTESIAN_POINT('',(-0.0955681033398805,-0.008,-0.0132));
#12257=CARTESIAN_POINT('',(-0.0955681033398805,-0.0035,-0.011875));
#12258=CARTESIAN_POINT('',(-0.0955681033398805,-0.0035,-0.0132));
#12259=CARTESIAN_POINT('',(-0.0955681033398804,-0.008,0.011875));
#12260=CARTESIAN_POINT('',(-0.0955681033398804,-0.008,0.011875));
#12261=CARTESIAN_POINT('',(-0.0955681033398804,-0.008,0.01055));
#12262=CARTESIAN_POINT('',(-0.0955681033398804,-0.0035,0.011875));
#12263=CARTESIAN_POINT('',(-0.0955681033398804,-0.0035,0.01055));
#12264=CARTESIAN_POINT('',(-0.075,-0.008,0.02375));
#12265=CARTESIAN_POINT('',(-0.075,-0.008,0.02375));
#12266=CARTESIAN_POINT('',(-0.075,-0.008,0.022425));
#12267=CARTESIAN_POINT('',(-0.075,-0.0035,0.02375));
#12268=CARTESIAN_POINT('',(-0.075,-0.0035,0.022425));
#12269=CARTESIAN_POINT('',(0.0955681033398804,-0.008,0.011875));
#12270=CARTESIAN_POINT('',(0.0955681033398804,-0.008,0.011875));
#12271=CARTESIAN_POINT('',(0.0955681033398804,-0.008,0.01055));
#12272=CARTESIAN_POINT('',(0.0955681033398804,-0.0035,0.011875));
#12273=CARTESIAN_POINT('',(0.0955681033398804,-0.0035,0.01055));
#12274=CARTESIAN_POINT('',(0.075,-0.008,-0.02375));
#12275=CARTESIAN_POINT('',(0.075,-0.008,-0.02375));
#12276=CARTESIAN_POINT('',(0.075,-0.008,-0.025075));
#12277=CARTESIAN_POINT('',(0.075,-0.0035,-0.02375));
#12278=CARTESIAN_POINT('',(0.075,-0.0035,-0.025075));
#12279=CARTESIAN_POINT('',(0.075,-0.008,0.02375));
#12280=CARTESIAN_POINT('',(0.075,-0.008,0.02375));
#12281=CARTESIAN_POINT('',(0.075,-0.008,0.022425));
#12282=CARTESIAN_POINT('',(0.075,-0.0035,0.02375));
#12283=CARTESIAN_POINT('',(0.075,-0.0035,0.022425));
#12284=CARTESIAN_POINT('',(0.0955681033398805,-0.008,-0.011875));
#12285=CARTESIAN_POINT('',(0.0955681033398805,-0.008,-0.011875));
#12286=CARTESIAN_POINT('',(0.0955681033398805,-0.008,-0.0132));
#12287=CARTESIAN_POINT('',(0.0955681033398805,-0.0035,-0.011875));
#12288=CARTESIAN_POINT('',(0.0955681033398805,-0.0035,-0.0132));
#12289=CARTESIAN_POINT('',(0.,-0.008,0.));
#12290=CARTESIAN_POINT('',(0.044,-0.008,-0.0215));
#12291=CARTESIAN_POINT('',(0.044,-0.008,-0.027575));
#12292=CARTESIAN_POINT('',(0.,-0.008,0.));
#12293=CARTESIAN_POINT('',(0.044,-0.008,0.0215));
#12294=CARTESIAN_POINT('',(0.044,-0.008,0.015425));
#12295=CARTESIAN_POINT('',(0.,-0.008,0.));
#12296=CARTESIAN_POINT('',(-0.044,-0.008,-0.0215));
#12297=CARTESIAN_POINT('',(-0.044,-0.008,-0.027575));
#12298=CARTESIAN_POINT('',(0.,-0.008,0.));
#12299=CARTESIAN_POINT('',(-0.044,-0.008,0.0215));
#12300=CARTESIAN_POINT('',(-0.044,-0.008,0.015425));
#12301=CARTESIAN_POINT('',(-0.0375,-0.008,0.0315));
#12302=CARTESIAN_POINT('',(-0.0375,0.,0.0315));
#12303=CARTESIAN_POINT('',(-0.075,0.,0.0315));
#12304=CARTESIAN_POINT('',(0.075,0.,0.0315));
#12305=CARTESIAN_POINT('',(-0.075,-0.008,0.0315));
#12306=CARTESIAN_POINT('',(-0.075,-0.008,0.0315));
#12307=CARTESIAN_POINT('',(-0.0375,-0.008,0.0315));
#12308=CARTESIAN_POINT('',(-0.0375,-0.008,0.0315));
#12309=CARTESIAN_POINT('',(-0.0375,-0.008,0.0315));
#12310=CARTESIAN_POINT('',(0.075,-0.008,0.0315));
#12311=CARTESIAN_POINT('',(0.075,-0.008,0.0315));
#12312=CARTESIAN_POINT('',(-0.075,-0.008,-6.93889390390723E-18));
#12313=CARTESIAN_POINT('',(-0.075,0.,-6.93889390390723E-18));
#12314=CARTESIAN_POINT('',(-0.075,0.,-0.0315));
#12315=CARTESIAN_POINT('',(-0.075,-0.008,-0.0315));
#12316=CARTESIAN_POINT('',(-0.075,-0.008,-0.0315));
#12317=CARTESIAN_POINT('',(-0.075,-0.008,-6.93889390390723E-18));
#12318=CARTESIAN_POINT('',(-0.0375,-0.008,-0.0315));
#12319=CARTESIAN_POINT('',(-0.0375,0.,-0.0315));
#12320=CARTESIAN_POINT('',(0.075,0.,-0.0315));
#12321=CARTESIAN_POINT('',(0.075,-0.008,-0.0315));
#12322=CARTESIAN_POINT('',(0.075,-0.008,-0.0315));
#12323=CARTESIAN_POINT('',(-0.0375,-0.008,-0.0315));
#12324=CARTESIAN_POINT('',(-0.0375,-0.008,-0.0315));
#12325=CARTESIAN_POINT('',(-0.0375,-0.008,-0.0315));
#12326=CARTESIAN_POINT('',(1.7347234759768E-18,-0.008,-0.01945));
#12327=CARTESIAN_POINT('',(1.7347234759768E-18,0.,-0.01945));
#12328=CARTESIAN_POINT('',(-0.008,0.,-0.01945));
#12329=CARTESIAN_POINT('',(0.008,0.,-0.01945));
#12330=CARTESIAN_POINT('',(0.008,-0.008,-0.01945));
#12331=CARTESIAN_POINT('',(0.008,-0.008,-0.01945));
#12332=CARTESIAN_POINT('',(1.7347234759768E-18,-0.008,-0.01945));
#12333=CARTESIAN_POINT('',(-0.008,-0.008,-0.01945));
#12334=CARTESIAN_POINT('',(-0.008,-0.008,-0.01945));
#12335=CARTESIAN_POINT('',(0.008,-0.008,-0.0215));
#12336=CARTESIAN_POINT('',(0.008,0.,-0.0215));
#12337=CARTESIAN_POINT('',(0.008,0.,-0.02355));
#12338=CARTESIAN_POINT('',(0.008,-0.008,-0.02355));
#12339=CARTESIAN_POINT('',(0.008,-0.008,-0.02355));
#12340=CARTESIAN_POINT('',(0.008,-0.008,-0.0215));
#12341=CARTESIAN_POINT('',(8.67361737988404E-19,-0.008,-0.02355));
#12342=CARTESIAN_POINT('',(8.67361737988404E-19,0.,-0.02355));
#12343=CARTESIAN_POINT('',(-0.008,0.,-0.02355));
#12344=CARTESIAN_POINT('',(-0.008,-0.008,-0.02355));
#12345=CARTESIAN_POINT('',(-0.008,-0.008,-0.02355));
#12346=CARTESIAN_POINT('',(8.67361737988404E-19,-0.008,-0.02355));
#12347=CARTESIAN_POINT('',(-0.008,-0.008,0.0215));
#12348=CARTESIAN_POINT('',(-0.008,0.,0.0215));
#12349=CARTESIAN_POINT('',(-0.008,0.,0.02355));
#12350=CARTESIAN_POINT('',(-0.008,0.,0.01945));
#12351=CARTESIAN_POINT('',(-0.008,-0.008,0.02355));
#12352=CARTESIAN_POINT('',(-0.008,-0.008,0.02355));
#12353=CARTESIAN_POINT('',(-0.008,-0.008,0.0215));
#12354=CARTESIAN_POINT('',(-0.008,-0.008,0.01945));
#12355=CARTESIAN_POINT('',(-0.008,-0.008,0.01945));
#12356=CARTESIAN_POINT('',(8.67361737988404E-19,-0.008,0.02355));
#12357=CARTESIAN_POINT('',(8.67361737988404E-19,0.,0.02355));
#12358=CARTESIAN_POINT('',(0.008,0.,0.02355));
#12359=CARTESIAN_POINT('',(0.008,-0.008,0.02355));
#12360=CARTESIAN_POINT('',(0.008,-0.008,0.02355));
#12361=CARTESIAN_POINT('',(8.67361737988404E-19,-0.008,0.02355));
#12362=CARTESIAN_POINT('',(0.008,-0.008,0.0215));
#12363=CARTESIAN_POINT('',(0.008,0.,0.0215));
#12364=CARTESIAN_POINT('',(0.008,0.,0.01945));
#12365=CARTESIAN_POINT('',(0.008,-0.008,0.01945));
#12366=CARTESIAN_POINT('',(0.008,-0.008,0.01945));
#12367=CARTESIAN_POINT('',(0.008,-0.008,0.0215));
#12368=CARTESIAN_POINT('',(0.032,-0.008,1.77809156287623E-17));
#12369=CARTESIAN_POINT('',(0.032,0.,1.77809156287623E-17));
#12370=CARTESIAN_POINT('',(0.032,0.,0.0035));
#12371=CARTESIAN_POINT('',(0.032,0.,-0.0035));
#12372=CARTESIAN_POINT('',(0.032,-0.008,-0.0035));
#12373=CARTESIAN_POINT('',(0.032,-0.008,-0.0035));
#12374=CARTESIAN_POINT('',(0.032,-0.008,1.77809156287623E-17));
#12375=CARTESIAN_POINT('',(0.032,-0.008,0.0035));
#12376=CARTESIAN_POINT('',(0.032,-0.008,0.0035));
#12377=CARTESIAN_POINT('',(0.024,-0.008,-0.0035));
#12378=CARTESIAN_POINT('',(0.024,0.,-0.0035));
#12379=CARTESIAN_POINT('',(0.016,0.,-0.0035));
#12380=CARTESIAN_POINT('',(0.016,-0.008,-0.0035));
#12381=CARTESIAN_POINT('',(0.016,-0.008,-0.0035));
#12382=CARTESIAN_POINT('',(0.024,-0.008,-0.0035));
#12383=CARTESIAN_POINT('',(0.016,-0.008,9.10729824887824E-18));
#12384=CARTESIAN_POINT('',(0.016,0.,9.10729824887824E-18));
#12385=CARTESIAN_POINT('',(0.016,0.,0.0035));
#12386=CARTESIAN_POINT('',(0.016,-0.008,0.0035));
#12387=CARTESIAN_POINT('',(0.016,-0.008,0.0035));
#12388=CARTESIAN_POINT('',(0.016,-0.008,9.10729824887824E-18));
#12389=CARTESIAN_POINT('',(-0.032,-0.008,9.97465998686664E-18));
#12390=CARTESIAN_POINT('',(-0.032,0.,9.97465998686664E-18));
#12391=CARTESIAN_POINT('',(-0.032,0.,0.0035));
#12392=CARTESIAN_POINT('',(-0.032,0.,-0.0035));
#12393=CARTESIAN_POINT('',(-0.032,-0.008,0.0035));
#12394=CARTESIAN_POINT('',(-0.032,-0.008,0.0035));
#12395=CARTESIAN_POINT('',(-0.032,-0.008,9.97465998686664E-18));
#12396=CARTESIAN_POINT('',(-0.032,-0.008,-0.0035));
#12397=CARTESIAN_POINT('',(-0.032,-0.008,-0.0035));
#12398=CARTESIAN_POINT('',(-0.024,-0.008,0.0035));
#12399=CARTESIAN_POINT('',(-0.024,0.,0.0035));
#12400=CARTESIAN_POINT('',(-0.016,0.,0.0035));
#12401=CARTESIAN_POINT('',(-0.016,-0.008,0.0035));
#12402=CARTESIAN_POINT('',(-0.016,-0.008,0.0035));
#12403=CARTESIAN_POINT('',(-0.024,-0.008,0.0035));
#12404=CARTESIAN_POINT('',(-0.016,-0.008,5.20417042793042E-18));
#12405=CARTESIAN_POINT('',(-0.016,0.,5.20417042793042E-18));
#12406=CARTESIAN_POINT('',(-0.016,0.,-0.0035));
#12407=CARTESIAN_POINT('',(-0.016,-0.008,-0.0035));
#12408=CARTESIAN_POINT('',(-0.016,-0.008,-0.0035));
#12409=CARTESIAN_POINT('',(-0.016,-0.008,5.20417042793042E-18));
#12410=CARTESIAN_POINT('',(-0.075,-0.008,-2.66112243760181E-18));
#12411=CARTESIAN_POINT('',(-0.075,-0.008,-2.66112243760181E-18));
#12412=CARTESIAN_POINT('',(-0.075,-0.008,-0.02));
#12413=CARTESIAN_POINT('',(-0.075,0.,-2.66112243760181E-18));
#12414=CARTESIAN_POINT('',(-0.075,0.,-0.02));
#12415=CARTESIAN_POINT('',(0.024,-0.008,-0.01));
#12416=CARTESIAN_POINT('',(0.024,-0.008,-0.01));
#12417=CARTESIAN_POINT('',(0.024,-0.008,-0.01205));
#12418=CARTESIAN_POINT('',(0.024,0.,-0.01));
#12419=CARTESIAN_POINT('',(0.024,0.,-0.01205));
#12420=CARTESIAN_POINT('',(0.024,-0.008,-0.0215));
#12421=CARTESIAN_POINT('',(0.024,-0.008,-0.0215));
#12422=CARTESIAN_POINT('',(0.024,-0.008,-0.02355));
#12423=CARTESIAN_POINT('',(0.024,0.,-0.0215));
#12424=CARTESIAN_POINT('',(0.024,0.,-0.02355));
#12425=CARTESIAN_POINT('',(0.,-0.008,1.25526296912604E-19));
#12426=CARTESIAN_POINT('',(0.,-0.008,1.25526296912604E-19));
#12427=CARTESIAN_POINT('',(0.,-0.008,-0.00205));
#12428=CARTESIAN_POINT('',(0.,0.,1.25526296912604E-19));
#12429=CARTESIAN_POINT('',(0.,0.,-0.00205));
#12430=CARTESIAN_POINT('',(0.024,-0.008,0.0215));
#12431=CARTESIAN_POINT('',(0.024,-0.008,0.0215));
#12432=CARTESIAN_POINT('',(0.024,-0.008,0.01945));
#12433=CARTESIAN_POINT('',(0.024,0.,0.0215));
#12434=CARTESIAN_POINT('',(0.024,0.,0.01945));
#12435=CARTESIAN_POINT('',(-0.024,-0.008,-0.0215));
#12436=CARTESIAN_POINT('',(-0.024,-0.008,-0.0215));
#12437=CARTESIAN_POINT('',(-0.024,-0.008,-0.02355));
#12438=CARTESIAN_POINT('',(-0.024,0.,-0.0215));
#12439=CARTESIAN_POINT('',(-0.024,0.,-0.02355));
#12440=CARTESIAN_POINT('',(-0.024,-0.008,0.0215));
#12441=CARTESIAN_POINT('',(-0.024,-0.008,0.0215));
#12442=CARTESIAN_POINT('',(-0.024,-0.008,0.01945));
#12443=CARTESIAN_POINT('',(-0.024,0.,0.0215));
#12444=CARTESIAN_POINT('',(-0.024,0.,0.01945));
#12445=CARTESIAN_POINT('',(0.024,-0.008,0.01));
#12446=CARTESIAN_POINT('',(0.024,-0.008,0.01));
#12447=CARTESIAN_POINT('',(0.024,-0.008,0.00795));
#12448=CARTESIAN_POINT('',(0.024,0.,0.01));
#12449=CARTESIAN_POINT('',(0.024,0.,0.00795));
#12450=CARTESIAN_POINT('',(-0.024,-0.008,-0.01));
#12451=CARTESIAN_POINT('',(-0.024,-0.008,-0.01));
#12452=CARTESIAN_POINT('',(-0.024,-0.008,-0.01205));
#12453=CARTESIAN_POINT('',(-0.024,0.,-0.01));
#12454=CARTESIAN_POINT('',(-0.024,0.,-0.01205));
#12455=CARTESIAN_POINT('',(-0.024,-0.008,0.01));
#12456=CARTESIAN_POINT('',(-0.024,-0.008,0.01));
#12457=CARTESIAN_POINT('',(-0.024,-0.008,0.00795));
#12458=CARTESIAN_POINT('',(-0.024,0.,0.01));
#12459=CARTESIAN_POINT('',(-0.024,0.,0.00795));
#12460=CARTESIAN_POINT('',(0.075,-0.008,-2.66112243760164E-18));
#12461=CARTESIAN_POINT('',(0.075,-0.008,-2.66112243760164E-18));
#12462=CARTESIAN_POINT('',(0.075,-0.008,-0.02));
#12463=CARTESIAN_POINT('',(0.075,0.,-2.66112243760164E-18));
#12464=CARTESIAN_POINT('',(0.075,0.,-0.02));
#12465=CARTESIAN_POINT('',(-0.008,-0.008,-0.0215));
#12466=CARTESIAN_POINT('',(-0.008,0.,-0.0215));
#12467=CARTESIAN_POINT('',(-0.008,-0.008,-0.0215));
#12468=CARTESIAN_POINT('',(1.7347234759768E-18,-0.008,0.01945));
#12469=CARTESIAN_POINT('',(1.7347234759768E-18,0.,0.01945));
#12470=CARTESIAN_POINT('',(1.7347234759768E-18,-0.008,0.01945));
#12471=CARTESIAN_POINT('',(0.024,-0.008,0.0035));
#12472=CARTESIAN_POINT('',(0.024,0.,0.0035));
#12473=CARTESIAN_POINT('',(0.024,-0.008,0.0035));
#12474=CARTESIAN_POINT('',(-0.024,-0.008,-0.0035));
#12475=CARTESIAN_POINT('',(-0.024,0.,-0.0035));
#12476=CARTESIAN_POINT('',(-0.024,-0.008,-0.0035));
#12477=CARTESIAN_POINT('',(0.075,-0.008,6.93889390390723E-18));
#12478=CARTESIAN_POINT('',(0.075,0.,6.93889390390723E-18));
#12479=CARTESIAN_POINT('',(0.075,-0.008,6.93889390390723E-18));
#12480=CARTESIAN_POINT('',(0.,-0.008,0.));
#12481=CARTESIAN_POINT('',(0.075,-0.008,-1.14562202365696E-18));
#12482=CARTESIAN_POINT('',(0.075,-0.008,-1.14562202365696E-18));
#12483=CARTESIAN_POINT('',(-0.075,-0.008,-1.14562202365696E-18));
#12484=CARTESIAN_POINT('',(-0.075,-0.008,-1.14562202365696E-18));
#12485=CARTESIAN_POINT('',(0.,0.,0.));
#12486=CARTESIAN_POINT('',(-0.044,0.,0.0215));
#12487=CARTESIAN_POINT('',(-0.044,0.,0.02625));
#12488=CARTESIAN_POINT('',(-0.044,0.,-0.0215));
#12489=CARTESIAN_POINT('',(-0.044,0.,-0.01675));
#12490=CARTESIAN_POINT('',(0.044,0.,-0.0215));
#12491=CARTESIAN_POINT('',(0.044,0.,-0.01675));
#12492=CARTESIAN_POINT('',(0.044,0.,0.0215));
#12493=CARTESIAN_POINT('',(0.044,0.,0.02625));
#12494=CARTESIAN_POINT('',(0.075,0.,-0.02375));
#12495=CARTESIAN_POINT('',(0.075,0.,-0.0215));
#12496=CARTESIAN_POINT('',(0.0955681033398804,0.,0.011875));
#12497=CARTESIAN_POINT('',(0.0955681033398804,0.,0.014125));
#12498=CARTESIAN_POINT('',(0.0955681033398805,0.,-0.011875));
#12499=CARTESIAN_POINT('',(0.0955681033398805,0.,-0.009625));
#12500=CARTESIAN_POINT('',(0.075,0.,0.02375));
#12501=CARTESIAN_POINT('',(0.075,0.,0.026));
#12502=CARTESIAN_POINT('',(0.0544318966601196,0.,-0.011875));
#12503=CARTESIAN_POINT('',(0.0544318966601196,0.,-0.009625));
#12504=CARTESIAN_POINT('',(-0.075,0.,-0.02375));
#12505=CARTESIAN_POINT('',(-0.075,0.,-0.0215));
#12506=CARTESIAN_POINT('',(-0.0955681033398805,0.,-0.011875));
#12507=CARTESIAN_POINT('',(-0.0955681033398805,0.,-0.009625));
#12508=CARTESIAN_POINT('',(-0.0955681033398804,0.,0.011875));
#12509=CARTESIAN_POINT('',(-0.0955681033398804,0.,0.014125));
#12510=CARTESIAN_POINT('',(-0.075,0.,0.02375));
#12511=CARTESIAN_POINT('',(-0.075,0.,0.026));
#12512=CARTESIAN_POINT('',(-0.0544318966601196,0.,0.011875));
#12513=CARTESIAN_POINT('',(-0.0544318966601196,0.,0.014125));
#12514=CARTESIAN_POINT('',(-0.0544318966601196,0.,-0.011875));
#12515=CARTESIAN_POINT('',(-0.0544318966601196,0.,-0.009625));
#12516=CARTESIAN_POINT('',(0.0544318966601196,0.,0.011875));
#12517=CARTESIAN_POINT('',(0.0544318966601196,0.,0.014125));
#12518=CARTESIAN_POINT('',(-0.044,-0.014,0.0215));
#12519=CARTESIAN_POINT('',(-0.044,-0.014,0.0215));
#12520=CARTESIAN_POINT('',(-0.044,-0.014,0.015425));
#12521=CARTESIAN_POINT('',(1.38777878078145E-17,-0.014,0.));
#12522=CARTESIAN_POINT('',(-0.044,-0.014,-0.0215));
#12523=CARTESIAN_POINT('',(-0.044,-0.014,-0.0215));
#12524=CARTESIAN_POINT('',(-0.044,-0.014,-0.027575));
#12525=CARTESIAN_POINT('',(1.38777878078145E-17,-0.014,0.));
#12526=CARTESIAN_POINT('',(0.044,-0.014,0.0215));
#12527=CARTESIAN_POINT('',(0.044,-0.014,0.0215));
#12528=CARTESIAN_POINT('',(0.044,-0.014,0.015425));
#12529=CARTESIAN_POINT('',(1.38777878078145E-17,-0.014,0.));
#12530=CARTESIAN_POINT('',(0.044,-0.014,-0.0215));
#12531=CARTESIAN_POINT('',(0.044,-0.014,-0.0215));
#12532=CARTESIAN_POINT('',(0.044,-0.014,-0.027575));
#12533=CARTESIAN_POINT('',(1.38777878078145E-17,-0.014,0.));
#12534=CARTESIAN_POINT('',(0.0544318966601196,-0.0035,0.011875));
#12535=CARTESIAN_POINT('',(0.0544318966601196,-0.0035,0.011875));
#12536=CARTESIAN_POINT('',(0.0544318966601196,-0.0035,0.014125));
#12537=CARTESIAN_POINT('',(1.38777878078145E-17,-0.0035,0.));
#12538=CARTESIAN_POINT('',(-0.0544318966601196,-0.0035,-0.011875));
#12539=CARTESIAN_POINT('',(-0.0544318966601196,-0.0035,-0.011875));
#12540=CARTESIAN_POINT('',(-0.0544318966601196,-0.0035,-0.009625));
#12541=CARTESIAN_POINT('',(1.38777878078145E-17,-0.0035,0.));
#12542=CARTESIAN_POINT('',(-0.0544318966601196,-0.0035,0.011875));
#12543=CARTESIAN_POINT('',(-0.0544318966601196,-0.0035,0.011875));
#12544=CARTESIAN_POINT('',(-0.0544318966601196,-0.0035,0.014125));
#12545=CARTESIAN_POINT('',(1.38777878078145E-17,-0.0035,0.));
#12546=CARTESIAN_POINT('',(-0.075,-0.0035,0.02375));
#12547=CARTESIAN_POINT('',(-0.075,-0.0035,0.02375));
#12548=CARTESIAN_POINT('',(-0.075,-0.0035,0.026));
#12549=CARTESIAN_POINT('',(1.38777878078145E-17,-0.0035,0.));
#12550=CARTESIAN_POINT('',(-0.0955681033398804,-0.0035,0.011875));
#12551=CARTESIAN_POINT('',(-0.0955681033398804,-0.0035,0.011875));
#12552=CARTESIAN_POINT('',(-0.0955681033398804,-0.0035,0.014125));
#12553=CARTESIAN_POINT('',(1.38777878078145E-17,-0.0035,0.));
#12554=CARTESIAN_POINT('',(-0.0955681033398805,-0.0035,-0.011875));
#12555=CARTESIAN_POINT('',(-0.0955681033398805,-0.0035,-0.011875));
#12556=CARTESIAN_POINT('',(-0.0955681033398805,-0.0035,-0.009625));
#12557=CARTESIAN_POINT('',(1.38777878078145E-17,-0.0035,0.));
#12558=CARTESIAN_POINT('',(-0.075,-0.0035,-0.02375));
#12559=CARTESIAN_POINT('',(-0.075,-0.0035,-0.02375));
#12560=CARTESIAN_POINT('',(-0.075,-0.0035,-0.0215));
#12561=CARTESIAN_POINT('',(1.38777878078145E-17,-0.0035,0.));
#12562=CARTESIAN_POINT('',(0.0544318966601196,-0.0035,-0.011875));
#12563=CARTESIAN_POINT('',(0.0544318966601196,-0.0035,-0.011875));
#12564=CARTESIAN_POINT('',(0.0544318966601196,-0.0035,-0.009625));
#12565=CARTESIAN_POINT('',(1.38777878078145E-17,-0.0035,0.));
#12566=CARTESIAN_POINT('',(0.075,-0.0035,0.02375));
#12567=CARTESIAN_POINT('',(0.075,-0.0035,0.02375));
#12568=CARTESIAN_POINT('',(0.075,-0.0035,0.026));
#12569=CARTESIAN_POINT('',(1.38777878078145E-17,-0.0035,0.));
#12570=CARTESIAN_POINT('',(0.0955681033398805,-0.0035,-0.011875));
#12571=CARTESIAN_POINT('',(0.0955681033398805,-0.0035,-0.011875));
#12572=CARTESIAN_POINT('',(0.0955681033398805,-0.0035,-0.009625));
#12573=CARTESIAN_POINT('',(1.38777878078145E-17,-0.0035,0.));
#12574=CARTESIAN_POINT('',(0.0955681033398804,-0.0035,0.011875));
#12575=CARTESIAN_POINT('',(0.0955681033398804,-0.0035,0.011875));
#12576=CARTESIAN_POINT('',(0.0955681033398804,-0.0035,0.014125));
#12577=CARTESIAN_POINT('',(1.38777878078145E-17,-0.0035,0.));
#12578=CARTESIAN_POINT('',(0.075,-0.0035,-0.02375));
#12579=CARTESIAN_POINT('',(0.075,-0.0035,-0.02375));
#12580=CARTESIAN_POINT('',(0.075,-0.0035,-0.0215));
#12581=CARTESIAN_POINT('',(1.38777878078145E-17,-0.0035,0.));
#12582=CARTESIAN_POINT('',(0.044,-0.0025,0.0215));
#12583=CARTESIAN_POINT('',(0.044,-0.0025,0.0215));
#12584=CARTESIAN_POINT('',(0.044,-0.0025,0.02625));
#12585=CARTESIAN_POINT('',(1.38777878078145E-17,-0.0025,0.));
#12586=CARTESIAN_POINT('',(0.044,-0.0025,-0.0215));
#12587=CARTESIAN_POINT('',(0.044,-0.0025,-0.0215));
#12588=CARTESIAN_POINT('',(0.044,-0.0025,-0.01675));
#12589=CARTESIAN_POINT('',(1.38777878078145E-17,-0.0025,0.));
#12590=CARTESIAN_POINT('',(-0.044,-0.0025,-0.0215));
#12591=CARTESIAN_POINT('',(-0.044,-0.0025,-0.0215));
#12592=CARTESIAN_POINT('',(-0.044,-0.0025,-0.01675));
#12593=CARTESIAN_POINT('',(1.38777878078145E-17,-0.0025,0.));
#12594=CARTESIAN_POINT('',(-0.044,-0.0025,0.0215));
#12595=CARTESIAN_POINT('',(-0.044,-0.0025,0.0215));
#12596=CARTESIAN_POINT('',(-0.044,-0.0025,0.02625));
#12597=CARTESIAN_POINT('',(1.38777878078145E-17,-0.0025,0.));
#12598=CARTESIAN_POINT('',(-0.075,-0.230572350814328,-1.14562202365696E-18));
#12599=CARTESIAN_POINT('',(-0.075,-0.230572350814328,-1.14562202365696E-18));
#12600=CARTESIAN_POINT('',(0.075,-0.230572350814328,-1.14562202365696E-18));
#12601=CARTESIAN_POINT('',(0.075,-0.230572350814328,-1.14562202365696E-18));
#12602=CARTESIAN_POINT('',(-1.04083408558608E-17,0.27,1.7347234759768E-17));
#12603=CARTESIAN_POINT('',(0.01025,-0.0229957923961211,0.005));
#12604=CARTESIAN_POINT('',(0.01025,0.00125,0.005));
#12605=CARTESIAN_POINT('',(0.01025,0.00125,0.006625));
#12606=CARTESIAN_POINT('',(0.01025,0.0065,0.005));
#12607=CARTESIAN_POINT('',(0.01025,0.0065,0.006625));
#12608=CARTESIAN_POINT('',(0.002125,0.01,0.01));
#12609=CARTESIAN_POINT('',(0.002125,0.01,0.01));
#12610=CARTESIAN_POINT('',(-0.005,0.01,0.01));
#12611=CARTESIAN_POINT('',(0.00925,0.01,0.01));
#12612=CARTESIAN_POINT('',(0.00925,0.01,0.01));
#12613=CARTESIAN_POINT('',(0.00925,0.01,0.00769548233160598));
#12614=CARTESIAN_POINT('',(0.01025,0.01,0.005));
#12615=CARTESIAN_POINT('',(0.00925,0.01,0.00230451766839402));
#12616=CARTESIAN_POINT('',(0.00925,0.01,0.01));
#12617=CARTESIAN_POINT('',(0.00925,0.01,0.));
#12618=CARTESIAN_POINT('',(0.002125,0.01,0.));
#12619=CARTESIAN_POINT('',(-0.005,0.01,0.));
#12620=CARTESIAN_POINT('',(-0.005,0.01,0.01));
#12621=CARTESIAN_POINT('',(-0.01,0.,0.01));
#12622=CARTESIAN_POINT('',(-0.01,0.,0.));
#12623=CARTESIAN_POINT('',(-0.01,0.005,0.));
#12624=CARTESIAN_POINT('',(-0.01,-0.005,0.));
#12625=CARTESIAN_POINT('',(-0.01,-0.005,0.01));
#12626=CARTESIAN_POINT('',(-0.01,-0.005,0.01));
#12627=CARTESIAN_POINT('',(-0.01,0.,0.01));
#12628=CARTESIAN_POINT('',(-0.01,0.005,0.01));
#12629=CARTESIAN_POINT('',(-0.01,0.005,0.));
#12630=CARTESIAN_POINT('',(0.002125,-0.01,0.01));
#12631=CARTESIAN_POINT('',(0.01025,-0.01,0.005));
#12632=CARTESIAN_POINT('',(0.01025,-0.01,0.0028));
#12633=CARTESIAN_POINT('',(0.002125,-0.01,0.01));
#12634=CARTESIAN_POINT('',(-0.005,-0.01,0.01));
#12635=CARTESIAN_POINT('',(0.01425,-0.01,0.01));
#12636=CARTESIAN_POINT('',(-0.005,-0.01,0.01));
#12637=CARTESIAN_POINT('',(-0.005,-0.01,0.));
#12638=CARTESIAN_POINT('',(0.002125,-0.01,0.));
#12639=CARTESIAN_POINT('',(0.01425,-0.01,0.));
#12640=CARTESIAN_POINT('',(0.01425,-0.01,0.01));
#12641=CARTESIAN_POINT('',(0.01425,-0.005625,0.01));
#12642=CARTESIAN_POINT('',(0.01425,-0.005625,0.));
#12643=CARTESIAN_POINT('',(0.01425,-0.00125,0.));
#12644=CARTESIAN_POINT('',(0.01425,-0.00125,0.01));
#12645=CARTESIAN_POINT('',(0.01425,-0.00125,0.01));
#12646=CARTESIAN_POINT('',(0.01425,-0.005625,0.01));
#12647=CARTESIAN_POINT('',(0.010186862178479,-0.00125,0.01));
#12648=CARTESIAN_POINT('',(0.01025,-0.00125,0.005));
#12649=CARTESIAN_POINT('',(0.00805,-0.00125,0.005));
#12650=CARTESIAN_POINT('',(0.010186862178479,-0.00125,0.));
#12651=CARTESIAN_POINT('',(0.00612372435695795,-0.00125,0.));
#12652=CARTESIAN_POINT('',(0.00612372435695795,-0.00125,0.01));
#12653=CARTESIAN_POINT('',(0.00612372435695795,-0.00125,0.01));
#12654=CARTESIAN_POINT('',(0.010186862178479,-0.00125,0.01));
#12655=CARTESIAN_POINT('',(4.33680868994202E-18,5.23509468812887E-19,0.01));
#12656=CARTESIAN_POINT('',(4.33680868994202E-18,5.23509468812887E-19,0.));
#12657=CARTESIAN_POINT('',(0.00612372435695795,0.00125,0.));
#12658=CARTESIAN_POINT('',(0.00612372435695795,0.00125,0.01));
#12659=CARTESIAN_POINT('',(0.00612372435695795,0.00125,0.01));
#12660=CARTESIAN_POINT('',(4.33680868994202E-18,5.23509468812887E-19,0.01));
#12661=CARTESIAN_POINT('',(0.010186862178479,0.00125,0.01));
#12662=CARTESIAN_POINT('',(0.010186862178479,0.00125,0.));
#12663=CARTESIAN_POINT('',(0.01425,0.00125,0.));
#12664=CARTESIAN_POINT('',(0.01425,0.00125,0.01));
#12665=CARTESIAN_POINT('',(0.01425,0.00125,0.01));
#12666=CARTESIAN_POINT('',(0.010186862178479,0.00125,0.01));
#12667=CARTESIAN_POINT('',(0.01425,0.005625,0.01));
#12668=CARTESIAN_POINT('',(0.01425,0.005625,0.));
#12669=CARTESIAN_POINT('',(0.01425,0.005,0.));
#12670=CARTESIAN_POINT('',(0.01425,0.005,0.01));
#12671=CARTESIAN_POINT('',(0.01425,0.005,0.01));
#12672=CARTESIAN_POINT('',(0.01425,0.005625,0.01));
#12673=CARTESIAN_POINT('',(0.002125,0.,0.01));
#12674=CARTESIAN_POINT('',(0.00925,0.005,0.01));
#12675=CARTESIAN_POINT('',(-0.005,0.005,0.01));
#12676=CARTESIAN_POINT('',(-0.005,-0.005,0.01));
#12677=CARTESIAN_POINT('',(0.002125,0.,0.));
#12678=CARTESIAN_POINT('',(0.00925,0.005,0.));
#12679=CARTESIAN_POINT('',(-0.005,-0.005,0.));
#12680=CARTESIAN_POINT('',(-0.005,0.005,0.));
#12681=CARTESIAN_POINT('',(0.01025,0.010002,0.005));
#12682=CARTESIAN_POINT('',(0.01025,0.0065,0.005));
#12683=CARTESIAN_POINT('',(0.01025,0.0065,0.005));
#12684=CARTESIAN_POINT('',(0.01025,0.0065,0.007875));
#12685=CARTESIAN_POINT('',(0.00925,0.01,0.00769548233160598));
#12686=CARTESIAN_POINT('',(0.00971531304314754,0.01,0.00786810933705561));
#12687=CARTESIAN_POINT('',(0.0107180114998347,0.00985794931968162,0.0079568617698369));
#12688=CARTESIAN_POINT('',(0.011999801058207,0.00924233091461004,0.00740390942544638));
#12689=CARTESIAN_POINT('',(0.0127144341091619,0.00862597939931504,0.00659218188789756));
#12690=CARTESIAN_POINT('',(0.0130585560760133,0.00824346285262528,0.00574159475694186));
#12691=CARTESIAN_POINT('',(0.0131576876552279,0.00811864333088376,0.00500461052209626));
#12692=CARTESIAN_POINT('',(0.0130606732390784,0.00824082541876277,0.00426627299100882));
#12693=CARTESIAN_POINT('',(0.0127184835849979,0.00862235648166248,0.00341286133332562));
#12694=CARTESIAN_POINT('',(0.0119978808837335,0.00924307792909682,0.00259538405544008));
#12695=CARTESIAN_POINT('',(0.0107278230673269,0.00985477689513704,0.00204507982182157));
#12696=CARTESIAN_POINT('',(0.00971676439739246,0.01,0.00213135222341247));
#12697=CARTESIAN_POINT('',(0.00925,0.01,0.00230451766839402));
#12698=CARTESIAN_POINT('',(0.002125,0.0065,0.005));
#12699=CARTESIAN_POINT('',(0.00925,0.005,0.01));
#12700=CARTESIAN_POINT('',(-0.005,-0.005,0.01));
#12701=CARTESIAN_POINT('',(-0.005,0.005,0.01));
#12702=CARTESIAN_POINT('',(-0.044,0.22,-0.0215));
#12703=CARTESIAN_POINT('',(0.075,0.048,-3.46944695195361E-18));
#12704=CARTESIAN_POINT('',(0.,3.06161699786838E-19,0.254));
#12705=CARTESIAN_POINT('',(0.,3.06161699786838E-19,0.254));
#12706=CARTESIAN_POINT('',(0.005,3.06161699786838E-19,0.254));
#12707=CARTESIAN_POINT('',(0.,3.06161699786838E-19,0.));
#12708=CARTESIAN_POINT('',(0.005,3.06161699786838E-19,0.));
#12709=CARTESIAN_POINT('',(0.,3.67394039744206E-19,0.254));
#12710=CARTESIAN_POINT('',(0.,3.67394039744206E-19,0.254));
#12711=CARTESIAN_POINT('',(0.006,3.67394039744206E-19,0.254));
#12712=CARTESIAN_POINT('',(0.,3.67394039744206E-19,0.));
#12713=CARTESIAN_POINT('',(0.006,3.67394039744206E-19,0.));
#12714=CARTESIAN_POINT('',(0.,0.,0.254));
#12715=CARTESIAN_POINT('',(0.,0.,0.));
#12716=CARTESIAN_POINT('',(0.044,0.008,0.0215));
#12717=CARTESIAN_POINT('',(-0.075,0.048,-3.46944695195361E-18));
#12718=CARTESIAN_POINT('',(0.044,0.008,-0.0215));
#12719=CARTESIAN_POINT('',(0.075,0.222,3.46944695195361E-17));
#12720=CARTESIAN_POINT('',(-0.044,0.008,0.0215));
#12721=CARTESIAN_POINT('',(0.,0.,0.));
#12722=CARTESIAN_POINT('',(-1.7347234759768E-18,0.0055,0.012));
#12723=CARTESIAN_POINT('',(0.004,0.0055,0.012));
#12724=CARTESIAN_POINT('',(0.004,0.0055,0.012));
#12725=CARTESIAN_POINT('',(0.004,0.0055,0.0095));
#12726=CARTESIAN_POINT('',(0.0275060314960472,0.0055,0.0095));
#12727=CARTESIAN_POINT('',(-0.004,0.0055,0.0095));
#12728=CARTESIAN_POINT('',(-0.004,0.0055,0.012));
#12729=CARTESIAN_POINT('',(-0.004,0.0055,0.012));
#12730=CARTESIAN_POINT('',(-1.7347234759768E-18,0.0055,0.012));
#12731=CARTESIAN_POINT('',(1.7347234759768E-18,-0.0055,0.012));
#12732=CARTESIAN_POINT('',(0.0275060314960472,-0.0055,0.0095));
#12733=CARTESIAN_POINT('',(0.004,-0.0055,0.0095));
#12734=CARTESIAN_POINT('',(-0.004,-0.0055,0.0095));
#12735=CARTESIAN_POINT('',(0.004,-0.0055,0.012));
#12736=CARTESIAN_POINT('',(0.004,-0.0055,0.012));
#12737=CARTESIAN_POINT('',(1.7347234759768E-18,-0.0055,0.012));
#12738=CARTESIAN_POINT('',(-0.004,-0.0055,0.012));
#12739=CARTESIAN_POINT('',(-0.004,-0.0055,0.012));
#12740=CARTESIAN_POINT('',(0.004,3.46944695195361E-18,0.004));
#12741=CARTESIAN_POINT('',(0.004,3.46944695195361E-18,0.0065));
#12742=CARTESIAN_POINT('',(0.004,0.0035,0.0065));
#12743=CARTESIAN_POINT('',(0.004,0.0055,0.0065));
#12744=CARTESIAN_POINT('',(0.004,0.0035,0.004));
#12745=CARTESIAN_POINT('',(0.004,0.0035,0.0095));
#12746=CARTESIAN_POINT('',(0.004,3.46944695195361E-18,0.0095));
#12747=CARTESIAN_POINT('',(0.004,3.46944695195361E-18,0.012));
#12748=CARTESIAN_POINT('',(0.004,3.46944695195361E-18,0.0095));
#12749=CARTESIAN_POINT('',(0.004,-0.0035,0.0095));
#12750=CARTESIAN_POINT('',(0.004,-0.0035,0.004));
#12751=CARTESIAN_POINT('',(0.004,-0.0035,0.0065));
#12752=CARTESIAN_POINT('',(0.004,4.55364912443912E-18,0.0065));
#12753=CARTESIAN_POINT('',(0.004,-0.0055,0.0065));
#12754=CARTESIAN_POINT('',(0.004,-0.0055,0.012));
#12755=CARTESIAN_POINT('',(0.004,-0.0055,0.004));
#12756=CARTESIAN_POINT('',(0.004,3.46944695195361E-18,0.004));
#12757=CARTESIAN_POINT('',(0.004,-0.01,0.004));
#12758=CARTESIAN_POINT('',(0.004,-0.01,0.004));
#12759=CARTESIAN_POINT('',(0.004,-0.01,0.));
#12760=CARTESIAN_POINT('',(0.004,3.46944695195361E-18,0.));
#12761=CARTESIAN_POINT('',(0.004,0.01,0.));
#12762=CARTESIAN_POINT('',(0.004,0.01,0.004));
#12763=CARTESIAN_POINT('',(0.004,0.01,0.004));
#12764=CARTESIAN_POINT('',(0.004,3.46944695195361E-18,0.004));
#12765=CARTESIAN_POINT('',(0.004,0.0055,0.004));
#12766=CARTESIAN_POINT('',(0.004,0.0055,0.012));
#12767=CARTESIAN_POINT('',(-0.004,0.,0.004));
#12768=CARTESIAN_POINT('',(-0.004,0.0045,0.0065));
#12769=CARTESIAN_POINT('',(-0.004,0.0055,0.0065));
#12770=CARTESIAN_POINT('',(-0.004,0.0035,0.0065));
#12771=CARTESIAN_POINT('',(-0.004,0.0055,0.012));
#12772=CARTESIAN_POINT('',(-0.004,0.0055,0.004));
#12773=CARTESIAN_POINT('',(-0.004,0.,0.004));
#12774=CARTESIAN_POINT('',(-0.004,0.01,0.004));
#12775=CARTESIAN_POINT('',(-0.004,0.01,0.004));
#12776=CARTESIAN_POINT('',(-0.004,0.01,0.));
#12777=CARTESIAN_POINT('',(-0.004,0.,0.));
#12778=CARTESIAN_POINT('',(-0.004,-0.01,0.));
#12779=CARTESIAN_POINT('',(-0.004,-0.01,0.004));
#12780=CARTESIAN_POINT('',(-0.004,-0.01,0.004));
#12781=CARTESIAN_POINT('',(-0.004,0.,0.004));
#12782=CARTESIAN_POINT('',(-0.004,-0.0055,0.004));
#12783=CARTESIAN_POINT('',(-0.004,-0.0055,0.012));
#12784=CARTESIAN_POINT('',(-0.004,-0.0055,0.0065));
#12785=CARTESIAN_POINT('',(-0.004,-0.0045,0.0065));
#12786=CARTESIAN_POINT('',(-0.004,-0.0035,0.0065));
#12787=CARTESIAN_POINT('',(-0.004,-0.0035,0.008));
#12788=CARTESIAN_POINT('',(-0.004,-0.0035,0.0095));
#12789=CARTESIAN_POINT('',(-0.004,-0.0045,0.0095));
#12790=CARTESIAN_POINT('',(-0.004,0.,0.012));
#12791=CARTESIAN_POINT('',(-0.004,0.0045,0.0095));
#12792=CARTESIAN_POINT('',(-0.004,0.0035,0.0095));
#12793=CARTESIAN_POINT('',(-0.004,0.0035,0.008));
#12794=CARTESIAN_POINT('',(0.,0.,0.004));
#12795=CARTESIAN_POINT('',(-6.07153216591882E-18,0.01,0.004));
#12796=CARTESIAN_POINT('',(0.00162499999999999,0.01,0.004));
#12797=CARTESIAN_POINT('',(-1.7347234759768E-18,0.0055,0.004));
#12798=CARTESIAN_POINT('',(-6.07153216591882E-18,0.01,0.004));
#12799=CARTESIAN_POINT('',(-6.07153216591882E-18,0.01,0.004));
#12800=CARTESIAN_POINT('',(-6.07153216591882E-18,0.01,0.));
#12801=CARTESIAN_POINT('',(-6.07153216591882E-18,0.01,0.004));
#12802=CARTESIAN_POINT('',(-6.07153216591882E-18,0.01,0.));
#12803=CARTESIAN_POINT('',(0.00162499999999999,0.01,0.));
#12804=CARTESIAN_POINT('',(0.,-0.01,0.004));
#12805=CARTESIAN_POINT('',(0.,-0.01,0.));
#12806=CARTESIAN_POINT('',(0.,-0.01,0.004));
#12807=CARTESIAN_POINT('',(0.,-0.01,0.004));
#12808=CARTESIAN_POINT('',(0.,-0.01,0.004));
#12809=CARTESIAN_POINT('',(0.001625,-0.01,0.004));
#12810=CARTESIAN_POINT('',(0.,-0.01,0.));
#12811=CARTESIAN_POINT('',(0.001625,-0.01,0.));
#12812=CARTESIAN_POINT('',(0.,0.,0.004));
#12813=CARTESIAN_POINT('',(1.7347234759768E-18,-0.0055,0.004));
#12814=CARTESIAN_POINT('',(0.,0.,0.));
#12815=CARTESIAN_POINT('',(-1.7347234759768E-18,0.0055,0.012));
#12816=CARTESIAN_POINT('',(0.0275060314960472,0.0055,0.0065));
#12817=CARTESIAN_POINT('',(1.7347234759768E-18,-0.0055,0.012));
#12818=CARTESIAN_POINT('',(0.0275060314960472,-0.0055,0.0065));
#12819=CARTESIAN_POINT('',(0.,0.,0.012));
#12820=CARTESIAN_POINT('',(0.0275060314960472,-0.0045,0.0065));
#12821=CARTESIAN_POINT('',(0.0275060314960472,-0.0035,0.0065));
#12822=CARTESIAN_POINT('',(0.0275060314960472,-0.0045,0.0095));
#12823=CARTESIAN_POINT('',(0.0275060314960472,-0.0035,0.0095));
#12824=CARTESIAN_POINT('',(0.0275060314960472,-0.0035,0.008));
#12825=CARTESIAN_POINT('',(0.0275060314960472,0.0045,0.0065));
#12826=CARTESIAN_POINT('',(0.0275060314960472,0.0035,0.0065));
#12827=CARTESIAN_POINT('',(0.0275060314960472,0.0035,0.008));
#12828=CARTESIAN_POINT('',(0.0275060314960472,0.0035,0.0095));
#12829=CARTESIAN_POINT('',(0.0275060314960472,0.0045,0.0095));
#12830=CARTESIAN_POINT('',(0.024,4.32570979338295E-34,6.93889390390723E-18));
#12831=CARTESIAN_POINT('',(0.024,0.27,-6.12439093262842E-18));
#12832=CARTESIAN_POINT('',(-0.024,4.32570979338295E-34,6.93889390390723E-18));
#12833=CARTESIAN_POINT('',(-0.075,0.222,3.46944695195361E-17));
#12834=CARTESIAN_POINT('',(0.037,0.,0.001));
#12835=CARTESIAN_POINT('',(0.037,0.,0.));
#12836=CARTESIAN_POINT('',(0.037,0.117,0.));
#12837=CARTESIAN_POINT('',(0.037,-0.117,0.));
#12838=CARTESIAN_POINT('',(0.037,0.117,0.001));
#12839=CARTESIAN_POINT('',(0.037,0.117,0.001));
#12840=CARTESIAN_POINT('',(0.037,0.,0.001));
#12841=CARTESIAN_POINT('',(0.037,-0.117,0.001));
#12842=CARTESIAN_POINT('',(0.037,-0.117,0.001));
#12843=CARTESIAN_POINT('',(0.034,0.117,0.001));
#12844=CARTESIAN_POINT('',(0.034,0.117,0.));
#12845=CARTESIAN_POINT('',(0.034,0.12,0.));
#12846=CARTESIAN_POINT('',(0.034,0.12,0.001));
#12847=CARTESIAN_POINT('',(0.034,0.12,0.001));
#12848=CARTESIAN_POINT('',(0.034,0.117,0.001));
#12849=CARTESIAN_POINT('',(0.,0.12,0.001));
#12850=CARTESIAN_POINT('',(0.,0.12,0.));
#12851=CARTESIAN_POINT('',(-0.034,0.12,0.));
#12852=CARTESIAN_POINT('',(-0.034,0.12,0.001));
#12853=CARTESIAN_POINT('',(-0.034,0.12,0.001));
#12854=CARTESIAN_POINT('',(0.,0.12,0.001));
#12855=CARTESIAN_POINT('',(-0.034,0.117,0.001));
#12856=CARTESIAN_POINT('',(-0.034,0.117,0.));
#12857=CARTESIAN_POINT('',(-0.037,0.117,0.));
#12858=CARTESIAN_POINT('',(-0.037,0.117,0.001));
#12859=CARTESIAN_POINT('',(-0.037,0.117,0.001));
#12860=CARTESIAN_POINT('',(-0.034,0.117,0.001));
#12861=CARTESIAN_POINT('',(-0.037,0.,0.001));
#12862=CARTESIAN_POINT('',(-0.037,0.,0.));
#12863=CARTESIAN_POINT('',(-0.037,-0.117,0.));
#12864=CARTESIAN_POINT('',(-0.037,-0.117,0.001));
#12865=CARTESIAN_POINT('',(-0.037,-0.117,0.001));
#12866=CARTESIAN_POINT('',(-0.037,0.,0.001));
#12867=CARTESIAN_POINT('',(-0.034,-0.117,0.001));
#12868=CARTESIAN_POINT('',(-0.034,-0.117,0.));
#12869=CARTESIAN_POINT('',(-0.034,-0.12,0.));
#12870=CARTESIAN_POINT('',(-0.034,-0.12,0.001));
#12871=CARTESIAN_POINT('',(-0.034,-0.12,0.001));
#12872=CARTESIAN_POINT('',(-0.034,-0.117,0.001));
#12873=CARTESIAN_POINT('',(2.77555756156289E-17,-0.12,0.001));
#12874=CARTESIAN_POINT('',(2.77555756156289E-17,-0.12,0.));
#12875=CARTESIAN_POINT('',(0.034,-0.12,0.));
#12876=CARTESIAN_POINT('',(0.034,-0.12,0.001));
#12877=CARTESIAN_POINT('',(0.034,-0.12,0.001));
#12878=CARTESIAN_POINT('',(2.77555756156289E-17,-0.12,0.001));
#12879=CARTESIAN_POINT('',(0.03,-0.06,0.001));
#12880=CARTESIAN_POINT('',(0.03,-0.06,0.));
#12881=CARTESIAN_POINT('',(0.03,-0.0495,0.));
#12882=CARTESIAN_POINT('',(0.03,-0.0705,0.));
#12883=CARTESIAN_POINT('',(0.03,-0.0495,0.001));
#12884=CARTESIAN_POINT('',(0.03,-0.0495,0.001));
#12885=CARTESIAN_POINT('',(0.03,-0.06,0.001));
#12886=CARTESIAN_POINT('',(0.03,-0.0705,0.001));
#12887=CARTESIAN_POINT('',(0.03,-0.0705,0.001));
#12888=CARTESIAN_POINT('',(0.0315,-0.0495,0.001));
#12889=CARTESIAN_POINT('',(0.0315,-0.0495,0.));
#12890=CARTESIAN_POINT('',(0.033,-0.0495,0.));
#12891=CARTESIAN_POINT('',(0.033,-0.0495,0.001));
#12892=CARTESIAN_POINT('',(0.033,-0.0495,0.001));
#12893=CARTESIAN_POINT('',(0.0315,-0.0495,0.001));
#12894=CARTESIAN_POINT('',(0.033,-0.06,0.001));
#12895=CARTESIAN_POINT('',(0.033,-0.06,0.));
#12896=CARTESIAN_POINT('',(0.033,-0.0705,0.));
#12897=CARTESIAN_POINT('',(0.033,-0.0705,0.001));
#12898=CARTESIAN_POINT('',(0.033,-0.0705,0.001));
#12899=CARTESIAN_POINT('',(0.033,-0.06,0.001));
#12900=CARTESIAN_POINT('',(-0.033,-0.06,0.001));
#12901=CARTESIAN_POINT('',(-0.033,-0.06,0.));
#12902=CARTESIAN_POINT('',(-0.033,-0.0495,0.));
#12903=CARTESIAN_POINT('',(-0.033,-0.0705,0.));
#12904=CARTESIAN_POINT('',(-0.033,-0.0495,0.001));
#12905=CARTESIAN_POINT('',(-0.033,-0.0495,0.001));
#12906=CARTESIAN_POINT('',(-0.033,-0.06,0.001));
#12907=CARTESIAN_POINT('',(-0.033,-0.0705,0.001));
#12908=CARTESIAN_POINT('',(-0.033,-0.0705,0.001));
#12909=CARTESIAN_POINT('',(-0.0315,-0.0495,0.001));
#12910=CARTESIAN_POINT('',(-0.0315,-0.0495,0.));
#12911=CARTESIAN_POINT('',(-0.03,-0.0495,0.));
#12912=CARTESIAN_POINT('',(-0.03,-0.0495,0.001));
#12913=CARTESIAN_POINT('',(-0.03,-0.0495,0.001));
#12914=CARTESIAN_POINT('',(-0.0315,-0.0495,0.001));
#12915=CARTESIAN_POINT('',(-0.03,-0.06,0.001));
#12916=CARTESIAN_POINT('',(-0.03,-0.06,0.));
#12917=CARTESIAN_POINT('',(-0.03,-0.0705,0.));
#12918=CARTESIAN_POINT('',(-0.03,-0.0705,0.001));
#12919=CARTESIAN_POINT('',(-0.03,-0.0705,0.001));
#12920=CARTESIAN_POINT('',(-0.03,-0.06,0.001));
#12921=CARTESIAN_POINT('',(0.,9.95025524307225E-20,0.001));
#12922=CARTESIAN_POINT('',(0.,9.95025524307225E-20,0.001));
#12923=CARTESIAN_POINT('',(0.001625,9.95025524307225E-20,0.001));
#12924=CARTESIAN_POINT('',(0.,9.95025524307225E-20,0.));
#12925=CARTESIAN_POINT('',(0.001625,9.95025524307225E-20,0.));
#12926=CARTESIAN_POINT('',(0.03375,-0.08,0.001));
#12927=CARTESIAN_POINT('',(0.03375,-0.08,0.001));
#12928=CARTESIAN_POINT('',(0.035375,-0.08,0.001));
#12929=CARTESIAN_POINT('',(0.03375,-0.08,0.));
#12930=CARTESIAN_POINT('',(0.035375,-0.08,0.));
#12931=CARTESIAN_POINT('',(-0.03375,-0.08,0.001));
#12932=CARTESIAN_POINT('',(-0.03375,-0.08,0.001));
#12933=CARTESIAN_POINT('',(-0.032125,-0.08,0.001));
#12934=CARTESIAN_POINT('',(-0.03375,-0.08,0.));
#12935=CARTESIAN_POINT('',(-0.032125,-0.08,0.));
#12936=CARTESIAN_POINT('',(0.03375,0.08,0.001));
#12937=CARTESIAN_POINT('',(0.03375,0.08,0.001));
#12938=CARTESIAN_POINT('',(0.035375,0.08,0.001));
#12939=CARTESIAN_POINT('',(0.03375,0.08,0.));
#12940=CARTESIAN_POINT('',(0.035375,0.08,0.));
#12941=CARTESIAN_POINT('',(-0.03375,0.08,0.001));
#12942=CARTESIAN_POINT('',(-0.03375,0.08,0.001));
#12943=CARTESIAN_POINT('',(-0.032125,0.08,0.001));
#12944=CARTESIAN_POINT('',(-0.03375,0.08,0.));
#12945=CARTESIAN_POINT('',(-0.032125,0.08,0.));
#12946=CARTESIAN_POINT('',(0.03375,-1.90975986436334E-17,0.001));
#12947=CARTESIAN_POINT('',(0.03375,-1.90975986436334E-17,0.001));
#12948=CARTESIAN_POINT('',(0.035375,-1.90975986436334E-17,0.001));
#12949=CARTESIAN_POINT('',(0.03375,-1.90975986436334E-17,0.));
#12950=CARTESIAN_POINT('',(0.035375,-1.90975986436334E-17,0.));
#12951=CARTESIAN_POINT('',(-0.03375,-3.56303304321227E-17,0.001));
#12952=CARTESIAN_POINT('',(-0.03375,-3.56303304321227E-17,0.001));
#12953=CARTESIAN_POINT('',(-0.032125,-3.56303304321227E-17,0.001));
#12954=CARTESIAN_POINT('',(-0.03375,-3.56303304321227E-17,0.));
#12955=CARTESIAN_POINT('',(-0.032125,-3.56303304321227E-17,0.));
#12956=CARTESIAN_POINT('',(0.0315,-0.0705,0.001));
#12957=CARTESIAN_POINT('',(0.0315,-0.0705,0.));
#12958=CARTESIAN_POINT('',(0.0315,-0.0705,0.001));
#12959=CARTESIAN_POINT('',(-0.0315,-0.0705,0.001));
#12960=CARTESIAN_POINT('',(-0.0315,-0.0705,0.));
#12961=CARTESIAN_POINT('',(-0.0315,-0.0705,0.001));
#12962=CARTESIAN_POINT('',(0.034,-0.117,0.001));
#12963=CARTESIAN_POINT('',(0.034,-0.117,0.));
#12964=CARTESIAN_POINT('',(0.034,-0.117,0.001));
#12965=CARTESIAN_POINT('',(1.38777878078145E-17,0.,0.001));
#12966=CARTESIAN_POINT('',(1.38777878078145E-17,0.,0.));
#12967=CARTESIAN_POINT('',(-2.77555756156289E-17,0.135,-0.02025));
#12968=CARTESIAN_POINT('',(0.044,0.21,-0.0215));
#12969=CARTESIAN_POINT('',(-0.044,0.06,-0.0215));
#12970=CARTESIAN_POINT('',(0.044,0.05,-0.0215));
#12971=CARTESIAN_POINT('',(-0.044,0.008,-0.0215));
#12972=CARTESIAN_POINT('',(-0.024,0.27,-1.65327317884893E-17));
#12973=CARTESIAN_POINT('',(0.,0.,0.));
#12974=CARTESIAN_POINT('',(-0.0694999999999969,0.402994949366116,-0.0989949493661175));
#12975=CARTESIAN_POINT('',(-0.1195,0.321677669529664,-0.0176776695296637));
#12976=CARTESIAN_POINT('',(-0.1095,0.304,-4.35366171347074E-17));
#12977=CARTESIAN_POINT('',(-0.109499999999998,0.371882141392357,-0.0678823605954601));
#12978=CARTESIAN_POINT('',(-0.1195,0.308772972221807,-0.00477296932421093));
#12979=CARTESIAN_POINT('',(0.,0.,0.));
#12980=MECHANICAL_DESIGN_GEOMETRIC_PRESENTATION_REPRESENTATION('',(#7284,
#7285,#7286,#13,#14,#7287,#7288,#7289,#15,#7290,#7291,#7292,#7293,#7294,
#7295,#7296,#7297,#7298,#7299),#12981);
#12981=(
GEOMETRIC_REPRESENTATION_CONTEXT(3)
GLOBAL_UNCERTAINTY_ASSIGNED_CONTEXT((#13011))
GLOBAL_UNIT_ASSIGNED_CONTEXT((#13043,#13042,#13041))
REPRESENTATION_CONTEXT('Main','TOP_LEVEL_ASSEMBLY_PART')
);
#12982=(
GEOMETRIC_REPRESENTATION_CONTEXT(3)
GLOBAL_UNCERTAINTY_ASSIGNED_CONTEXT((#13012))
GLOBAL_UNIT_ASSIGNED_CONTEXT((#13043,#13042,#13041))
REPRESENTATION_CONTEXT('Upper Leg <1>','COMPONENT_PART')
);
#12983=(
GEOMETRIC_REPRESENTATION_CONTEXT(3)
GLOBAL_UNCERTAINTY_ASSIGNED_CONTEXT((#13013))
GLOBAL_UNIT_ASSIGNED_CONTEXT((#13043,#13042,#13041))
REPRESENTATION_CONTEXT('Wire Clamp - Upper Leg - Top','COMPONENT_PART')
);
#12984=(
GEOMETRIC_REPRESENTATION_CONTEXT(3)
GLOBAL_UNCERTAINTY_ASSIGNED_CONTEXT((#13014))
GLOBAL_UNIT_ASSIGNED_CONTEXT((#13043,#13042,#13041))
REPRESENTATION_CONTEXT('Upper Leg','COMPONENT_PART')
);
#12985=(
GEOMETRIC_REPRESENTATION_CONTEXT(3)
GLOBAL_UNCERTAINTY_ASSIGNED_CONTEXT((#13015))
GLOBAL_UNIT_ASSIGNED_CONTEXT((#13043,#13042,#13041))
REPRESENTATION_CONTEXT('MG4010E-i10v3','COMPONENT_PART')
);
#12986=(
GEOMETRIC_REPRESENTATION_CONTEXT(3)
GLOBAL_UNCERTAINTY_ASSIGNED_CONTEXT((#13016))
GLOBAL_UNIT_ASSIGNED_CONTEXT((#13043,#13042,#13041))
REPRESENTATION_CONTEXT('Accent','COMPONENT_PART')
);
#12987=(
GEOMETRIC_REPRESENTATION_CONTEXT(3)
GLOBAL_UNCERTAINTY_ASSIGNED_CONTEXT((#13017))
GLOBAL_UNIT_ASSIGNED_CONTEXT((#13043,#13042,#13041))
REPRESENTATION_CONTEXT('Lower Leg <4>','COMPONENT_PART')
);
#12988=(
GEOMETRIC_REPRESENTATION_CONTEXT(3)
GLOBAL_UNCERTAINTY_ASSIGNED_CONTEXT((#13018))
GLOBAL_UNIT_ASSIGNED_CONTEXT((#13043,#13042,#13041))
REPRESENTATION_CONTEXT('Lower Leg - Leg Inteface','COMPONENT_PART')
);
#12989=(
GEOMETRIC_REPRESENTATION_CONTEXT(3)
GLOBAL_UNCERTAINTY_ASSIGNED_CONTEXT((#13019))
GLOBAL_UNIT_ASSIGNED_CONTEXT((#13043,#13042,#13041))
REPRESENTATION_CONTEXT('Foot - Ball','COMPONENT_PART')
);
#12990=(
GEOMETRIC_REPRESENTATION_CONTEXT(3)
GLOBAL_UNCERTAINTY_ASSIGNED_CONTEXT((#13020))
GLOBAL_UNIT_ASSIGNED_CONTEXT((#13043,#13042,#13041))
REPRESENTATION_CONTEXT('Part 1','COMPONENT_PART')
);
#12991=(
GEOMETRIC_REPRESENTATION_CONTEXT(3)
GLOBAL_UNCERTAINTY_ASSIGNED_CONTEXT((#13021))
GLOBAL_UNIT_ASSIGNED_CONTEXT((#13043,#13042,#13041))
REPRESENTATION_CONTEXT('Leg Accent','COMPONENT_PART')
);
#12992=(
GEOMETRIC_REPRESENTATION_CONTEXT(3)
GLOBAL_UNCERTAINTY_ASSIGNED_CONTEXT((#13022))
GLOBAL_UNIT_ASSIGNED_CONTEXT((#13043,#13042,#13041))
REPRESENTATION_CONTEXT('Hip <2>','COMPONENT_PART')
);
#12993=(
GEOMETRIC_REPRESENTATION_CONTEXT(3)
GLOBAL_UNCERTAINTY_ASSIGNED_CONTEXT((#13023))
GLOBAL_UNIT_ASSIGNED_CONTEXT((#13043,#13042,#13041))
REPRESENTATION_CONTEXT('Hip Motor Bracket - Base','COMPONENT_PART')
);
#12994=(
GEOMETRIC_REPRESENTATION_CONTEXT(3)
GLOBAL_UNCERTAINTY_ASSIGNED_CONTEXT((#13024))
GLOBAL_UNIT_ASSIGNED_CONTEXT((#13043,#13042,#13041))
REPRESENTATION_CONTEXT('Hip Motor Bracket - Riser','COMPONENT_PART')
);
#12995=(
GEOMETRIC_REPRESENTATION_CONTEXT(3)
GLOBAL_UNCERTAINTY_ASSIGNED_CONTEXT((#13025))
GLOBAL_UNIT_ASSIGNED_CONTEXT((#13043,#13042,#13041))
REPRESENTATION_CONTEXT('Hip Wire Clip','COMPONENT_PART')
);
#12996=(
GEOMETRIC_REPRESENTATION_CONTEXT(3)
GLOBAL_UNCERTAINTY_ASSIGNED_CONTEXT((#13026))
GLOBAL_UNIT_ASSIGNED_CONTEXT((#13043,#13042,#13041))
REPRESENTATION_CONTEXT('Lower Leg <1>','COMPONENT_PART')
);
#12997=(
GEOMETRIC_REPRESENTATION_CONTEXT(3)
GLOBAL_UNCERTAINTY_ASSIGNED_CONTEXT((#13027))
GLOBAL_UNIT_ASSIGNED_CONTEXT((#13043,#13042,#13041))
REPRESENTATION_CONTEXT('Hip <4>','COMPONENT_PART')
);
#12998=(
GEOMETRIC_REPRESENTATION_CONTEXT(3)
GLOBAL_UNCERTAINTY_ASSIGNED_CONTEXT((#13028))
GLOBAL_UNIT_ASSIGNED_CONTEXT((#13043,#13042,#13041))
REPRESENTATION_CONTEXT('Upper Leg <2>','COMPONENT_PART')
);
#12999=(
GEOMETRIC_REPRESENTATION_CONTEXT(3)
GLOBAL_UNCERTAINTY_ASSIGNED_CONTEXT((#13029))
GLOBAL_UNIT_ASSIGNED_CONTEXT((#13043,#13042,#13041))
REPRESENTATION_CONTEXT('Upper Leg <3>','COMPONENT_PART')
);
#13000=(
GEOMETRIC_REPRESENTATION_CONTEXT(3)
GLOBAL_UNCERTAINTY_ASSIGNED_CONTEXT((#13030))
GLOBAL_UNIT_ASSIGNED_CONTEXT((#13043,#13042,#13041))
REPRESENTATION_CONTEXT('Hip <1>','COMPONENT_PART')
);
#13001=(
GEOMETRIC_REPRESENTATION_CONTEXT(3)
GLOBAL_UNCERTAINTY_ASSIGNED_CONTEXT((#13031))
GLOBAL_UNIT_ASSIGNED_CONTEXT((#13043,#13042,#13041))
REPRESENTATION_CONTEXT('Lower Leg <2>','COMPONENT_PART')
);
#13002=(
GEOMETRIC_REPRESENTATION_CONTEXT(3)
GLOBAL_UNCERTAINTY_ASSIGNED_CONTEXT((#13032))
GLOBAL_UNIT_ASSIGNED_CONTEXT((#13043,#13042,#13041))
REPRESENTATION_CONTEXT('Lower Leg <3>','COMPONENT_PART')
);
#13003=(
GEOMETRIC_REPRESENTATION_CONTEXT(3)
GLOBAL_UNCERTAINTY_ASSIGNED_CONTEXT((#13033))
GLOBAL_UNIT_ASSIGNED_CONTEXT((#13043,#13042,#13041))
REPRESENTATION_CONTEXT('Hip <3>','COMPONENT_PART')
);
#13004=(
GEOMETRIC_REPRESENTATION_CONTEXT(3)
GLOBAL_UNCERTAINTY_ASSIGNED_CONTEXT((#13034))
GLOBAL_UNIT_ASSIGNED_CONTEXT((#13043,#13042,#13041))
REPRESENTATION_CONTEXT('Body <1>','COMPONENT_PART')
);
#13005=(
GEOMETRIC_REPRESENTATION_CONTEXT(3)
GLOBAL_UNCERTAINTY_ASSIGNED_CONTEXT((#13035))
GLOBAL_UNIT_ASSIGNED_CONTEXT((#13043,#13042,#13041))
REPRESENTATION_CONTEXT('Hip Plate','COMPONENT_PART')
);
#13006=(
GEOMETRIC_REPRESENTATION_CONTEXT(3)
GLOBAL_UNCERTAINTY_ASSIGNED_CONTEXT((#13036))
GLOBAL_UNIT_ASSIGNED_CONTEXT((#13043,#13042,#13041))
REPRESENTATION_CONTEXT('PCB to Tube Clip','COMPONENT_PART')
);
#13007=(
GEOMETRIC_REPRESENTATION_CONTEXT(3)
GLOBAL_UNCERTAINTY_ASSIGNED_CONTEXT((#13037))
GLOBAL_UNIT_ASSIGNED_CONTEXT((#13043,#13042,#13041))
REPRESENTATION_CONTEXT('Carbon Fiber Tube 12mm OD 10mm ID',
'COMPONENT_PART')
);
#13008=(
GEOMETRIC_REPRESENTATION_CONTEXT(3)
GLOBAL_UNCERTAINTY_ASSIGNED_CONTEXT((#13038))
GLOBAL_UNIT_ASSIGNED_CONTEXT((#13043,#13042,#13041))
REPRESENTATION_CONTEXT('Splitloom Clip','COMPONENT_PART')
);
#13009=(
GEOMETRIC_REPRESENTATION_CONTEXT(3)
GLOBAL_UNCERTAINTY_ASSIGNED_CONTEXT((#13039))
GLOBAL_UNIT_ASSIGNED_CONTEXT((#13043,#13042,#13041))
REPRESENTATION_CONTEXT('PCB Footprint','COMPONENT_PART')
);
#13010=(
GEOMETRIC_REPRESENTATION_CONTEXT(3)
GLOBAL_UNCERTAINTY_ASSIGNED_CONTEXT((#13040))
GLOBAL_UNIT_ASSIGNED_CONTEXT((#13043,#13042,#13041))
REPRESENTATION_CONTEXT('Upper Leg <4>','COMPONENT_PART')
);
#13011=UNCERTAINTY_MEASURE_WITH_UNIT(LENGTH_MEASURE(5.E-6),#13043,
'DISTANCE_ACCURACY_VALUE','Maximum Tolerance applied to model');
#13012=UNCERTAINTY_MEASURE_WITH_UNIT(LENGTH_MEASURE(5.E-6),#13043,
'DISTANCE_ACCURACY_VALUE','Maximum Tolerance applied to model');
#13013=UNCERTAINTY_MEASURE_WITH_UNIT(LENGTH_MEASURE(5.E-6),#13043,
'DISTANCE_ACCURACY_VALUE','Maximum Tolerance applied to model');
#13014=UNCERTAINTY_MEASURE_WITH_UNIT(LENGTH_MEASURE(5.E-6),#13043,
'DISTANCE_ACCURACY_VALUE','Maximum Tolerance applied to model');
#13015=UNCERTAINTY_MEASURE_WITH_UNIT(LENGTH_MEASURE(5.E-6),#13043,
'DISTANCE_ACCURACY_VALUE','Maximum Tolerance applied to model');
#13016=UNCERTAINTY_MEASURE_WITH_UNIT(LENGTH_MEASURE(5.E-6),#13043,
'DISTANCE_ACCURACY_VALUE','Maximum Tolerance applied to model');
#13017=UNCERTAINTY_MEASURE_WITH_UNIT(LENGTH_MEASURE(5.E-6),#13043,
'DISTANCE_ACCURACY_VALUE','Maximum Tolerance applied to model');
#13018=UNCERTAINTY_MEASURE_WITH_UNIT(LENGTH_MEASURE(5.E-6),#13043,
'DISTANCE_ACCURACY_VALUE','Maximum Tolerance applied to model');
#13019=UNCERTAINTY_MEASURE_WITH_UNIT(LENGTH_MEASURE(5.E-6),#13043,
'DISTANCE_ACCURACY_VALUE','Maximum Tolerance applied to model');
#13020=UNCERTAINTY_MEASURE_WITH_UNIT(LENGTH_MEASURE(5.E-6),#13043,
'DISTANCE_ACCURACY_VALUE','Maximum Tolerance applied to model');
#13021=UNCERTAINTY_MEASURE_WITH_UNIT(LENGTH_MEASURE(5.E-6),#13043,
'DISTANCE_ACCURACY_VALUE','Maximum Tolerance applied to model');
#13022=UNCERTAINTY_MEASURE_WITH_UNIT(LENGTH_MEASURE(5.E-6),#13043,
'DISTANCE_ACCURACY_VALUE','Maximum Tolerance applied to model');
#13023=UNCERTAINTY_MEASURE_WITH_UNIT(LENGTH_MEASURE(5.E-6),#13043,
'DISTANCE_ACCURACY_VALUE','Maximum Tolerance applied to model');
#13024=UNCERTAINTY_MEASURE_WITH_UNIT(LENGTH_MEASURE(5.E-6),#13043,
'DISTANCE_ACCURACY_VALUE','Maximum Tolerance applied to model');
#13025=UNCERTAINTY_MEASURE_WITH_UNIT(LENGTH_MEASURE(5.E-6),#13043,
'DISTANCE_ACCURACY_VALUE','Maximum Tolerance applied to model');
#13026=UNCERTAINTY_MEASURE_WITH_UNIT(LENGTH_MEASURE(5.E-6),#13043,
'DISTANCE_ACCURACY_VALUE','Maximum Tolerance applied to model');
#13027=UNCERTAINTY_MEASURE_WITH_UNIT(LENGTH_MEASURE(5.E-6),#13043,
'DISTANCE_ACCURACY_VALUE','Maximum Tolerance applied to model');
#13028=UNCERTAINTY_MEASURE_WITH_UNIT(LENGTH_MEASURE(5.E-6),#13043,
'DISTANCE_ACCURACY_VALUE','Maximum Tolerance applied to model');
#13029=UNCERTAINTY_MEASURE_WITH_UNIT(LENGTH_MEASURE(5.E-6),#13043,
'DISTANCE_ACCURACY_VALUE','Maximum Tolerance applied to model');
#13030=UNCERTAINTY_MEASURE_WITH_UNIT(LENGTH_MEASURE(5.E-6),#13043,
'DISTANCE_ACCURACY_VALUE','Maximum Tolerance applied to model');
#13031=UNCERTAINTY_MEASURE_WITH_UNIT(LENGTH_MEASURE(5.E-6),#13043,
'DISTANCE_ACCURACY_VALUE','Maximum Tolerance applied to model');
#13032=UNCERTAINTY_MEASURE_WITH_UNIT(LENGTH_MEASURE(5.E-6),#13043,
'DISTANCE_ACCURACY_VALUE','Maximum Tolerance applied to model');
#13033=UNCERTAINTY_MEASURE_WITH_UNIT(LENGTH_MEASURE(5.E-6),#13043,
'DISTANCE_ACCURACY_VALUE','Maximum Tolerance applied to model');
#13034=UNCERTAINTY_MEASURE_WITH_UNIT(LENGTH_MEASURE(5.E-6),#13043,
'DISTANCE_ACCURACY_VALUE','Maximum Tolerance applied to model');
#13035=UNCERTAINTY_MEASURE_WITH_UNIT(LENGTH_MEASURE(5.E-6),#13043,
'DISTANCE_ACCURACY_VALUE','Maximum Tolerance applied to model');
#13036=UNCERTAINTY_MEASURE_WITH_UNIT(LENGTH_MEASURE(5.E-6),#13043,
'DISTANCE_ACCURACY_VALUE','Maximum Tolerance applied to model');
#13037=UNCERTAINTY_MEASURE_WITH_UNIT(LENGTH_MEASURE(5.E-6),#13043,
'DISTANCE_ACCURACY_VALUE','Maximum Tolerance applied to model');
#13038=UNCERTAINTY_MEASURE_WITH_UNIT(LENGTH_MEASURE(5.E-6),#13043,
'DISTANCE_ACCURACY_VALUE','Maximum Tolerance applied to model');
#13039=UNCERTAINTY_MEASURE_WITH_UNIT(LENGTH_MEASURE(5.E-6),#13043,
'DISTANCE_ACCURACY_VALUE','Maximum Tolerance applied to model');
#13040=UNCERTAINTY_MEASURE_WITH_UNIT(LENGTH_MEASURE(5.E-6),#13043,
'DISTANCE_ACCURACY_VALUE','Maximum Tolerance applied to model');
#13041=(
NAMED_UNIT(*)
SI_UNIT($,.STERADIAN.)
SOLID_ANGLE_UNIT()
);
#13042=(
NAMED_UNIT(*)
PLANE_ANGLE_UNIT()
SI_UNIT($,.RADIAN.)
);
#13043=(
LENGTH_UNIT()
NAMED_UNIT(*)
SI_UNIT($,.METRE.)
);
#13044=PRODUCT_DEFINITION_SHAPE('','',#13158);
#13045=PRODUCT_DEFINITION_SHAPE('','',#13159);
#13046=PRODUCT_DEFINITION_SHAPE('','',#13160);
#13047=PRODUCT_DEFINITION_SHAPE(' ','NAUO PRDDFN',#153);
#13048=PRODUCT_DEFINITION_SHAPE('','',#13161);
#13049=PRODUCT_DEFINITION_SHAPE(' ','NAUO PRDDFN',#154);
#13050=PRODUCT_DEFINITION_SHAPE(' ','NAUO PRDDFN',#155);
#13051=PRODUCT_DEFINITION_SHAPE('','',#13162);
#13052=PRODUCT_DEFINITION_SHAPE(' ','NAUO PRDDFN',#156);
#13053=PRODUCT_DEFINITION_SHAPE('','',#13163);
#13054=PRODUCT_DEFINITION_SHAPE(' ','NAUO PRDDFN',#157);
#13055=PRODUCT_DEFINITION_SHAPE(' ','NAUO PRDDFN',#158);
#13056=PRODUCT_DEFINITION_SHAPE('','',#13164);
#13057=PRODUCT_DEFINITION_SHAPE('','',#13165);
#13058=PRODUCT_DEFINITION_SHAPE(' ','NAUO PRDDFN',#159);
#13059=PRODUCT_DEFINITION_SHAPE('','',#13166);
#13060=PRODUCT_DEFINITION_SHAPE(' ','NAUO PRDDFN',#160);
#13061=PRODUCT_DEFINITION_SHAPE('','',#13167);
#13062=PRODUCT_DEFINITION_SHAPE(' ','NAUO PRDDFN',#161);
#13063=PRODUCT_DEFINITION_SHAPE('','',#13168);
#13064=PRODUCT_DEFINITION_SHAPE(' ','NAUO PRDDFN',#162);
#13065=PRODUCT_DEFINITION_SHAPE(' ','NAUO PRDDFN',#163);
#13066=PRODUCT_DEFINITION_SHAPE('','',#13169);
#13067=PRODUCT_DEFINITION_SHAPE('','',#13170);
#13068=PRODUCT_DEFINITION_SHAPE(' ','NAUO PRDDFN',#164);
#13069=PRODUCT_DEFINITION_SHAPE('','',#13171);
#13070=PRODUCT_DEFINITION_SHAPE(' ','NAUO PRDDFN',#165);
#13071=PRODUCT_DEFINITION_SHAPE('','',#13172);
#13072=PRODUCT_DEFINITION_SHAPE(' ','NAUO PRDDFN',#166);
#13073=PRODUCT_DEFINITION_SHAPE(' ','NAUO PRDDFN',#167);
#13074=PRODUCT_DEFINITION_SHAPE(' ','NAUO PRDDFN',#168);
#13075=PRODUCT_DEFINITION_SHAPE('','',#13173);
#13076=PRODUCT_DEFINITION_SHAPE(' ','NAUO PRDDFN',#169);
#13077=PRODUCT_DEFINITION_SHAPE(' ','NAUO PRDDFN',#170);
#13078=PRODUCT_DEFINITION_SHAPE(' ','NAUO PRDDFN',#171);
#13079=PRODUCT_DEFINITION_SHAPE(' ','NAUO PRDDFN',#172);
#13080=PRODUCT_DEFINITION_SHAPE(' ','NAUO PRDDFN',#173);
#13081=PRODUCT_DEFINITION_SHAPE('','',#13174);
#13082=PRODUCT_DEFINITION_SHAPE(' ','NAUO PRDDFN',#174);
#13083=PRODUCT_DEFINITION_SHAPE(' ','NAUO PRDDFN',#175);
#13084=PRODUCT_DEFINITION_SHAPE(' ','NAUO PRDDFN',#176);
#13085=PRODUCT_DEFINITION_SHAPE(' ','NAUO PRDDFN',#177);
#13086=PRODUCT_DEFINITION_SHAPE(' ','NAUO PRDDFN',#178);
#13087=PRODUCT_DEFINITION_SHAPE('','',#13175);
#13088=PRODUCT_DEFINITION_SHAPE(' ','NAUO PRDDFN',#179);
#13089=PRODUCT_DEFINITION_SHAPE(' ','NAUO PRDDFN',#180);
#13090=PRODUCT_DEFINITION_SHAPE(' ','NAUO PRDDFN',#181);
#13091=PRODUCT_DEFINITION_SHAPE(' ','NAUO PRDDFN',#182);
#13092=PRODUCT_DEFINITION_SHAPE(' ','NAUO PRDDFN',#183);
#13093=PRODUCT_DEFINITION_SHAPE(' ','NAUO PRDDFN',#184);
#13094=PRODUCT_DEFINITION_SHAPE('','',#13176);
#13095=PRODUCT_DEFINITION_SHAPE(' ','NAUO PRDDFN',#185);
#13096=PRODUCT_DEFINITION_SHAPE(' ','NAUO PRDDFN',#186);
#13097=PRODUCT_DEFINITION_SHAPE(' ','NAUO PRDDFN',#187);
#13098=PRODUCT_DEFINITION_SHAPE(' ','NAUO PRDDFN',#188);
#13099=PRODUCT_DEFINITION_SHAPE(' ','NAUO PRDDFN',#189);
#13100=PRODUCT_DEFINITION_SHAPE(' ','NAUO PRDDFN',#190);
#13101=PRODUCT_DEFINITION_SHAPE('','',#13177);
#13102=PRODUCT_DEFINITION_SHAPE(' ','NAUO PRDDFN',#191);
#13103=PRODUCT_DEFINITION_SHAPE(' ','NAUO PRDDFN',#192);
#13104=PRODUCT_DEFINITION_SHAPE(' ','NAUO PRDDFN',#193);
#13105=PRODUCT_DEFINITION_SHAPE(' ','NAUO PRDDFN',#194);
#13106=PRODUCT_DEFINITION_SHAPE(' ','NAUO PRDDFN',#195);
#13107=PRODUCT_DEFINITION_SHAPE('','',#13178);
#13108=PRODUCT_DEFINITION_SHAPE(' ','NAUO PRDDFN',#196);
#13109=PRODUCT_DEFINITION_SHAPE(' ','NAUO PRDDFN',#197);
#13110=PRODUCT_DEFINITION_SHAPE(' ','NAUO PRDDFN',#198);
#13111=PRODUCT_DEFINITION_SHAPE(' ','NAUO PRDDFN',#199);
#13112=PRODUCT_DEFINITION_SHAPE(' ','NAUO PRDDFN',#200);
#13113=PRODUCT_DEFINITION_SHAPE('','',#13179);
#13114=PRODUCT_DEFINITION_SHAPE(' ','NAUO PRDDFN',#201);
#13115=PRODUCT_DEFINITION_SHAPE(' ','NAUO PRDDFN',#202);
#13116=PRODUCT_DEFINITION_SHAPE(' ','NAUO PRDDFN',#203);
#13117=PRODUCT_DEFINITION_SHAPE(' ','NAUO PRDDFN',#204);
#13118=PRODUCT_DEFINITION_SHAPE(' ','NAUO PRDDFN',#205);
#13119=PRODUCT_DEFINITION_SHAPE('','',#13180);
#13120=PRODUCT_DEFINITION_SHAPE(' ','NAUO PRDDFN',#206);
#13121=PRODUCT_DEFINITION_SHAPE(' ','NAUO PRDDFN',#207);
#13122=PRODUCT_DEFINITION_SHAPE(' ','NAUO PRDDFN',#208);
#13123=PRODUCT_DEFINITION_SHAPE(' ','NAUO PRDDFN',#209);
#13124=PRODUCT_DEFINITION_SHAPE(' ','NAUO PRDDFN',#210);
#13125=PRODUCT_DEFINITION_SHAPE('','',#13181);
#13126=PRODUCT_DEFINITION_SHAPE('','',#13182);
#13127=PRODUCT_DEFINITION_SHAPE(' ','NAUO PRDDFN',#211);
#13128=PRODUCT_DEFINITION_SHAPE('','',#13183);
#13129=PRODUCT_DEFINITION_SHAPE(' ','NAUO PRDDFN',#212);
#13130=PRODUCT_DEFINITION_SHAPE(' ','NAUO PRDDFN',#213);
#13131=PRODUCT_DEFINITION_SHAPE('','',#13184);
#13132=PRODUCT_DEFINITION_SHAPE(' ','NAUO PRDDFN',#214);
#13133=PRODUCT_DEFINITION_SHAPE(' ','NAUO PRDDFN',#215);
#13134=PRODUCT_DEFINITION_SHAPE(' ','NAUO PRDDFN',#216);
#13135=PRODUCT_DEFINITION_SHAPE(' ','NAUO PRDDFN',#217);
#13136=PRODUCT_DEFINITION_SHAPE(' ','NAUO PRDDFN',#218);
#13137=PRODUCT_DEFINITION_SHAPE(' ','NAUO PRDDFN',#219);
#13138=PRODUCT_DEFINITION_SHAPE('','',#13185);
#13139=PRODUCT_DEFINITION_SHAPE(' ','NAUO PRDDFN',#220);
#13140=PRODUCT_DEFINITION_SHAPE(' ','NAUO PRDDFN',#221);
#13141=PRODUCT_DEFINITION_SHAPE(' ','NAUO PRDDFN',#222);
#13142=PRODUCT_DEFINITION_SHAPE(' ','NAUO PRDDFN',#223);
#13143=PRODUCT_DEFINITION_SHAPE('','',#13186);
#13144=PRODUCT_DEFINITION_SHAPE(' ','NAUO PRDDFN',#224);
#13145=PRODUCT_DEFINITION_SHAPE(' ','NAUO PRDDFN',#225);
#13146=PRODUCT_DEFINITION_SHAPE(' ','NAUO PRDDFN',#226);
#13147=PRODUCT_DEFINITION_SHAPE(' ','NAUO PRDDFN',#227);
#13148=PRODUCT_DEFINITION_SHAPE(' ','NAUO PRDDFN',#228);
#13149=PRODUCT_DEFINITION_SHAPE(' ','NAUO PRDDFN',#229);
#13150=PRODUCT_DEFINITION_SHAPE(' ','NAUO PRDDFN',#230);
#13151=PRODUCT_DEFINITION_SHAPE('','',#13187);
#13152=PRODUCT_DEFINITION_SHAPE(' ','NAUO PRDDFN',#231);
#13153=PRODUCT_DEFINITION_SHAPE(' ','NAUO PRDDFN',#232);
#13154=PRODUCT_DEFINITION_SHAPE(' ','NAUO PRDDFN',#233);
#13155=PRODUCT_DEFINITION_SHAPE(' ','NAUO PRDDFN',#234);
#13156=PRODUCT_DEFINITION_SHAPE(' ','NAUO PRDDFN',#235);
#13157=PRODUCT_DEFINITION_SHAPE(' ','NAUO PRDDFN',#236);
#13158=PRODUCT_DEFINITION('','',#13218,#13188);
#13159=PRODUCT_DEFINITION('','',#13219,#13189);
#13160=PRODUCT_DEFINITION('','',#13220,#13190);
#13161=PRODUCT_DEFINITION('','',#13221,#13191);
#13162=PRODUCT_DEFINITION('','',#13222,#13192);
#13163=PRODUCT_DEFINITION('','',#13223,#13193);
#13164=PRODUCT_DEFINITION('','',#13224,#13194);
#13165=PRODUCT_DEFINITION('','',#13225,#13195);
#13166=PRODUCT_DEFINITION('','',#13226,#13196);
#13167=PRODUCT_DEFINITION('','',#13227,#13197);
#13168=PRODUCT_DEFINITION('','',#13228,#13198);
#13169=PRODUCT_DEFINITION('','',#13229,#13199);
#13170=PRODUCT_DEFINITION('','',#13230,#13200);
#13171=PRODUCT_DEFINITION('','',#13231,#13201);
#13172=PRODUCT_DEFINITION('','',#13232,#13202);
#13173=PRODUCT_DEFINITION('','',#13233,#13203);
#13174=PRODUCT_DEFINITION('','',#13234,#13204);
#13175=PRODUCT_DEFINITION('','',#13235,#13205);
#13176=PRODUCT_DEFINITION('','',#13236,#13206);
#13177=PRODUCT_DEFINITION('','',#13237,#13207);
#13178=PRODUCT_DEFINITION('','',#13238,#13208);
#13179=PRODUCT_DEFINITION('','',#13239,#13209);
#13180=PRODUCT_DEFINITION('','',#13240,#13210);
#13181=PRODUCT_DEFINITION('','',#13241,#13211);
#13182=PRODUCT_DEFINITION('','',#13242,#13212);
#13183=PRODUCT_DEFINITION('','',#13243,#13213);
#13184=PRODUCT_DEFINITION('','',#13244,#13214);
#13185=PRODUCT_DEFINITION('','',#13245,#13215);
#13186=PRODUCT_DEFINITION('','',#13246,#13216);
#13187=PRODUCT_DEFINITION('','',#13247,#13217);
#13188=PRODUCT_DEFINITION_CONTEXT('',#13369,'design');
#13189=PRODUCT_DEFINITION_CONTEXT('',#13369,'design');
#13190=PRODUCT_DEFINITION_CONTEXT('',#13369,'design');
#13191=PRODUCT_DEFINITION_CONTEXT('',#13369,'design');
#13192=PRODUCT_DEFINITION_CONTEXT('',#13369,'design');
#13193=PRODUCT_DEFINITION_CONTEXT('',#13369,'design');
#13194=PRODUCT_DEFINITION_CONTEXT('',#13369,'design');
#13195=PRODUCT_DEFINITION_CONTEXT('',#13369,'design');
#13196=PRODUCT_DEFINITION_CONTEXT('',#13369,'design');
#13197=PRODUCT_DEFINITION_CONTEXT('',#13369,'design');
#13198=PRODUCT_DEFINITION_CONTEXT('',#13369,'design');
#13199=PRODUCT_DEFINITION_CONTEXT('',#13369,'design');
#13200=PRODUCT_DEFINITION_CONTEXT('',#13369,'design');
#13201=PRODUCT_DEFINITION_CONTEXT('',#13369,'design');
#13202=PRODUCT_DEFINITION_CONTEXT('',#13369,'design');
#13203=PRODUCT_DEFINITION_CONTEXT('',#13369,'design');
#13204=PRODUCT_DEFINITION_CONTEXT('',#13369,'design');
#13205=PRODUCT_DEFINITION_CONTEXT('',#13369,'design');
#13206=PRODUCT_DEFINITION_CONTEXT('',#13369,'design');
#13207=PRODUCT_DEFINITION_CONTEXT('',#13369,'design');
#13208=PRODUCT_DEFINITION_CONTEXT('',#13369,'design');
#13209=PRODUCT_DEFINITION_CONTEXT('',#13369,'design');
#13210=PRODUCT_DEFINITION_CONTEXT('',#13369,'design');
#13211=PRODUCT_DEFINITION_CONTEXT('',#13369,'design');
#13212=PRODUCT_DEFINITION_CONTEXT('',#13369,'design');
#13213=PRODUCT_DEFINITION_CONTEXT('',#13369,'design');
#13214=PRODUCT_DEFINITION_CONTEXT('',#13369,'design');
#13215=PRODUCT_DEFINITION_CONTEXT('',#13369,'design');
#13216=PRODUCT_DEFINITION_CONTEXT('',#13369,'design');
#13217=PRODUCT_DEFINITION_CONTEXT('',#13369,'design');
#13218=PRODUCT_DEFINITION_FORMATION_WITH_SPECIFIED_SOURCE('','',#13278,
 .NOT_KNOWN.);
#13219=PRODUCT_DEFINITION_FORMATION_WITH_SPECIFIED_SOURCE('','',#13279,
 .NOT_KNOWN.);
#13220=PRODUCT_DEFINITION_FORMATION_WITH_SPECIFIED_SOURCE('','',#13280,
 .NOT_KNOWN.);
#13221=PRODUCT_DEFINITION_FORMATION_WITH_SPECIFIED_SOURCE('','',#13281,
 .NOT_KNOWN.);
#13222=PRODUCT_DEFINITION_FORMATION_WITH_SPECIFIED_SOURCE('','',#13282,
 .NOT_KNOWN.);
#13223=PRODUCT_DEFINITION_FORMATION_WITH_SPECIFIED_SOURCE('','',#13283,
 .NOT_KNOWN.);
#13224=PRODUCT_DEFINITION_FORMATION_WITH_SPECIFIED_SOURCE('','',#13284,
 .NOT_KNOWN.);
#13225=PRODUCT_DEFINITION_FORMATION_WITH_SPECIFIED_SOURCE('','',#13285,
 .NOT_KNOWN.);
#13226=PRODUCT_DEFINITION_FORMATION_WITH_SPECIFIED_SOURCE('','',#13286,
 .NOT_KNOWN.);
#13227=PRODUCT_DEFINITION_FORMATION_WITH_SPECIFIED_SOURCE('','',#13287,
 .NOT_KNOWN.);
#13228=PRODUCT_DEFINITION_FORMATION_WITH_SPECIFIED_SOURCE('','',#13288,
 .NOT_KNOWN.);
#13229=PRODUCT_DEFINITION_FORMATION_WITH_SPECIFIED_SOURCE('','',#13289,
 .NOT_KNOWN.);
#13230=PRODUCT_DEFINITION_FORMATION_WITH_SPECIFIED_SOURCE('','',#13290,
 .NOT_KNOWN.);
#13231=PRODUCT_DEFINITION_FORMATION_WITH_SPECIFIED_SOURCE('','',#13291,
 .NOT_KNOWN.);
#13232=PRODUCT_DEFINITION_FORMATION_WITH_SPECIFIED_SOURCE('','',#13292,
 .NOT_KNOWN.);
#13233=PRODUCT_DEFINITION_FORMATION_WITH_SPECIFIED_SOURCE('','',#13293,
 .NOT_KNOWN.);
#13234=PRODUCT_DEFINITION_FORMATION_WITH_SPECIFIED_SOURCE('','',#13294,
 .NOT_KNOWN.);
#13235=PRODUCT_DEFINITION_FORMATION_WITH_SPECIFIED_SOURCE('','',#13295,
 .NOT_KNOWN.);
#13236=PRODUCT_DEFINITION_FORMATION_WITH_SPECIFIED_SOURCE('','',#13296,
 .NOT_KNOWN.);
#13237=PRODUCT_DEFINITION_FORMATION_WITH_SPECIFIED_SOURCE('','',#13297,
 .NOT_KNOWN.);
#13238=PRODUCT_DEFINITION_FORMATION_WITH_SPECIFIED_SOURCE('','',#13298,
 .NOT_KNOWN.);
#13239=PRODUCT_DEFINITION_FORMATION_WITH_SPECIFIED_SOURCE('','',#13299,
 .NOT_KNOWN.);
#13240=PRODUCT_DEFINITION_FORMATION_WITH_SPECIFIED_SOURCE('','',#13300,
 .NOT_KNOWN.);
#13241=PRODUCT_DEFINITION_FORMATION_WITH_SPECIFIED_SOURCE('','',#13301,
 .NOT_KNOWN.);
#13242=PRODUCT_DEFINITION_FORMATION_WITH_SPECIFIED_SOURCE('','',#13302,
 .NOT_KNOWN.);
#13243=PRODUCT_DEFINITION_FORMATION_WITH_SPECIFIED_SOURCE('','',#13303,
 .NOT_KNOWN.);
#13244=PRODUCT_DEFINITION_FORMATION_WITH_SPECIFIED_SOURCE('','',#13304,
 .NOT_KNOWN.);
#13245=PRODUCT_DEFINITION_FORMATION_WITH_SPECIFIED_SOURCE('','',#13305,
 .NOT_KNOWN.);
#13246=PRODUCT_DEFINITION_FORMATION_WITH_SPECIFIED_SOURCE('','',#13306,
 .NOT_KNOWN.);
#13247=PRODUCT_DEFINITION_FORMATION_WITH_SPECIFIED_SOURCE('','',#13307,
 .NOT_KNOWN.);
#13248=PRODUCT_RELATED_PRODUCT_CATEGORY('','',(#13278));
#13249=PRODUCT_RELATED_PRODUCT_CATEGORY('','',(#13279));
#13250=PRODUCT_RELATED_PRODUCT_CATEGORY('','',(#13280));
#13251=PRODUCT_RELATED_PRODUCT_CATEGORY('','',(#13281));
#13252=PRODUCT_RELATED_PRODUCT_CATEGORY('','',(#13282));
#13253=PRODUCT_RELATED_PRODUCT_CATEGORY('','',(#13283));
#13254=PRODUCT_RELATED_PRODUCT_CATEGORY('','',(#13284));
#13255=PRODUCT_RELATED_PRODUCT_CATEGORY('','',(#13285));
#13256=PRODUCT_RELATED_PRODUCT_CATEGORY('','',(#13286));
#13257=PRODUCT_RELATED_PRODUCT_CATEGORY('','',(#13287));
#13258=PRODUCT_RELATED_PRODUCT_CATEGORY('','',(#13288));
#13259=PRODUCT_RELATED_PRODUCT_CATEGORY('','',(#13289));
#13260=PRODUCT_RELATED_PRODUCT_CATEGORY('','',(#13290));
#13261=PRODUCT_RELATED_PRODUCT_CATEGORY('','',(#13291));
#13262=PRODUCT_RELATED_PRODUCT_CATEGORY('','',(#13292));
#13263=PRODUCT_RELATED_PRODUCT_CATEGORY('','',(#13293));
#13264=PRODUCT_RELATED_PRODUCT_CATEGORY('','',(#13294));
#13265=PRODUCT_RELATED_PRODUCT_CATEGORY('','',(#13295));
#13266=PRODUCT_RELATED_PRODUCT_CATEGORY('','',(#13296));
#13267=PRODUCT_RELATED_PRODUCT_CATEGORY('','',(#13297));
#13268=PRODUCT_RELATED_PRODUCT_CATEGORY('','',(#13298));
#13269=PRODUCT_RELATED_PRODUCT_CATEGORY('','',(#13299));
#13270=PRODUCT_RELATED_PRODUCT_CATEGORY('','',(#13300));
#13271=PRODUCT_RELATED_PRODUCT_CATEGORY('','',(#13301));
#13272=PRODUCT_RELATED_PRODUCT_CATEGORY('','',(#13302));
#13273=PRODUCT_RELATED_PRODUCT_CATEGORY('','',(#13303));
#13274=PRODUCT_RELATED_PRODUCT_CATEGORY('','',(#13304));
#13275=PRODUCT_RELATED_PRODUCT_CATEGORY('','',(#13305));
#13276=PRODUCT_RELATED_PRODUCT_CATEGORY('','',(#13306));
#13277=PRODUCT_RELATED_PRODUCT_CATEGORY('','',(#13307));
#13278=PRODUCT('Main','Main','Main',(#13338));
#13279=PRODUCT('Upper Leg <1>','Upper Leg <1>','Upper Leg <1>',(#13339));
#13280=PRODUCT('Wire Clamp - Upper Leg - Top',
'Wire Clamp - Upper Leg - Top','Wire Clamp - Upper Leg - Top',(#13340));
#13281=PRODUCT('Upper Leg','Upper Leg','Upper Leg',(#13341));
#13282=PRODUCT('MG4010E-i10v3','MG4010E-i10v3','MG4010E-i10v3',(#13342));
#13283=PRODUCT('Accent','Accent','Accent',(#13343));
#13284=PRODUCT('Lower Leg <4>','Lower Leg <4>','Lower Leg <4>',(#13344));
#13285=PRODUCT('Lower Leg - Leg Inteface','Lower Leg - Leg Inteface',
'Lower Leg - Leg Inteface',(#13345));
#13286=PRODUCT('Foot - Ball','Foot - Ball','Foot - Ball',(#13346));
#13287=PRODUCT('Part 1','Part 1','Part 1',(#13347));
#13288=PRODUCT('Leg Accent','Leg Accent','Leg Accent',(#13348));
#13289=PRODUCT('Hip <2>','Hip <2>','Hip <2>',(#13349));
#13290=PRODUCT('Hip Motor Bracket - Base','Hip Motor Bracket - Base',
'Hip Motor Bracket - Base',(#13350));
#13291=PRODUCT('Hip Motor Bracket - Riser','Hip Motor Bracket - Riser',
'Hip Motor Bracket - Riser',(#13351));
#13292=PRODUCT('Hip Wire Clip','Hip Wire Clip','Hip Wire Clip',(#13352));
#13293=PRODUCT('Lower Leg <1>','Lower Leg <1>','Lower Leg <1>',(#13353));
#13294=PRODUCT('Hip <4>','Hip <4>','Hip <4>',(#13354));
#13295=PRODUCT('Upper Leg <2>','Upper Leg <2>','Upper Leg <2>',(#13355));
#13296=PRODUCT('Upper Leg <3>','Upper Leg <3>','Upper Leg <3>',(#13356));
#13297=PRODUCT('Hip <1>','Hip <1>','Hip <1>',(#13357));
#13298=PRODUCT('Lower Leg <2>','Lower Leg <2>','Lower Leg <2>',(#13358));
#13299=PRODUCT('Lower Leg <3>','Lower Leg <3>','Lower Leg <3>',(#13359));
#13300=PRODUCT('Hip <3>','Hip <3>','Hip <3>',(#13360));
#13301=PRODUCT('Body <1>','Body <1>','Body <1>',(#13361));
#13302=PRODUCT('Hip Plate','Hip Plate','Hip Plate',(#13362));
#13303=PRODUCT('PCB to Tube Clip','PCB to Tube Clip','PCB to Tube Clip',
(#13363));
#13304=PRODUCT('Carbon Fiber Tube 12mm OD 10mm ID',
'Carbon Fiber Tube 12mm OD 10mm ID','Carbon Fiber Tube 12mm OD 10mm ID',
(#13364));
#13305=PRODUCT('Splitloom Clip','Splitloom Clip','Splitloom Clip',(#13365));
#13306=PRODUCT('PCB Footprint','PCB Footprint','PCB Footprint',(#13366));
#13307=PRODUCT('Upper Leg <4>','Upper Leg <4>','Upper Leg <4>',(#13367));
#13308=PRODUCT_CATEGORY('','');
#13309=PRODUCT_CATEGORY('','');
#13310=PRODUCT_CATEGORY('','');
#13311=PRODUCT_CATEGORY('','');
#13312=PRODUCT_CATEGORY('','');
#13313=PRODUCT_CATEGORY('','');
#13314=PRODUCT_CATEGORY('','');
#13315=PRODUCT_CATEGORY('','');
#13316=PRODUCT_CATEGORY('','');
#13317=PRODUCT_CATEGORY('','');
#13318=PRODUCT_CATEGORY('','');
#13319=PRODUCT_CATEGORY('','');
#13320=PRODUCT_CATEGORY('','');
#13321=PRODUCT_CATEGORY('','');
#13322=PRODUCT_CATEGORY('','');
#13323=PRODUCT_CATEGORY('','');
#13324=PRODUCT_CATEGORY('','');
#13325=PRODUCT_CATEGORY('','');
#13326=PRODUCT_CATEGORY('','');
#13327=PRODUCT_CATEGORY('','');
#13328=PRODUCT_CATEGORY('','');
#13329=PRODUCT_CATEGORY('','');
#13330=PRODUCT_CATEGORY('','');
#13331=PRODUCT_CATEGORY('','');
#13332=PRODUCT_CATEGORY('','');
#13333=PRODUCT_CATEGORY('','');
#13334=PRODUCT_CATEGORY('','');
#13335=PRODUCT_CATEGORY('','');
#13336=PRODUCT_CATEGORY('','');
#13337=PRODUCT_CATEGORY('','');
#13338=PRODUCT_CONTEXT('',#13369,'mechanical');
#13339=PRODUCT_CONTEXT('',#13369,'mechanical');
#13340=PRODUCT_CONTEXT('',#13369,'mechanical');
#13341=PRODUCT_CONTEXT('',#13369,'mechanical');
#13342=PRODUCT_CONTEXT('',#13369,'mechanical');
#13343=PRODUCT_CONTEXT('',#13369,'mechanical');
#13344=PRODUCT_CONTEXT('',#13369,'mechanical');
#13345=PRODUCT_CONTEXT('',#13369,'mechanical');
#13346=PRODUCT_CONTEXT('',#13369,'mechanical');
#13347=PRODUCT_CONTEXT('',#13369,'mechanical');
#13348=PRODUCT_CONTEXT('',#13369,'mechanical');
#13349=PRODUCT_CONTEXT('',#13369,'mechanical');
#13350=PRODUCT_CONTEXT('',#13369,'mechanical');
#13351=PRODUCT_CONTEXT('',#13369,'mechanical');
#13352=PRODUCT_CONTEXT('',#13369,'mechanical');
#13353=PRODUCT_CONTEXT('',#13369,'mechanical');
#13354=PRODUCT_CONTEXT('',#13369,'mechanical');
#13355=PRODUCT_CONTEXT('',#13369,'mechanical');
#13356=PRODUCT_CONTEXT('',#13369,'mechanical');
#13357=PRODUCT_CONTEXT('',#13369,'mechanical');
#13358=PRODUCT_CONTEXT('',#13369,'mechanical');
#13359=PRODUCT_CONTEXT('',#13369,'mechanical');
#13360=PRODUCT_CONTEXT('',#13369,'mechanical');
#13361=PRODUCT_CONTEXT('',#13369,'mechanical');
#13362=PRODUCT_CONTEXT('',#13369,'mechanical');
#13363=PRODUCT_CONTEXT('',#13369,'mechanical');
#13364=PRODUCT_CONTEXT('',#13369,'mechanical');
#13365=PRODUCT_CONTEXT('',#13369,'mechanical');
#13366=PRODUCT_CONTEXT('',#13369,'mechanical');
#13367=PRODUCT_CONTEXT('',#13369,'mechanical');
#13368=APPLICATION_PROTOCOL_DEFINITION('international standard',
'ap242_managed_model_based_3d_engineering',2011,#13369);
#13369=APPLICATION_CONTEXT('managed model based 3d engineering');
ENDSEC;
END-ISO-10303-21;
